"year","BB","HBP","SO","X1B","X2B","X3B","HR","Outs","total_pas","ba","obp","slg","ops","woba","batter"
2021,7,1,41,28,9,0,5,135,185,0.237,0.27,0.373,0.643,0.278,643289
2021,79,6,110,110,29,1,48,418,691,0.31,0.395,0.599,0.994,0.419,665489
2021,5,0,42,13,2,0,2,83,105,0.17,0.21,0.25,0.46,0.204,592444
2021,9,0,55,35,10,4,5,158,221,0.255,0.285,0.41,0.695,0.297,622682
2021,25,8,67,46,16,2,13,298,408,0.205,0.27,0.363,0.633,0.276,544369
2021,56,8,171,46,23,0,31,410,574,0.196,0.286,0.424,0.71,0.306,553993
2021,35,3,80,43,21,0,7,242,351,0.227,0.311,0.361,0.672,0.297,452678
2021,14,2,46,39,13,0,7,175,250,0.252,0.3,0.397,0.697,0.302,647304
2021,61,12,99,99,22,0,27,392,613,0.274,0.361,0.465,0.826,0.358,457759
2021,50,5,105,87,30,3,24,344,543,0.295,0.366,0.516,0.882,0.377,543063
2021,15,2,30,14,3,0,4,89,127,0.191,0.299,0.327,0.626,0.283,543305
2021,43,3,92,80,30,8,8,363,535,0.258,0.321,0.401,0.722,0.314,444482
2021,9,0,38,18,5,0,8,123,163,0.201,0.245,0.39,0.635,0.272,467092
2021,52,0,141,70,24,2,17,333,498,0.253,0.331,0.43,0.761,0.33,571976
2021,40,2,150,56,18,2,30,316,464,0.251,0.319,0.517,0.836,0.354,614177
2021,41,4,112,35,11,2,12,274,379,0.18,0.277,0.332,0.609,0.272,664238
2021,31,2,111,72,15,0,7,290,417,0.245,0.305,0.339,0.644,0.285,664761
2021,47,5,99,97,28,0,12,375,564,0.268,0.335,0.393,0.728,0.32,543333
2021,35,7,149,102,29,0,32,390,595,0.295,0.345,0.521,0.866,0.368,606192
2021,40,6,137,131,30,1,29,453,690,0.297,0.343,0.481,0.824,0.354,666182
2021,51,1,87,79,23,0,18,277,449,0.302,0.383,0.496,0.879,0.379,457763
2021,71,4,127,59,23,1,36,333,527,0.263,0.368,0.558,0.926,0.391,458015
2021,53,2,103,96,31,2,28,419,631,0.273,0.336,0.479,0.815,0.349,592518
2021,37,4,106,64,23,1,10,305,444,0.243,0.313,0.38,0.693,0.304,572233
2021,24,3,68,24,11,0,9,179,250,0.197,0.284,0.368,0.652,0.286,543768
2021,13,5,61,57,22,1,13,184,295,0.336,0.376,0.563,0.939,0.399,673357
2021,76,4,190,58,26,8,46,402,620,0.256,0.352,0.589,0.941,0.393,660271
2021,46,5,66,67,22,3,16,248,407,0.303,0.391,0.517,0.908,0.389,608369
2021,18,3,75,10,7,0,8,133,179,0.158,0.257,0.354,0.611,0.269,666211
2021,15,0,45,25,5,2,3,131,181,0.211,0.276,0.319,0.595,0.264,608577
2021,73,3,158,95,24,0,39,397,631,0.285,0.371,0.539,0.91,0.387,592450
2021,37,1,80,38,10,1,7,201,295,0.218,0.319,0.346,0.665,0.298,624415
2021,34,11,121,74,18,0,29,345,511,0.26,0.325,0.485,0.81,0.347,541645
2021,41,3,56,67,16,1,18,290,436,0.26,0.335,0.444,0.779,0.337,527038
2021,43,11,130,79,25,4,17,354,533,0.261,0.336,0.436,0.772,0.335,592663
2021,71,4,94,125,24,1,10,442,677,0.266,0.347,0.359,0.706,0.315,518934
2021,41,4,97,80,22,4,5,318,474,0.259,0.329,0.364,0.693,0.306,544725
2021,27,1,62,62,19,3,14,288,414,0.254,0.304,0.427,0.731,0.315,592696
2021,11,2,25,9,0,0,4,60,86,0.178,0.302,0.342,0.644,0.291,467055
2021,30,1,61,132,27,3,2,470,665,0.259,0.293,0.32,0.613,0.27,664058
2021,32,3,65,20,9,0,5,149,218,0.186,0.317,0.317,0.634,0.289,640449
2021,88,3,82,35,9,0,23,218,376,0.235,0.42,0.509,0.929,0.402,518735
2021,68,3,146,87,39,2,45,482,726,0.264,0.336,0.536,0.872,0.369,543760
2021,62,7,87,74,32,5,36,410,626,0.264,0.345,0.533,0.878,0.372,608070
2021,56,2,154,62,31,0,42,348,541,0.28,0.357,0.605,0.962,0.402,665487
2021,37,6,133,120,30,1,22,458,674,0.274,0.32,0.429,0.749,0.324,570731
2021,66,3,85,85,20,1,13,350,538,0.254,0.349,0.384,0.733,0.325,650490
2021,65,3,113,69,19,2,9,303,470,0.246,0.355,0.371,0.726,0.325,592885
2021,86,5,135,73,42,1,35,344,586,0.305,0.413,0.606,1.019,0.429,547180
2021,6,1,31,9,3,0,2,83,104,0.144,0.202,0.237,0.439,0.197,657108
2021,36,7,121,91,38,1,34,373,580,0.305,0.357,0.57,0.927,0.391,592206
2021,77,27,128,77,22,4,17,401,625,0.23,0.358,0.386,0.744,0.333,592192
2021,45,7,103,44,14,2,29,237,378,0.273,0.373,0.595,0.968,0.406,474832
2021,65,9,167,62,31,0,39,406,612,0.245,0.337,0.52,0.857,0.364,664040
2021,2,1,25,3,3,0,1,58,68,0.108,0.147,0.2,0.347,0.154,665506
2021,28,2,60,64,29,1,14,233,371,0.317,0.372,0.531,0.903,0.385,606466
2021,31,1,68,36,17,0,13,189,287,0.259,0.341,0.478,0.819,0.352,446334
2021,57,5,135,88,21,2,21,441,635,0.23,0.306,0.384,0.69,0.302,514917
2021,17,3,44,17,13,0,11,144,205,0.222,0.298,0.47,0.768,0.327,643376
2021,14,7,77,15,9,1,4,147,197,0.165,0.254,0.295,0.549,0.247,669374
2021,5,0,13,2,1,0,1,30,39,0.118,0.231,0.235,0.466,0.217,457803
2021,66,11,86,68,29,3,23,348,548,0.261,0.365,0.482,0.847,0.365,605141
2021,49,5,108,40,29,0,27,295,445,0.246,0.337,0.527,0.864,0.366,656555
2021,83,10,157,89,33,1,14,385,615,0.262,0.374,0.41,0.784,0.347,660162
2021,57,4,161,63,29,1,35,479,668,0.211,0.283,0.435,0.718,0.308,572122
2021,76,4,128,68,24,2,15,370,559,0.228,0.338,0.38,0.718,0.319,502054
2021,24,7,58,62,17,0,7,226,343,0.276,0.341,0.397,0.738,0.325,456781
2021,52,9,75,72,32,1,24,294,484,0.305,0.393,0.556,0.949,0.403,608385
2021,12,3,62,21,6,1,3,134,180,0.188,0.256,0.291,0.547,0.244,595909
2021,58,22,143,86,30,2,30,428,656,0.257,0.348,0.472,0.82,0.354,547989
2021,50,12,168,112,33,1,33,419,660,0.299,0.365,0.523,0.888,0.38,663586
2021,30,6,81,91,25,2,3,383,540,0.24,0.291,0.315,0.606,0.269,462101
2021,58,0,141,82,32,3,11,364,550,0.26,0.338,0.404,0.742,0.325,668942
2021,1,0,6,5,0,0,0,15,21,0.25,0.286,0.25,0.536,0.242,451594
2021,9,1,29,3,1,0,0,38,52,0.095,0.269,0.119,0.388,0.208,518516
2021,79,4,132,55,24,1,27,382,572,0.219,0.332,0.438,0.77,0.335,457705
2021,40,5,118,90,16,0,15,360,526,0.252,0.316,0.378,0.694,0.305,408234
2021,48,5,167,84,33,2,27,450,649,0.245,0.307,0.443,0.75,0.322,621020
2021,38,1,70,99,26,2,6,359,531,0.27,0.324,0.368,0.692,0.304,606132
2021,24,3,68,62,18,5,6,246,364,0.27,0.324,0.407,0.731,0.317,572816
2021,45,27,106,115,32,1,18,411,649,0.288,0.367,0.44,0.807,0.353,664034
2021,30,13,83,73,32,2,14,327,491,0.27,0.334,0.444,0.778,0.337,543939
2021,21,2,60,69,12,2,2,223,331,0.276,0.326,0.347,0.673,0.298,602074
2021,16,2,62,29,16,1,6,163,233,0.242,0.3,0.409,0.709,0.307,640461
2021,52,14,170,90,32,3,20,389,600,0.272,0.352,0.455,0.807,0.35,668227
2021,6,0,29,5,2,0,0,50,63,0.123,0.206,0.158,0.364,0.175,605400
2021,1,0,11,8,0,0,0,30,39,0.211,0.231,0.211,0.442,0.198,477132
2021,31,3,118,68,21,6,11,352,492,0.231,0.285,0.376,0.661,0.286,641658
2021,40,12,114,45,23,0,17,311,448,0.215,0.306,0.402,0.708,0.309,669221
2021,29,3,114,75,25,1,22,392,547,0.239,0.283,0.419,0.702,0.302,545341
2021,22,8,109,61,15,6,9,328,449,0.217,0.269,0.346,0.615,0.269,650489
2021,49,5,121,41,13,1,23,305,437,0.204,0.302,0.423,0.725,0.314,596142
2021,56,6,122,62,29,3,27,405,588,0.23,0.311,0.451,0.762,0.327,640457
2021,23,7,71,33,10,2,6,208,289,0.197,0.28,0.32,0.6,0.268,594809
2021,28,8,102,43,11,1,13,216,320,0.239,0.325,0.423,0.748,0.326,545358
2021,11,0,50,41,6,1,0,162,221,0.229,0.267,0.267,0.534,0.238,642423
2021,19,4,65,45,14,2,11,226,321,0.242,0.296,0.413,0.709,0.306,642133
2021,0,1,25,3,2,0,0,49,55,0.093,0.109,0.13,0.239,0.106,506433
2021,41,6,76,69,21,0,10,256,403,0.281,0.365,0.424,0.789,0.346,663886
2021,42,3,96,80,34,3,34,449,645,0.252,0.304,0.488,0.792,0.336,571448
2021,31,2,102,87,28,2,21,369,540,0.272,0.317,0.46,0.777,0.332,666971
2021,64,4,135,90,42,3,16,406,625,0.271,0.35,0.443,0.793,0.344,600869
2021,28,2,57,14,8,0,11,130,193,0.202,0.326,0.454,0.78,0.338,656669
2021,38,5,74,89,30,3,9,366,540,0.264,0.322,0.39,0.712,0.311,500743
2021,49,9,131,49,28,3,25,367,530,0.222,0.308,0.453,0.761,0.327,573262
2021,26,0,56,27,6,1,7,171,238,0.193,0.282,0.33,0.612,0.272,519390
2021,0,0,4,3,1,0,0,17,21,0.19,0.19,0.238,0.428,0.185,656514
2021,6,0,15,6,4,3,1,29,49,0.326,0.408,0.628,1.036,0.431,572008
2021,21,1,119,115,29,2,17,365,550,0.309,0.336,0.468,0.804,0.345,641313
2021,18,2,53,25,14,0,7,164,230,0.219,0.287,0.386,0.673,0.293,518595
2021,41,2,49,101,17,6,2,309,478,0.29,0.354,0.37,0.724,0.32,650333
2021,29,2,60,46,18,1,18,256,370,0.245,0.308,0.463,0.771,0.33,553869
2021,28,4,83,55,9,0,7,247,350,0.223,0.294,0.318,0.612,0.274,605170
2021,41,4,106,91,27,4,11,366,544,0.267,0.327,0.403,0.73,0.318,656976
2021,19,4,56,29,8,0,6,158,224,0.214,0.295,0.343,0.638,0.284,605131
2021,28,8,100,58,21,0,7,265,387,0.245,0.315,0.365,0.68,0.3,571466
2021,53,9,170,93,23,2,39,472,691,0.25,0.317,0.479,0.796,0.34,571745
2021,21,6,75,93,27,2,9,353,511,0.271,0.309,0.39,0.699,0.304,578428
2021,49,2,109,70,28,0,14,350,513,0.242,0.318,0.394,0.712,0.311,476704
2021,95,8,155,84,23,3,23,432,668,0.235,0.353,0.409,0.762,0.337,543257
2021,29,1,73,29,12,1,8,183,263,0.215,0.304,0.378,0.682,0.3,660294
2021,20,1,109,78,18,2,14,309,442,0.266,0.301,0.418,0.719,0.309,570482
2021,31,1,79,28,11,3,9,216,299,0.191,0.278,0.356,0.634,0.278,641856
2021,57,13,117,72,31,1,28,342,544,0.278,0.371,0.525,0.896,0.383,543068
2021,11,3,17,45,10,4,2,140,215,0.303,0.349,0.423,0.772,0.335,663611
2021,11,5,99,52,15,1,4,223,311,0.244,0.283,0.342,0.625,0.274,595751
2021,48,6,66,57,17,2,4,277,411,0.224,0.326,0.317,0.643,0.292,595777
2021,48,1,92,79,37,3,30,364,562,0.29,0.352,0.55,0.902,0.381,663656
2021,38,9,78,105,27,3,14,370,566,0.287,0.346,0.432,0.778,0.338,516416
2021,11,5,46,45,3,0,17,213,294,0.234,0.276,0.428,0.704,0.301,405395
2021,19,1,46,27,6,0,7,148,208,0.213,0.288,0.356,0.644,0.284,542303
2021,65,4,136,108,36,2,31,431,677,0.291,0.363,0.51,0.873,0.374,502671
2021,26,4,84,41,12,1,12,208,304,0.241,0.316,0.423,0.739,0.321,596103
2021,47,1,124,80,26,5,28,411,598,0.253,0.313,0.471,0.784,0.334,500871
2021,11,7,54,26,10,0,5,151,210,0.214,0.281,0.344,0.625,0.276,665926
2021,18,2,58,30,11,1,10,180,252,0.224,0.286,0.409,0.695,0.3,519048
2021,53,11,92,97,25,4,13,379,582,0.268,0.349,0.407,0.756,0.332,453568
2021,49,1,105,88,22,0,9,347,516,0.255,0.328,0.361,0.689,0.305,650402
2021,38,6,95,113,41,3,11,479,691,0.26,0.307,0.383,0.69,0.301,669242
2021,73,23,141,86,34,2,21,394,633,0.266,0.378,0.454,0.832,0.364,663697
2021,40,1,109,38,12,0,17,256,364,0.207,0.297,0.402,0.699,0.304,457708
2021,0,0,1,1,0,0,0,3,4,0.25,0.25,0.25,0.5,0.22,628317
2021,33,1,69,24,13,0,4,155,230,0.209,0.326,0.337,0.663,0.299,641470
2021,34,4,145,73,20,4,18,354,507,0.245,0.302,0.42,0.722,0.311,665862
2021,33,3,62,77,12,0,3,324,452,0.221,0.283,0.272,0.555,0.251,592743
2021,60,10,119,73,25,1,23,375,567,0.245,0.339,0.439,0.778,0.338,649966
2021,38,3,83,58,12,4,7,256,378,0.24,0.323,0.362,0.685,0.303,666158
2021,57,5,114,123,37,0,9,455,686,0.271,0.337,0.373,0.71,0.314,641487
2021,49,10,95,90,33,7,21,427,637,0.261,0.33,0.452,0.782,0.336,630105
2021,49,2,85,63,20,1,8,284,427,0.245,0.335,0.367,0.702,0.312,607732
2021,0,0,2,0,0,0,0,2,2,0,0,0,0,0,607192
2021,52,11,139,69,34,5,24,399,594,0.249,0.328,0.467,0.795,0.341,596115
2021,70,8,107,122,25,2,31,422,680,0.299,0.379,0.502,0.881,0.379,518692
2021,25,5,65,42,9,0,7,175,263,0.249,0.335,0.378,0.713,0.316,605119
2021,40,8,117,62,19,3,18,332,482,0.235,0.311,0.417,0.728,0.316,592626
2021,40,4,53,65,17,0,12,258,396,0.267,0.348,0.418,0.766,0.336,608324
2021,40,7,85,73,20,0,11,294,445,0.261,0.339,0.394,0.733,0.323,553882
2021,27,1,41,33,13,0,6,167,247,0.237,0.324,0.379,0.703,0.31,543685
2021,40,2,102,37,8,0,11,227,325,0.198,0.302,0.343,0.645,0.288,608596
2021,31,3,71,25,15,0,13,156,243,0.254,0.358,0.512,0.87,0.372,641598
2021,26,2,48,45,13,0,8,192,286,0.256,0.329,0.399,0.728,0.319,456715
2021,32,5,53,106,29,3,8,324,507,0.311,0.361,0.436,0.797,0.347,488726
2021,63,3,157,85,19,0,35,374,579,0.271,0.354,0.513,0.867,0.37,519317
2021,17,1,57,11,3,0,7,123,162,0.146,0.241,0.312,0.553,0.246,547379
2021,45,3,128,86,40,7,30,473,684,0.256,0.308,0.483,0.791,0.336,645277
2021,61,8,167,80,25,4,20,382,580,0.252,0.341,0.434,0.775,0.338,621035
2021,63,4,91,103,32,1,31,441,675,0.275,0.347,0.484,0.831,0.356,514888
2021,34,5,106,66,24,2,19,303,453,0.268,0.331,0.473,0.804,0.345,571980
2021,34,2,105,45,12,2,11,275,381,0.203,0.278,0.345,0.623,0.275,570256
2021,47,9,85,40,19,1,24,218,358,0.278,0.391,0.586,0.977,0.412,660670
2021,35,4,174,60,17,2,38,399,555,0.227,0.281,0.488,0.769,0.325,594807
2021,81,4,202,66,15,3,27,427,623,0.206,0.315,0.396,0.711,0.312,656305
2021,34,7,132,26,11,2,33,262,375,0.216,0.301,0.557,0.858,0.359,572287
2021,11,0,65,42,11,1,7,211,283,0.224,0.254,0.349,0.603,0.261,658069
2021,45,2,71,29,7,0,9,172,264,0.207,0.348,0.364,0.712,0.321,641584
2021,18,2,46,20,12,0,6,148,206,0.204,0.282,0.366,0.648,0.284,519058
2021,13,6,62,30,23,0,19,163,254,0.306,0.358,0.647,1.005,0.419,621439
2021,76,9,113,79,35,0,39,423,661,0.266,0.36,0.53,0.89,0.379,621566
2021,5,0,7,1,0,0,1,19,26,0.095,0.269,0.238,0.507,0.244,656427
2021,11,2,69,28,14,3,9,184,251,0.227,0.267,0.424,0.691,0.294,644374
2021,58,9,136,77,32,2,25,380,583,0.264,0.348,0.479,0.827,0.356,592178
2021,46,5,127,41,10,1,12,310,425,0.171,0.271,0.299,0.57,0.258,455117
2021,5,0,18,12,3,0,0,48,68,0.238,0.294,0.286,0.58,0.261,608331
2021,57,0,156,72,32,1,25,368,555,0.261,0.337,0.48,0.817,0.35,642715
2021,22,2,41,22,8,1,8,78,141,0.333,0.447,0.624,1.071,0.451,545361
2021,51,23,87,75,23,3,22,378,575,0.246,0.343,0.435,0.778,0.34,519203
2021,51,6,96,46,21,4,19,340,487,0.209,0.302,0.409,0.711,0.309,596146
2021,42,3,98,72,23,0,22,344,506,0.254,0.32,0.447,0.767,0.331,542583
2021,57,2,183,51,24,0,30,366,530,0.223,0.309,0.465,0.774,0.332,593934
2021,25,1,41,87,22,3,5,409,552,0.222,0.259,0.304,0.563,0.247,621028
2021,36,2,87,60,12,0,10,239,359,0.255,0.334,0.386,0.72,0.318,592567
2021,67,2,121,119,29,1,4,416,638,0.269,0.348,0.344,0.692,0.31,664702
2021,1,0,16,4,1,0,0,28,34,0.152,0.176,0.182,0.358,0.16,592346
2021,32,5,99,60,19,7,4,262,389,0.256,0.326,0.384,0.71,0.311,595281
2021,78,11,121,60,26,2,36,375,588,0.248,0.362,0.525,0.887,0.378,571970
2021,52,14,138,57,20,0,21,319,483,0.235,0.34,0.434,0.774,0.338,575929
2021,27,9,98,47,21,2,14,258,378,0.246,0.317,0.442,0.759,0.328,657656
2021,79,2,163,102,24,3,18,414,642,0.262,0.355,0.412,0.767,0.337,663993
2021,84,3,102,87,15,0,19,449,657,0.212,0.317,0.339,0.656,0.295,467793
2021,34,15,108,80,18,2,11,352,512,0.24,0.312,0.359,0.671,0.297,669256
2021,57,4,68,123,31,0,15,373,603,0.312,0.381,0.452,0.833,0.363,493329
2021,43,13,99,103,27,3,12,325,526,0.309,0.382,0.455,0.837,0.365,516782
2021,67,8,119,102,35,8,24,394,638,0.3,0.382,0.519,0.901,0.386,668804
2021,48,8,145,80,35,1,33,391,596,0.276,0.344,0.528,0.872,0.37,670541
2021,63,5,156,59,20,1,25,363,536,0.224,0.323,0.432,0.755,0.328,664023
2021,29,1,94,31,9,2,10,266,348,0.164,0.236,0.299,0.535,0.237,641355
2021,12,1,46,15,0,0,4,100,132,0.16,0.242,0.261,0.503,0.229,642211
2021,55,11,152,91,31,4,18,407,617,0.261,0.34,0.43,0.77,0.335,666185
2021,108,6,213,47,13,1,38,400,613,0.198,0.347,0.457,0.804,0.35,608336
2021,38,2,97,90,27,2,17,364,540,0.272,0.326,0.436,0.762,0.329,643217
2021,74,4,116,94,34,1,26,406,639,0.276,0.365,0.48,0.845,0.364,621043
2021,45,5,118,88,35,2,33,436,644,0.266,0.323,0.498,0.821,0.349,593871
2021,10,1,59,28,11,0,4,166,220,0.206,0.245,0.316,0.561,0.245,621311
2021,31,1,87,65,20,2,6,271,396,0.255,0.316,0.371,0.687,0.301,663647
2021,40,4,103,129,42,3,10,492,720,0.272,0.317,0.388,0.705,0.307,593160
2021,2,0,26,5,1,0,0,53,61,0.102,0.131,0.119,0.25,0.115,543294
2021,24,5,81,81,19,0,11,334,474,0.249,0.295,0.366,0.661,0.289,425877
2021,3,1,45,1,1,0,0,58,64,0.033,0.094,0.05,0.144,0.077,645261
2021,27,11,91,136,25,3,8,467,677,0.269,0.31,0.355,0.665,0.292,643396
2021,27,5,73,38,10,2,8,237,327,0.197,0.275,0.325,0.6,0.267,623520
2021,51,4,74,120,21,6,2,363,567,0.291,0.36,0.367,0.727,0.323,670032
2021,46,10,69,130,36,5,5,405,637,0.303,0.364,0.408,0.772,0.339,624428
2021,11,0,57,49,14,0,5,222,301,0.234,0.262,0.334,0.596,0.259,624431
2021,1,0,23,6,2,0,0,50,59,0.138,0.153,0.172,0.325,0.143,622491
2021,38,13,168,76,26,2,34,348,537,0.284,0.352,0.556,0.908,0.384,641933
2021,19,4,66,22,6,1,6,163,221,0.177,0.262,0.308,0.57,0.255,642201
2021,35,9,103,40,10,1,19,288,402,0.196,0.284,0.388,0.672,0.294,657557
2021,27,3,68,44,15,2,8,254,353,0.214,0.28,0.347,0.627,0.276,518792
2021,1,0,11,1,0,0,0,22,24,0.043,0.083,0.043,0.126,0.065,641771
2021,42,7,130,82,21,1,32,390,575,0.259,0.322,0.485,0.807,0.344,443558
2021,11,3,58,19,6,1,5,102,147,0.233,0.306,0.406,0.712,0.31,546990
2021,9,1,60,17,6,2,3,147,185,0.16,0.205,0.269,0.474,0.208,665750
2021,28,13,185,82,18,2,31,373,547,0.263,0.318,0.49,0.808,0.345,595879
2021,33,5,145,89,16,1,12,373,529,0.24,0.295,0.35,0.645,0.284,572191
2021,8,0,23,13,5,2,1,55,84,0.276,0.345,0.434,0.779,0.337,664728
2021,23,1,49,33,13,1,2,187,260,0.208,0.281,0.297,0.578,0.259,571788
2021,3,0,28,6,0,0,0,49,58,0.109,0.155,0.109,0.264,0.127,605540
2021,0,0,13,8,5,0,1,46,60,0.233,0.233,0.367,0.6,0.254,608566
2021,44,7,154,56,27,6,16,388,544,0.213,0.287,0.389,0.676,0.294,641531
2021,12,0,16,23,4,0,1,84,124,0.25,0.323,0.312,0.635,0.286,669222
2021,22,4,72,32,12,2,8,219,299,0.198,0.268,0.344,0.612,0.269,673490
2021,67,6,150,61,27,0,27,414,602,0.217,0.312,0.422,0.734,0.319,624585
2021,25,1,75,16,6,1,10,143,202,0.188,0.292,0.403,0.695,0.303,606157
2021,8,0,40,41,7,1,2,170,229,0.231,0.258,0.299,0.557,0.244,570481
2021,50,3,105,55,18,3,8,262,399,0.243,0.343,0.382,0.725,0.321,592325
2021,7,9,33,19,4,0,2,115,156,0.179,0.263,0.25,0.513,0.237,641796
2021,20,10,44,43,4,1,7,149,234,0.27,0.363,0.402,0.765,0.339,607461
2021,24,13,170,97,24,0,48,455,661,0.271,0.312,0.54,0.852,0.359,521692
2021,6,1,32,10,8,0,5,77,107,0.23,0.28,0.46,0.74,0.314,664247
2021,30,4,68,41,10,1,9,155,250,0.282,0.38,0.463,0.843,0.367,643265
2021,54,18,101,61,19,2,25,318,497,0.252,0.36,0.482,0.842,0.364,669257
2021,35,6,77,20,11,1,3,173,249,0.168,0.305,0.274,0.579,0.271,572761
2021,5,3,21,4,0,0,1,38,51,0.116,0.255,0.186,0.441,0.219,621500
2021,28,5,53,34,5,0,5,170,247,0.206,0.312,0.299,0.611,0.28,595943
2021,4,4,26,40,20,3,2,182,255,0.263,0.286,0.393,0.679,0.292,593643
2021,7,2,18,3,0,0,1,47,60,0.078,0.217,0.137,0.354,0.182,621458
2021,36,1,70,76,18,3,10,319,463,0.251,0.311,0.378,0.689,0.301,622534
2021,43,1,113,43,9,3,20,257,376,0.226,0.316,0.452,0.768,0.331,543543
2021,25,7,64,66,12,0,5,208,323,0.285,0.356,0.378,0.734,0.326,622110
2021,6,4,19,5,2,2,0,43,62,0.173,0.306,0.288,0.594,0.275,596451
2021,6,0,19,11,3,0,2,66,88,0.195,0.25,0.305,0.555,0.245,606115
2021,42,0,57,30,8,0,9,168,257,0.219,0.346,0.381,0.727,0.325,596129
2021,43,6,74,48,11,1,13,236,358,0.236,0.341,0.405,0.746,0.328,608348
2021,3,1,20,6,1,0,0,35,46,0.167,0.239,0.19,0.429,0.202,641583
2021,21,18,98,87,22,2,16,363,529,0.259,0.314,0.41,0.724,0.315,571657
2021,18,2,68,14,8,1,7,180,230,0.143,0.217,0.29,0.507,0.225,605421
2021,16,5,36,10,2,1,2,96,132,0.135,0.273,0.225,0.498,0.239,664789
2021,31,3,120,113,25,6,11,399,588,0.28,0.321,0.406,0.727,0.315,642708
2021,58,4,147,78,32,1,23,399,595,0.251,0.329,0.445,0.774,0.335,641857
2021,72,4,114,61,26,0,26,352,541,0.243,0.349,0.467,0.816,0.353,518626
2021,6,0,9,7,1,0,0,36,50,0.182,0.28,0.205,0.485,0.231,672779
2021,8,0,30,34,6,1,1,129,179,0.246,0.279,0.31,0.589,0.259,519299
2021,9,1,50,18,9,0,7,127,171,0.211,0.257,0.398,0.655,0.281,656716
2021,15,0,39,9,4,0,4,90,122,0.159,0.262,0.308,0.57,0.256,592530
2021,9,4,28,10,4,0,0,56,83,0.2,0.325,0.257,0.582,0.276,607468
2021,29,2,79,48,7,0,4,224,314,0.208,0.287,0.276,0.563,0.256,641343
2021,22,6,76,41,10,2,13,217,311,0.233,0.302,0.42,0.722,0.313,543105
2021,3,4,12,34,8,0,7,160,216,0.234,0.259,0.373,0.632,0.272,553902
2021,21,2,42,29,9,2,5,141,209,0.242,0.325,0.392,0.717,0.315,501303
2021,11,3,28,8,2,0,2,63,89,0.16,0.292,0.267,0.559,0.262,621002
2021,28,10,132,40,14,3,6,327,428,0.162,0.236,0.259,0.495,0.224,598265
2021,60,5,113,98,34,1,23,380,601,0.291,0.368,0.487,0.855,0.368,593428
2021,9,4,57,32,11,1,4,150,211,0.242,0.289,0.369,0.658,0.287,622761
2021,49,3,151,90,42,3,28,413,628,0.283,0.342,0.512,0.854,0.363,502110
2021,56,8,126,103,37,5,30,433,672,0.288,0.356,0.513,0.869,0.371,656775
2021,0,0,18,4,0,0,0,34,38,0.105,0.105,0.105,0.21,0.093,605483
2021,33,1,109,65,18,0,11,290,418,0.245,0.306,0.378,0.684,0.299,600474
2021,46,4,96,110,32,2,13,392,599,0.286,0.346,0.423,0.769,0.335,657077
2021,4,0,11,3,0,0,0,31,38,0.088,0.184,0.088,0.272,0.142,669134
2021,44,3,87,40,13,2,16,192,310,0.27,0.381,0.517,0.898,0.384,573131
2021,26,5,78,56,15,1,14,276,393,0.238,0.298,0.401,0.699,0.303,520471
2021,20,3,67,46,22,0,11,301,403,0.208,0.253,0.353,0.606,0.263,596748
2021,0,0,2,0,0,0,0,4,4,0,0,0,0,0,642232
2021,63,9,110,69,35,3,20,388,587,0.247,0.339,0.443,0.782,0.339,571771
2021,29,9,107,73,26,4,22,367,530,0.254,0.308,0.457,0.765,0.327,669720
2021,27,7,156,49,21,5,25,318,452,0.239,0.296,0.493,0.789,0.334,666915
2021,27,1,100,51,16,2,15,266,378,0.24,0.296,0.426,0.722,0.31,620443
2021,17,7,51,41,15,3,6,190,279,0.255,0.319,0.408,0.727,0.316,642336
2021,4,0,27,2,1,0,0,51,58,0.056,0.121,0.074,0.195,0.099,518876
2021,34,2,84,88,23,1,6,345,499,0.255,0.309,0.348,0.657,0.29,543877
2021,12,1,38,14,4,0,3,107,141,0.164,0.241,0.266,0.507,0.229,547004
2021,20,1,87,23,7,2,14,168,235,0.215,0.285,0.463,0.748,0.318,656541
2021,22,9,79,36,14,0,5,224,310,0.197,0.277,0.301,0.578,0.261,503556
2021,41,6,101,61,22,0,15,324,469,0.232,0.309,0.391,0.7,0.307,683734
2021,24,10,114,76,31,4,11,342,498,0.263,0.313,0.418,0.731,0.316,621563
2021,30,0,91,18,12,3,10,186,259,0.188,0.282,0.397,0.679,0.294,624513
2021,44,1,130,71,33,0,31,392,572,0.256,0.315,0.495,0.81,0.344,592669
2021,41,4,162,79,23,1,33,406,587,0.251,0.308,0.48,0.788,0.336,663624
2021,55,7,143,89,37,1,38,430,657,0.277,0.346,0.534,0.88,0.373,646240
2021,1,0,11,1,0,0,0,32,34,0.03,0.059,0.03,0.089,0.046,545333
2021,14,1,72,39,14,0,9,214,291,0.225,0.265,0.373,0.638,0.275,621446
2021,23,4,101,56,24,0,18,313,438,0.238,0.285,0.428,0.713,0.306,623993
2021,26,6,80,65,27,1,21,272,418,0.295,0.349,0.534,0.883,0.375,572041
2021,48,8,144,87,33,1,21,416,614,0.254,0.322,0.43,0.752,0.326,641820
2021,1,3,28,14,1,0,3,72,94,0.2,0.234,0.311,0.545,0.239,605244
2021,19,1,46,48,9,1,7,176,261,0.27,0.326,0.402,0.728,0.317,606213
2021,0,0,17,0,2,0,0,33,35,0.057,0.057,0.114,0.171,0.071,641154
2021,0,0,19,2,0,0,0,49,51,0.039,0.039,0.039,0.078,0.034,622608
2021,33,1,83,33,17,2,6,218,310,0.21,0.297,0.351,0.648,0.287,642165
2021,53,6,51,65,16,3,8,247,398,0.271,0.379,0.407,0.786,0.349,643393
2021,4,0,47,15,8,3,2,103,135,0.214,0.237,0.366,0.603,0.256,571740
2021,0,0,3,1,0,0,0,6,7,0.143,0.143,0.143,0.286,0.126,489334
2021,16,1,50,15,14,0,6,133,185,0.208,0.281,0.399,0.68,0.294,670351
2021,13,2,48,25,8,0,5,135,188,0.22,0.282,0.353,0.635,0.279,572039
2021,32,3,61,34,10,1,4,187,271,0.208,0.31,0.309,0.619,0.281,542932
2021,17,1,28,36,11,1,7,168,241,0.247,0.303,0.399,0.702,0.305,600303
2021,11,5,31,15,9,0,7,93,140,0.25,0.336,0.492,0.828,0.355,641553
2021,32,2,105,58,30,3,5,342,472,0.219,0.275,0.336,0.611,0.268,605113
2021,10,0,39,13,4,1,4,90,122,0.196,0.262,0.357,0.619,0.27,643418
2021,54,6,119,66,28,3,15,355,527,0.24,0.326,0.409,0.735,0.321,663757
2021,8,0,16,11,2,0,2,54,77,0.217,0.299,0.333,0.632,0.282,593590
2021,9,3,26,16,7,0,6,113,154,0.204,0.266,0.38,0.646,0.28,606299
2021,18,2,42,29,5,0,2,130,186,0.217,0.301,0.283,0.584,0.267,664901
2021,4,3,44,25,5,1,3,119,160,0.222,0.256,0.327,0.583,0.254,621512
2021,11,10,81,47,11,2,15,251,347,0.23,0.277,0.414,0.691,0.297,607680
2021,40,6,110,130,34,3,28,404,645,0.326,0.374,0.533,0.907,0.387,607208
2021,25,11,100,38,12,0,15,258,359,0.201,0.281,0.378,0.659,0.289,596059
2021,55,12,127,80,27,3,37,418,632,0.26,0.339,0.515,0.854,0.363,624413
2021,47,2,87,34,14,0,11,199,307,0.229,0.352,0.411,0.763,0.337,596847
2021,31,2,116,64,12,1,10,292,412,0.23,0.291,0.346,0.637,0.281,543510
2021,55,5,97,65,16,3,20,358,522,0.225,0.314,0.403,0.717,0.313,596019
2021,26,3,41,34,9,0,8,131,211,0.28,0.379,0.462,0.841,0.366,656582
2021,44,3,132,75,18,2,18,343,503,0.248,0.318,0.414,0.732,0.318,542340
2021,43,4,153,83,34,1,29,387,581,0.275,0.334,0.506,0.84,0.357,665120
2021,64,6,129,55,19,0,32,297,473,0.263,0.372,0.548,0.92,0.391,656941
2021,30,2,71,59,14,2,11,213,331,0.288,0.356,0.458,0.814,0.352,542364
2021,9,0,34,21,7,0,2,88,127,0.254,0.307,0.364,0.671,0.294,474568
2021,3,0,9,5,1,0,1,26,36,0.212,0.278,0.333,0.611,0.27,592863
2021,20,7,84,71,21,3,15,279,416,0.283,0.329,0.468,0.797,0.342,663898
2021,8,0,31,26,11,0,2,113,160,0.257,0.294,0.368,0.662,0.288,502210
2021,15,2,44,34,15,0,1,150,217,0.25,0.309,0.34,0.649,0.287,624512
2021,30,16,86,40,21,1,2,257,367,0.199,0.3,0.29,0.59,0.27,645302
2021,0,0,0,1,0,0,0,1,2,0.5,0.5,0.5,1,0.44,615698
2021,23,4,108,28,10,1,14,214,294,0.199,0.272,0.401,0.673,0.291,680777
2021,29,6,78,75,27,2,13,340,492,0.256,0.309,0.409,0.718,0.311,546318
2021,60,3,101,56,16,4,10,313,462,0.216,0.323,0.351,0.674,0.301,458731
2021,2,0,17,3,3,0,0,46,54,0.115,0.148,0.173,0.321,0.143,546991
2021,18,2,37,6,9,1,1,73,110,0.189,0.336,0.344,0.68,0.308,488671
2021,20,6,55,29,15,0,8,159,237,0.246,0.329,0.431,0.76,0.331,621493
2021,23,0,49,21,10,0,1,121,176,0.209,0.312,0.294,0.607,0.277,670764
2021,2,0,5,0,0,0,0,11,13,0,0.154,0,0.154,0.106,446653
2021,0,0,1,0,0,0,0,3,3,0,0,0,0,0,592419
2021,0,0,2,0,0,0,1,2,3,0.333,0.333,1.333,1.666,0.669,547176
2021,16,2,64,38,15,2,5,192,270,0.238,0.289,0.373,0.662,0.288,518586
2021,10,1,30,13,2,1,5,95,127,0.181,0.252,0.345,0.597,0.261,542454
2021,31,8,104,39,12,0,7,204,301,0.221,0.322,0.347,0.669,0.301,663616
2021,3,1,22,14,5,0,4,61,88,0.274,0.307,0.476,0.783,0.333,592273
2021,17,1,41,59,10,1,7,247,342,0.238,0.278,0.34,0.618,0.27,591720
2021,43,4,89,33,10,0,12,215,317,0.204,0.322,0.374,0.696,0.31,621466
2021,4,2,29,11,3,0,2,56,78,0.222,0.282,0.347,0.629,0.277,425784
2021,10,0,23,19,4,0,1,74,108,0.245,0.315,0.316,0.631,0.283,663897
2021,26,0,63,66,20,0,3,231,346,0.278,0.332,0.369,0.701,0.309,516770
2021,15,1,58,29,13,0,10,217,285,0.193,0.239,0.353,0.592,0.255,641680
2021,22,1,30,53,13,1,2,154,246,0.309,0.374,0.404,0.778,0.343,669289
2021,30,15,122,50,9,1,8,235,348,0.224,0.325,0.34,0.665,0.3,605548
2021,14,1,72,72,13,1,3,235,339,0.275,0.307,0.349,0.656,0.287,605612
2021,0,0,2,0,0,0,0,7,7,0,0,0,0,0,468504
2021,26,4,104,47,12,0,14,218,321,0.251,0.321,0.436,0.757,0.328,676801
2021,23,2,34,46,10,3,6,196,286,0.249,0.315,0.379,0.694,0.304,641432
2021,31,9,112,78,20,0,11,343,492,0.241,0.303,0.358,0.661,0.292,642086
2021,17,2,34,37,9,0,3,189,257,0.206,0.265,0.282,0.547,0.245,605412
2021,11,0,46,13,5,3,6,89,127,0.233,0.299,0.483,0.782,0.331,668670
2021,31,18,77,98,33,2,8,369,559,0.276,0.34,0.396,0.736,0.323,543281
2021,5,0,45,5,2,0,0,70,82,0.091,0.146,0.117,0.263,0.126,621111
2021,17,3,78,33,8,2,14,171,248,0.25,0.31,0.487,0.797,0.339,660821
2021,21,4,76,49,8,3,3,209,297,0.232,0.296,0.316,0.612,0.273,642721
2021,10,2,38,11,5,0,4,83,115,0.194,0.278,0.359,0.637,0.281,663662
2021,8,1,42,12,3,0,1,92,117,0.148,0.214,0.204,0.418,0.193,596825
2021,12,11,44,35,8,0,6,175,247,0.219,0.291,0.335,0.626,0.279,435559
2021,64,2,101,78,24,1,27,371,567,0.259,0.346,0.473,0.819,0.352,605137
2021,15,5,56,62,21,1,7,251,362,0.266,0.307,0.395,0.702,0.304,623912
2021,26,2,119,46,12,1,22,272,381,0.229,0.286,0.456,0.742,0.316,606992
2021,0,1,10,0,1,0,0,18,20,0.053,0.1,0.105,0.205,0.098,656849
2021,22,1,89,26,13,1,20,223,306,0.212,0.271,0.477,0.748,0.316,664913
2021,32,5,194,82,26,2,31,444,622,0.241,0.286,0.451,0.737,0.314,666969
2021,122,2,93,106,20,2,29,350,631,0.31,0.445,0.529,0.974,0.42,665742
2021,3,1,15,1,0,0,2,27,34,0.1,0.206,0.3,0.506,0.226,595981
2021,24,6,99,25,10,0,16,197,278,0.206,0.291,0.44,0.731,0.315,656252
2021,10,2,38,28,1,0,6,144,191,0.196,0.246,0.302,0.548,0.242,650859
2021,8,0,31,16,4,0,4,107,139,0.183,0.23,0.305,0.535,0.235,642851
2021,21,0,23,31,3,0,1,98,154,0.263,0.364,0.308,0.672,0.309,641645
2021,32,5,89,47,17,3,18,258,380,0.248,0.321,0.472,0.793,0.34,664774
2021,2,0,24,5,2,0,1,41,51,0.163,0.196,0.265,0.461,0.201,452657
2021,3,1,30,9,3,0,0,60,76,0.167,0.211,0.208,0.419,0.19,592859
2021,18,1,30,24,6,2,1,101,153,0.246,0.34,0.343,0.683,0.306,608671
2021,1,0,23,5,2,0,0,49,57,0.125,0.14,0.161,0.301,0.133,605397
2021,1,1,14,1,1,0,0,37,41,0.051,0.098,0.077,0.175,0.086,640444
2021,2,0,30,1,0,0,2,41,46,0.068,0.109,0.205,0.314,0.136,605288
2021,1,0,4,4,0,0,0,12,17,0.25,0.294,0.25,0.544,0.248,676840
2021,5,0,26,0,0,0,0,42,47,0,0.106,0,0.106,0.074,622072
2021,2,0,14,3,0,0,0,37,42,0.075,0.119,0.075,0.194,0.096,661269
2021,3,1,1,2,1,0,0,8,15,0.273,0.467,0.364,0.831,0.387,542992
2021,6,1,21,6,4,0,3,61,81,0.176,0.247,0.351,0.598,0.261,613564
2021,1,1,14,8,0,0,0,29,39,0.216,0.256,0.216,0.472,0.217,605452
2021,2,1,16,3,0,0,0,24,30,0.111,0.2,0.111,0.311,0.158,453562
2021,10,0,43,31,18,2,6,179,246,0.242,0.272,0.411,0.683,0.291,671277
2021,25,2,88,42,14,5,8,199,295,0.257,0.325,0.437,0.762,0.329,621453
2021,0,0,6,0,0,0,0,11,11,0,0,0,0,0,622503
2021,17,6,78,58,15,1,14,262,373,0.251,0.298,0.42,0.718,0.309,543228
2021,1,0,13,3,0,0,0,38,42,0.073,0.095,0.073,0.168,0.079,596295
2021,38,3,68,46,11,1,6,197,302,0.245,0.348,0.364,0.712,0.318,607054
2021,22,5,38,15,6,0,13,147,208,0.188,0.293,0.436,0.729,0.315,444489
2021,16,0,77,32,16,0,14,195,273,0.241,0.286,0.467,0.753,0.319,475582
2021,16,2,76,39,8,0,5,211,281,0.198,0.249,0.285,0.534,0.238,642162
2021,16,6,40,11,8,1,2,77,121,0.222,0.364,0.384,0.748,0.335,656180
2021,23,1,58,21,5,0,4,137,191,0.18,0.283,0.281,0.564,0.258,643565
2021,6,0,33,12,4,1,8,97,128,0.205,0.242,0.451,0.693,0.291,650331
2021,2,1,14,2,1,1,1,28,36,0.152,0.222,0.333,0.555,0.241,519306
2021,4,0,10,9,1,1,1,40,56,0.231,0.286,0.346,0.632,0.277,665561
2021,12,1,76,45,20,2,6,241,327,0.232,0.263,0.366,0.629,0.271,501571
2021,7,0,13,3,0,0,1,33,44,0.108,0.25,0.189,0.439,0.216,656467
2021,22,4,66,25,11,1,5,159,227,0.209,0.3,0.348,0.648,0.288,592200
2021,11,7,65,23,7,3,5,142,198,0.211,0.283,0.367,0.65,0.284,545350
2021,3,1,20,17,3,1,2,49,76,0.319,0.355,0.472,0.827,0.356,663837
2021,31,4,154,37,13,0,28,261,374,0.23,0.302,0.516,0.818,0.345,621550
2021,22,2,51,17,4,0,7,118,170,0.192,0.306,0.363,0.669,0.298,571875
2021,10,2,39,20,7,1,2,89,131,0.252,0.321,0.378,0.699,0.307,665155
2021,29,2,74,31,6,3,5,178,254,0.202,0.299,0.323,0.622,0.279,642727
2021,4,1,20,11,0,0,0,48,64,0.186,0.25,0.186,0.436,0.206,502273
2021,33,2,113,26,9,4,13,205,292,0.202,0.298,0.42,0.718,0.311,621433
2021,34,1,58,33,10,1,8,185,272,0.219,0.32,0.371,0.691,0.306,571718
2021,14,4,41,25,8,0,0,132,183,0.2,0.279,0.248,0.527,0.243,673451
2021,29,4,107,40,11,2,9,230,325,0.212,0.292,0.356,0.648,0.286,592348
2021,1,0,7,3,0,0,1,23,28,0.148,0.179,0.259,0.438,0.191,677960
2021,13,9,62,49,19,0,8,218,316,0.259,0.31,0.405,0.715,0.311,649557
2021,3,0,26,8,0,0,0,48,59,0.143,0.186,0.143,0.329,0.154,669203
2021,12,3,26,35,7,0,3,113,173,0.285,0.347,0.386,0.733,0.323,608700
2021,8,0,51,17,6,0,1,104,136,0.188,0.235,0.258,0.493,0.22,614173
2021,0,0,32,5,0,0,0,45,50,0.1,0.1,0.1,0.2,0.088,592351
2021,0,0,2,0,0,0,0,4,4,0,0,0,0,0,621244
2021,0,0,9,2,0,0,0,18,20,0.1,0.1,0.1,0.2,0.088,663765
2021,7,0,22,13,2,0,2,65,89,0.207,0.27,0.305,0.575,0.256,542255
2021,0,0,2,0,0,0,0,5,5,0,0,0,0,0,669294
2021,0,0,11,0,0,0,0,17,17,0,0,0,0,0,642092
2021,3,1,32,9,2,1,0,50,66,0.194,0.242,0.258,0.5,0.224,595453
2021,1,0,29,3,0,0,1,35,40,0.103,0.125,0.179,0.304,0.133,542881
2021,0,0,39,9,2,0,0,62,73,0.151,0.151,0.178,0.329,0.142,554430
2021,4,0,19,3,0,0,0,59,66,0.048,0.106,0.048,0.154,0.082,641816
2021,3,0,25,5,2,0,0,64,74,0.099,0.135,0.127,0.262,0.121,425794
2021,0,0,31,6,1,0,0,55,62,0.113,0.113,0.129,0.242,0.105,450203
2021,0,0,7,1,0,0,0,17,18,0.056,0.056,0.056,0.112,0.049,622694
2021,1,1,14,1,1,0,0,21,25,0.087,0.16,0.13,0.29,0.141,592761
2021,4,0,6,4,3,1,0,23,35,0.258,0.343,0.419,0.762,0.331,672695
2021,0,0,10,3,0,0,0,23,26,0.115,0.115,0.115,0.23,0.101,448179
2021,15,2,53,14,9,0,5,124,169,0.184,0.266,0.342,0.608,0.268,670712
2021,6,0,11,4,2,0,1,25,38,0.219,0.342,0.375,0.717,0.32,621573
2021,12,1,22,22,7,0,1,100,143,0.231,0.301,0.308,0.609,0.273,596056
2021,10,0,33,19,7,2,0,111,149,0.201,0.255,0.281,0.536,0.238,502481
2021,1,0,6,0,0,0,1,15,17,0.062,0.118,0.25,0.368,0.159,608597
2021,0,0,0,0,0,0,0,2,2,0,0,0,0,0,672335
2021,25,2,74,22,6,1,2,140,198,0.181,0.293,0.263,0.556,0.258,663630
2021,8,0,15,14,5,0,1,58,86,0.256,0.326,0.359,0.685,0.303,622569
2021,8,0,21,18,4,0,1,67,98,0.256,0.316,0.333,0.649,0.289,656896
2021,0,0,5,0,0,0,0,5,5,0,0,0,0,0,663559
2021,14,2,71,38,5,1,9,186,255,0.222,0.271,0.364,0.635,0.276,656811
2021,10,2,61,17,3,0,2,125,159,0.15,0.214,0.211,0.425,0.195,595284
2021,0,0,1,0,0,0,0,2,2,0,0,0,0,0,621348
2021,29,6,76,52,14,0,7,189,297,0.279,0.364,0.412,0.776,0.342,602104
2021,6,2,30,16,5,0,2,76,107,0.232,0.29,0.343,0.633,0.279,467827
2021,9,1,23,8,1,0,1,77,97,0.115,0.206,0.161,0.367,0.178,642736
2021,16,17,64,60,8,4,6,214,325,0.267,0.342,0.384,0.726,0.321,624641
2021,29,10,58,70,19,1,7,290,426,0.251,0.319,0.359,0.678,0.301,643446
2021,12,0,28,17,3,1,5,85,123,0.234,0.309,0.414,0.723,0.314,663457
2021,0,0,5,6,0,0,0,17,23,0.261,0.261,0.261,0.522,0.229,664670
2021,2,0,17,5,1,0,0,32,40,0.158,0.2,0.184,0.384,0.176,607536
2021,14,1,87,34,7,0,10,245,311,0.172,0.212,0.297,0.509,0.222,595978
2021,0,0,0,2,0,0,0,6,8,0.25,0.25,0.25,0.5,0.22,595191
2021,4,0,33,1,1,0,0,56,62,0.034,0.097,0.052,0.149,0.079,543101
2021,27,0,67,40,17,2,11,215,312,0.246,0.311,0.435,0.746,0.321,662139
2021,3,3,18,11,3,0,1,65,86,0.188,0.244,0.262,0.506,0.228,664850
2021,0,0,17,2,3,0,0,29,34,0.147,0.147,0.235,0.382,0.161,594988
2021,44,0,122,67,20,7,13,309,460,0.257,0.328,0.433,0.761,0.329,668731
2021,7,2,19,21,4,0,3,96,133,0.226,0.278,0.331,0.609,0.269,676391
2021,1,0,22,4,0,0,0,40,45,0.091,0.111,0.091,0.202,0.094,642547
2021,8,0,28,31,2,0,6,116,163,0.252,0.288,0.381,0.669,0.29,609280
2021,0,0,15,5,0,0,0,28,33,0.152,0.152,0.152,0.304,0.133,502179
2021,0,0,3,0,0,0,0,13,13,0,0,0,0,0,453281
2021,21,7,74,32,7,1,11,162,241,0.239,0.328,0.437,0.765,0.332,572228
2021,0,0,1,0,1,0,0,2,3,0.333,0.333,0.667,1,0.414,607188
2021,1,1,42,19,7,1,3,92,124,0.246,0.258,0.393,0.651,0.277,656308
2021,3,0,13,7,3,0,0,46,59,0.179,0.22,0.232,0.452,0.203,489119
2021,19,7,59,36,9,3,12,184,270,0.246,0.319,0.455,0.774,0.333,621438
2021,0,0,3,1,1,0,0,5,7,0.286,0.286,0.429,0.715,0.303,675921
2021,22,2,43,30,11,1,6,168,240,0.222,0.3,0.366,0.666,0.293,640458
2021,3,0,15,4,1,0,0,30,38,0.143,0.211,0.171,0.382,0.18,670084
2021,0,0,4,0,0,0,0,4,4,0,0,0,0,0,622065
2021,8,0,17,15,3,0,3,61,90,0.256,0.322,0.402,0.724,0.316,602922
2021,0,0,2,0,1,0,0,7,8,0.125,0.125,0.25,0.375,0.155,663574
2021,24,3,55,20,7,0,8,117,179,0.23,0.346,0.434,0.78,0.341,488771
2021,58,12,104,60,20,0,14,314,478,0.23,0.343,0.382,0.725,0.323,624424
2021,1,1,15,0,0,0,0,35,37,0,0.054,0,0.054,0.038,621107
2021,1,0,11,1,0,0,0,16,18,0.059,0.111,0.059,0.17,0.087,642203
2021,0,0,1,0,0,0,0,3,3,0,0,0,0,0,501381
2021,19,3,22,24,8,0,8,127,189,0.24,0.328,0.431,0.759,0.33,672386
2021,9,0,31,12,4,0,1,56,82,0.233,0.317,0.329,0.646,0.29,606988
2021,7,2,21,8,3,0,0,63,83,0.149,0.241,0.189,0.43,0.205,642082
2021,9,7,45,25,12,0,6,123,182,0.259,0.324,0.44,0.764,0.331,624414
2021,16,9,70,19,10,0,9,151,214,0.201,0.294,0.397,0.691,0.303,667670
2021,0,0,8,6,0,0,0,38,44,0.136,0.136,0.136,0.272,0.12,605200
2021,0,0,15,1,1,0,0,23,25,0.08,0.08,0.12,0.2,0.085,593372
2021,0,1,22,10,2,0,0,57,70,0.174,0.186,0.203,0.389,0.171,628711
2021,1,0,29,1,1,0,0,38,41,0.05,0.073,0.075,0.148,0.069,666120
2021,0,0,3,2,0,0,0,14,16,0.125,0.125,0.125,0.25,0.11,656546
2021,2,0,14,3,0,0,0,27,32,0.1,0.156,0.1,0.256,0.126,656605
2021,1,1,26,1,0,0,0,39,42,0.025,0.071,0.025,0.096,0.055,663978
2021,1,0,6,2,0,0,0,6,9,0.25,0.333,0.25,0.583,0.272,643436
2021,20,0,54,45,7,3,4,161,240,0.268,0.329,0.382,0.711,0.312,594694
2021,18,4,39,20,7,0,1,133,183,0.174,0.273,0.236,0.509,0.238,668800
2021,2,0,6,0,0,0,0,16,18,0,0.111,0,0.111,0.077,622666
2021,0,0,1,0,0,0,0,2,2,0,0,0,0,0,607219
2021,1,0,3,0,0,0,0,4,5,0,0.2,0,0.2,0.138,622088
2021,10,1,42,27,3,3,3,103,150,0.259,0.313,0.388,0.701,0.306,656537
2021,3,1,18,2,5,0,6,51,68,0.203,0.25,0.562,0.812,0.335,572863
2021,9,2,82,21,9,1,13,182,237,0.195,0.232,0.416,0.648,0.274,656847
2021,11,5,61,33,6,0,5,151,211,0.226,0.284,0.333,0.617,0.274,664057
2021,8,2,23,22,4,0,7,88,131,0.273,0.328,0.479,0.807,0.346,642731
2021,6,2,9,18,3,0,3,64,96,0.273,0.333,0.409,0.742,0.325,660688
2021,23,5,62,33,6,0,6,174,247,0.205,0.296,0.315,0.611,0.275,666198
2021,22,5,85,60,21,1,16,271,396,0.266,0.316,0.458,0.774,0.332,664056
2021,16,1,38,28,5,1,0,94,145,0.266,0.352,0.32,0.672,0.305,642180
2021,9,4,27,6,2,0,1,60,82,0.13,0.268,0.203,0.471,0.23,656403
2021,14,5,19,33,12,0,2,128,194,0.269,0.34,0.371,0.711,0.316,543592
2021,3,0,10,16,4,0,1,53,77,0.284,0.312,0.378,0.69,0.3,650968
2021,17,3,68,33,15,0,10,212,290,0.215,0.269,0.381,0.65,0.282,608686
2021,17,9,56,65,21,2,4,231,349,0.285,0.338,0.399,0.737,0.323,444876
2021,23,6,68,34,12,0,5,130,210,0.282,0.381,0.431,0.812,0.357,605204
2021,1,0,23,9,4,1,1,52,68,0.224,0.235,0.358,0.593,0.252,623205
2021,6,6,45,6,7,0,6,73,104,0.207,0.298,0.478,0.776,0.332,670370
2021,36,0,63,29,15,2,7,174,263,0.233,0.338,0.41,0.748,0.328,657041
2021,4,1,26,7,3,0,0,57,72,0.149,0.208,0.194,0.402,0.186,663330
2021,17,0,59,15,10,0,10,159,211,0.18,0.246,0.387,0.633,0.272,543309
2021,24,3,81,69,14,0,7,256,373,0.26,0.314,0.361,0.675,0.297,594838
2021,8,0,15,6,3,0,3,55,75,0.179,0.267,0.358,0.625,0.274,660620
2021,0,0,2,0,0,0,0,4,4,0,0,0,0,0,664285
2021,1,0,6,0,2,0,0,13,16,0.133,0.188,0.267,0.454,0.198,605346
2021,1,0,1,1,0,0,0,3,5,0.25,0.4,0.25,0.65,0.314,571510
2021,1,0,15,3,1,0,1,54,60,0.085,0.1,0.153,0.253,0.11,621450
2021,1,0,17,3,3,0,0,24,31,0.2,0.226,0.3,0.526,0.228,656731
2021,9,0,11,6,5,0,1,37,58,0.245,0.362,0.408,0.77,0.34,592261
2021,4,0,24,3,2,0,0,49,58,0.093,0.155,0.13,0.285,0.136,573186
2021,24,2,37,51,18,5,7,201,308,0.287,0.347,0.461,0.808,0.348,677551
2021,1,0,10,4,3,0,0,22,30,0.241,0.267,0.345,0.612,0.264,543432
2021,0,0,2,0,0,0,0,4,4,0,0,0,0,0,594835
2021,3,1,7,5,4,0,0,21,34,0.3,0.382,0.433,0.815,0.358,571912
2021,1,1,5,1,2,0,0,18,23,0.143,0.217,0.238,0.455,0.208,624133
2021,17,1,53,45,7,2,5,141,218,0.295,0.353,0.425,0.778,0.339,650559
2021,1,0,4,0,0,0,0,13,14,0,0.071,0,0.071,0.049,642028
2021,36,4,80,37,19,1,22,222,341,0.262,0.349,0.551,0.9,0.38,543807
2021,13,0,33,18,4,2,2,92,131,0.22,0.298,0.339,0.637,0.282,657061
2021,21,1,59,54,8,1,9,194,288,0.271,0.326,0.41,0.736,0.32,628450
2021,29,1,73,33,9,0,4,197,273,0.189,0.278,0.276,0.554,0.253,656371
2021,8,0,12,15,6,0,1,67,97,0.247,0.309,0.348,0.657,0.291,591971
2021,8,1,52,11,12,0,2,115,149,0.179,0.228,0.307,0.535,0.234,663728
2021,12,7,73,11,4,0,3,113,150,0.137,0.247,0.237,0.484,0.227,656577
2021,16,1,57,33,10,0,10,161,231,0.248,0.303,0.435,0.738,0.317,650391
2021,1,1,3,1,1,0,0,13,17,0.133,0.235,0.2,0.435,0.208,656413
2021,36,3,107,33,13,1,14,278,378,0.18,0.265,0.348,0.613,0.27,672284
2021,17,0,40,25,7,0,2,106,157,0.243,0.325,0.336,0.661,0.296,608701
2021,17,1,39,15,5,2,3,106,149,0.191,0.289,0.328,0.617,0.275,660829
2021,32,7,54,57,12,0,11,257,376,0.237,0.316,0.371,0.687,0.304,647351
2021,8,1,32,21,5,2,4,99,140,0.244,0.293,0.405,0.698,0.301,666176
2021,12,3,55,34,9,1,4,153,216,0.239,0.292,0.353,0.645,0.283,624503
2021,4,0,27,13,0,0,4,60,81,0.221,0.259,0.377,0.636,0.274,669288
2021,55,5,79,67,17,3,8,232,387,0.291,0.401,0.434,0.835,0.368,607043
2021,8,0,21,21,6,0,1,88,124,0.241,0.29,0.319,0.609,0.27,595956
2021,1,0,11,5,3,0,0,24,33,0.25,0.273,0.344,0.617,0.267,663853
2021,14,1,41,44,20,1,14,163,257,0.326,0.366,0.591,0.957,0.403,643524
2021,1,0,27,3,0,0,0,42,46,0.067,0.087,0.067,0.154,0.072,669432
2021,0,0,2,0,0,0,0,2,2,0,0,0,0,0,606424
2021,1,0,14,0,0,0,0,42,43,0,0.023,0,0.023,0.016,607200
2021,0,0,1,2,0,0,1,4,7,0.429,0.429,0.857,1.286,0.538,528748
2021,4,0,15,3,0,0,0,36,43,0.077,0.163,0.077,0.24,0.126,664141
2021,4,1,16,12,1,0,1,30,49,0.318,0.388,0.409,0.797,0.353,663845
2021,1,1,12,2,2,0,3,29,38,0.194,0.237,0.5,0.737,0.307,641684
2021,9,5,36,11,5,1,5,76,112,0.224,0.321,0.449,0.77,0.333,455139
2021,10,0,31,12,5,1,3,83,114,0.202,0.272,0.356,0.628,0.274,501981
2021,7,0,24,24,7,2,3,90,133,0.286,0.323,0.444,0.767,0.329,621011
2021,5,3,19,17,2,0,5,79,111,0.233,0.288,0.398,0.686,0.298,658668
2021,1,2,17,9,0,1,4,32,49,0.304,0.347,0.609,0.956,0.401,642350
2021,0,0,3,1,0,0,1,6,8,0.25,0.25,0.625,0.875,0.361,664119
2021,4,1,15,5,2,0,0,33,45,0.175,0.267,0.225,0.492,0.23,665861
2021,10,4,50,24,8,0,6,111,163,0.255,0.319,0.43,0.749,0.324,676694
2021,2,0,7,4,2,0,0,30,38,0.167,0.211,0.222,0.433,0.194,596117
2021,12,3,26,9,1,0,1,77,103,0.125,0.252,0.17,0.422,0.21,641505
2021,0,0,5,0,0,0,0,5,5,0,0,0,0,0,594965
2021,6,1,28,11,3,0,2,71,94,0.184,0.245,0.287,0.532,0.237,664059
2021,1,0,9,5,0,0,0,22,28,0.185,0.214,0.185,0.399,0.182,592866
2021,0,0,9,11,1,0,0,21,33,0.364,0.364,0.394,0.758,0.331,594798
2021,0,0,2,1,0,0,0,4,5,0.2,0.2,0.2,0.4,0.176,592254
2021,10,1,16,2,1,0,2,51,67,0.089,0.239,0.214,0.453,0.219,459964
2021,0,0,13,0,0,0,0,20,20,0,0,0,0,0,519043
2021,4,0,14,0,0,0,0,30,34,0,0.118,0,0.118,0.081,474463
2021,0,0,0,0,0,0,0,1,1,0,0,0,0,0,670970
2021,0,0,1,0,0,0,0,2,2,0,0,0,0,0,641929
2021,2,0,9,0,1,0,0,12,15,0.077,0.2,0.154,0.354,0.175,656821
2021,2,0,31,10,0,0,0,50,62,0.167,0.194,0.167,0.361,0.164,592332
2021,0,0,15,4,1,0,2,25,32,0.219,0.219,0.438,0.657,0.274,660623
2021,10,4,22,18,3,1,2,67,105,0.264,0.362,0.385,0.747,0.333,668663
2021,8,0,17,3,3,0,2,45,61,0.151,0.262,0.321,0.583,0.261,657434
2021,2,0,10,1,0,0,0,18,21,0.053,0.143,0.053,0.196,0.108,541650
2021,5,0,12,3,0,0,0,22,30,0.12,0.267,0.12,0.387,0.203,547172
2021,1,0,2,0,1,0,0,5,7,0.167,0.286,0.333,0.619,0.276,544931
2021,3,0,4,5,1,0,0,14,23,0.3,0.391,0.35,0.741,0.335,518960
2021,0,0,0,0,0,0,0,1,1,0,0,0,0,0,680963
2021,0,0,7,0,0,0,0,10,10,0,0,0,0,0,592717
2021,0,0,19,3,0,0,0,40,43,0.07,0.07,0.07,0.14,0.061,592767
2021,1,0,12,2,0,0,0,19,22,0.095,0.136,0.095,0.231,0.111,596133
2021,0,0,28,0,0,0,0,63,63,0,0,0,0,0,453286
2021,1,0,13,1,1,0,0,30,33,0.062,0.091,0.094,0.185,0.085,640470
2021,0,0,8,0,0,0,0,18,18,0,0,0,0,0,607231
2021,0,0,4,1,0,0,0,8,9,0.111,0.111,0.111,0.222,0.098,502239
2021,0,0,6,0,0,0,0,14,14,0,0,0,0,0,502624
2021,0,0,3,0,0,0,0,4,4,0,0,0,0,0,608718
2021,1,1,29,5,0,0,0,44,51,0.102,0.137,0.102,0.239,0.114,592836
2021,1,2,4,0,0,0,0,10,13,0,0.231,0,0.231,0.164,608384
2021,1,0,5,0,0,0,0,11,12,0,0.083,0,0.083,0.058,663734
2021,1,0,10,1,0,0,0,15,17,0.062,0.118,0.062,0.18,0.092,660731
2021,3,2,11,7,0,0,0,30,42,0.189,0.286,0.189,0.475,0.23,641943
2021,3,0,9,2,0,0,0,32,37,0.059,0.135,0.059,0.194,0.104,456501
2021,16,0,41,26,8,0,5,128,183,0.234,0.301,0.371,0.672,0.295,594777
2021,2,4,25,9,1,0,2,54,72,0.182,0.25,0.288,0.538,0.242,670042
2021,3,0,24,7,0,0,0,53,63,0.117,0.159,0.117,0.276,0.131,571578
2021,2,0,21,2,2,1,1,45,53,0.118,0.151,0.255,0.406,0.174,657277
2021,2,0,15,7,2,0,1,37,49,0.213,0.245,0.319,0.564,0.245,676701
2021,0,0,2,1,0,0,0,4,5,0.2,0.2,0.2,0.4,0.176,623323
2021,0,0,3,0,0,0,0,3,3,0,0,0,0,0,519076
2021,0,0,3,1,0,0,0,10,11,0.091,0.091,0.091,0.182,0.08,547001
2021,15,2,35,46,15,2,7,185,272,0.275,0.32,0.431,0.751,0.324,628451
2021,14,3,25,35,10,0,0,105,167,0.3,0.371,0.367,0.738,0.33,663538
2021,1,1,5,1,1,0,0,16,20,0.111,0.2,0.167,0.367,0.177,657011
2021,3,1,15,3,0,0,1,29,37,0.121,0.216,0.212,0.428,0.201,641778
2021,16,1,37,23,4,0,5,98,147,0.246,0.333,0.392,0.725,0.32,641786
2021,6,1,29,11,1,0,3,76,98,0.165,0.224,0.275,0.499,0.223,666163
2021,4,0,22,10,2,0,1,47,64,0.217,0.266,0.3,0.566,0.251,643269
2021,0,0,16,2,1,0,0,33,36,0.083,0.083,0.111,0.194,0.083,460077
2021,18,2,54,22,4,1,8,129,184,0.213,0.299,0.396,0.695,0.303,661388
2021,1,0,0,1,0,0,0,2,4,0.333,0.5,0.333,0.833,0.393,622668
2021,0,0,1,0,0,0,0,2,2,0,0,0,0,0,647315
2021,2,1,3,1,0,0,0,4,8,0.2,0.5,0.2,0.7,0.373,623182
2021,0,0,3,0,0,0,0,3,3,0,0,0,0,0,664337
2021,2,0,9,3,0,0,0,17,22,0.15,0.227,0.15,0.377,0.183,670912
2021,0,0,10,1,0,0,0,15,16,0.062,0.062,0.062,0.124,0.055,621559
2021,0,0,2,0,0,0,0,3,3,0,0,0,0,0,622075
2021,1,0,26,7,1,0,3,54,66,0.169,0.182,0.323,0.505,0.214,641914
2021,12,3,65,28,5,0,4,168,220,0.18,0.236,0.263,0.499,0.224,506702
2021,1,1,16,3,3,0,4,43,55,0.189,0.218,0.472,0.69,0.287,600524
2021,1,0,14,4,0,0,0,26,31,0.133,0.161,0.133,0.294,0.136,656364
2021,17,4,32,26,5,0,0,114,166,0.214,0.313,0.248,0.561,0.263,660634
2021,4,0,40,16,3,2,2,85,112,0.213,0.241,0.333,0.574,0.247,680776
2021,2,1,15,2,2,0,0,41,48,0.089,0.146,0.133,0.279,0.132,663799
2021,1,0,10,6,0,0,0,36,43,0.143,0.163,0.143,0.306,0.139,543243
2021,1,0,5,0,0,0,0,14,15,0,0.067,0,0.067,0.046,457918
2021,3,0,8,3,1,1,0,21,29,0.192,0.276,0.308,0.584,0.259,600301
2021,4,0,29,14,8,1,2,79,108,0.24,0.269,0.394,0.663,0.283,622100
2021,0,0,4,2,0,0,0,11,13,0.154,0.154,0.154,0.308,0.135,657006
2021,1,0,18,4,2,0,0,35,42,0.146,0.167,0.195,0.362,0.159,668678
2021,11,0,41,21,3,0,6,116,157,0.205,0.261,0.349,0.61,0.266,641829
2021,4,0,24,8,2,0,1,49,64,0.183,0.234,0.267,0.501,0.223,461865
2021,6,1,41,9,3,0,5,80,104,0.175,0.231,0.361,0.592,0.255,664874
2021,9,1,54,27,8,0,4,153,202,0.203,0.243,0.307,0.55,0.241,680911
2021,0,0,4,2,0,0,0,9,11,0.182,0.182,0.182,0.364,0.16,666129
2021,1,0,2,0,0,0,0,3,4,0,0.25,0,0.25,0.173,676879
2021,0,0,2,0,1,0,0,7,8,0.125,0.125,0.25,0.375,0.155,643230
2021,1,0,15,8,3,2,0,40,54,0.245,0.259,0.377,0.636,0.27,641561
2021,20,2,91,43,12,3,2,178,260,0.252,0.315,0.353,0.668,0.295,669016
2021,1,0,0,0,0,0,0,0,1,0,1,0,0,0.692,677865
2021,0,0,0,0,0,0,0,1,1,0,0,0,0,0,453343
2021,1,0,3,0,0,0,0,3,4,0,0.25,0,0.25,0.173,681911
2021,29,9,81,36,26,0,5,239,344,0.219,0.305,0.353,0.658,0.292,628338
2021,7,1,27,10,2,0,5,69,94,0.198,0.266,0.395,0.661,0.286,666801
2021,3,0,6,2,0,0,1,13,19,0.188,0.316,0.375,0.691,0.307,571918
2021,0,0,2,0,0,0,0,2,2,0,0,0,0,0,605135
2021,0,0,1,0,0,0,0,1,1,0,0,0,0,0,518617
2021,0,0,3,0,0,0,0,4,4,0,0,0,0,0,669160
2021,0,0,0,2,0,0,0,4,6,0.333,0.333,0.333,0.666,0.293,595375
2021,0,0,2,5,0,0,0,9,14,0.357,0.357,0.357,0.714,0.314,445055
2021,1,0,0,1,0,0,0,4,6,0.2,0.333,0.2,0.533,0.262,669008
2021,1,0,10,6,0,0,0,21,28,0.222,0.25,0.222,0.472,0.213,621532
2021,12,1,52,34,11,1,8,162,229,0.25,0.293,0.421,0.714,0.307,666135
2021,2,0,22,10,2,0,1,47,62,0.217,0.242,0.3,0.542,0.237,519222
2021,5,0,17,8,3,1,0,65,82,0.156,0.207,0.221,0.428,0.193,545121
2021,0,0,2,1,0,0,0,2,3,0.333,0.333,0.333,0.666,0.293,664199
2021,0,0,26,0,1,0,0,35,36,0.028,0.028,0.056,0.084,0.034,621219
2021,4,0,6,0,0,0,0,16,20,0,0.2,0,0.2,0.138,666200
2021,0,0,3,0,0,0,0,5,5,0,0,0,0,0,595928
2021,26,0,38,15,12,0,5,117,175,0.215,0.331,0.396,0.727,0.321,501659
2021,0,0,1,1,1,0,0,3,5,0.4,0.4,0.6,1,0.424,640455
2021,0,1,9,2,1,0,0,25,29,0.107,0.138,0.143,0.281,0.128,547942
2021,2,0,8,2,1,0,0,15,20,0.167,0.25,0.222,0.472,0.219,664062
2021,3,0,2,0,2,0,0,6,11,0.25,0.455,0.5,0.955,0.415,670768
2021,1,0,2,1,0,0,0,5,7,0.167,0.286,0.167,0.453,0.224,606336
2021,0,0,1,0,1,0,0,2,3,0.333,0.333,0.667,1,0.414,657140
2021,1,0,2,2,0,0,0,4,7,0.333,0.429,0.333,0.762,0.35,621008
2021,0,0,1,0,0,0,0,5,5,0,0,0,0,0,656568
2021,2,0,16,2,0,0,1,31,36,0.088,0.139,0.176,0.315,0.143,666160
2021,0,0,1,0,0,0,0,1,1,0,0,0,0,0,663531
2021,0,0,2,0,0,0,0,5,5,0,0,0,0,0,641447
2021,0,0,3,3,1,0,0,14,18,0.222,0.222,0.278,0.5,0.216,456034
2021,0,0,0,0,0,0,0,2,2,0,0,0,0,0,608334
2021,0,0,3,0,0,0,0,6,6,0,0,0,0,0,669456
2021,0,1,9,1,0,0,0,23,25,0.042,0.08,0.042,0.122,0.064,669060
2021,2,0,7,4,0,0,0,18,24,0.182,0.25,0.182,0.432,0.204,592622
2021,0,0,0,0,0,0,0,2,2,0,0,0,0,0,453527
2021,3,0,10,4,0,0,0,30,37,0.118,0.189,0.118,0.307,0.151,605353
2021,0,0,0,1,0,0,0,1,2,0.5,0.5,0.5,1,0.44,663474
2021,1,0,7,0,0,0,0,10,11,0,0.091,0,0.091,0.063,664192
2021,2,0,9,2,0,0,0,26,30,0.071,0.133,0.071,0.204,0.105,592826
2021,2,0,8,1,0,0,0,22,25,0.043,0.12,0.043,0.163,0.091,664731
2021,5,0,10,9,1,0,0,29,44,0.256,0.341,0.282,0.623,0.287,605361
2021,11,1,23,5,0,0,3,52,72,0.133,0.278,0.283,0.561,0.26,645801
2021,0,0,0,0,0,0,0,1,1,0,0,0,0,0,641682
2021,2,0,2,0,0,0,0,3,5,0,0.4,0,0.4,0.277,501625
2021,0,0,1,0,0,0,0,6,6,0,0,0,0,0,677651
2021,0,0,3,0,0,0,0,6,6,0,0,0,0,0,518774
2021,22,0,59,12,4,0,6,140,184,0.136,0.239,0.272,0.511,0.233,670097
2021,0,0,3,1,0,0,0,3,4,0.25,0.25,0.25,0.5,0.22,664353
2021,0,0,3,0,0,0,0,4,4,0,0,0,0,0,669145
2021,0,0,12,1,0,0,0,18,19,0.053,0.053,0.053,0.106,0.046,664068
2021,2,0,17,7,2,1,0,54,66,0.156,0.182,0.219,0.401,0.176,642221
2021,4,0,15,8,2,1,2,52,69,0.2,0.246,0.354,0.6,0.259,622268
2021,2,2,20,2,1,0,3,35,45,0.146,0.222,0.39,0.612,0.263,641924
2021,0,0,3,1,0,0,0,3,4,0.25,0.25,0.25,0.5,0.22,605164
2021,3,0,14,5,1,0,0,31,40,0.162,0.225,0.189,0.414,0.193,608422
2021,0,0,1,0,0,0,0,1,1,0,0,0,0,0,665621
2021,7,1,43,14,8,1,6,100,137,0.225,0.27,0.442,0.712,0.302,609275
2021,0,0,1,1,0,0,0,2,3,0.333,0.333,0.333,0.666,0.293,640464
2021,0,0,3,1,0,0,0,7,8,0.125,0.125,0.125,0.25,0.11,624522
2021,3,2,6,2,1,0,0,32,40,0.086,0.2,0.114,0.314,0.163,453943
2021,0,0,1,0,0,0,0,1,1,0,0,0,0,0,592390
2021,0,0,1,1,0,0,0,3,4,0.25,0.25,0.25,0.5,0.22,656876
2021,0,0,1,0,0,0,0,1,1,0,0,0,0,0,458676
2021,0,0,0,0,0,0,0,2,2,0,0,0,0,0,594986
2021,3,1,11,7,3,0,0,32,46,0.238,0.304,0.31,0.614,0.276,672701
2021,1,0,1,0,0,0,0,2,3,0,0.333,0,0.333,0.231,641999
2021,0,0,2,1,0,0,0,2,3,0.333,0.333,0.333,0.666,0.293,446321
2021,0,0,1,0,0,0,0,2,2,0,0,0,0,0,608371
2021,0,0,6,1,0,0,0,9,10,0.1,0.1,0.1,0.2,0.088,656548
2021,0,0,2,0,1,0,0,4,5,0.2,0.2,0.4,0.6,0.248,572070
2021,0,0,1,0,0,0,0,2,2,0,0,0,0,0,596001
2021,0,0,2,0,0,0,0,2,2,0,0,0,0,0,601713
2021,0,0,4,0,0,0,0,7,7,0,0,0,0,0,501985
2021,0,0,1,0,0,0,0,1,1,0,0,0,0,0,664092
2021,0,0,0,0,0,0,0,1,1,0,0,0,0,0,643327
2021,0,0,1,0,0,0,0,1,1,0,0,0,0,0,676604
2021,0,0,1,0,0,0,0,3,3,0,0,0,0,0,598286
2021,3,0,9,5,1,0,0,30,39,0.167,0.231,0.194,0.425,0.198,571431
2021,1,0,11,0,0,0,0,15,16,0,0.062,0,0.062,0.043,669952
2021,0,0,2,1,0,0,0,4,5,0.2,0.2,0.2,0.4,0.176,670955
2021,0,0,3,1,1,0,0,9,11,0.182,0.182,0.273,0.455,0.193,656509
2021,1,0,0,0,0,0,0,0,1,0,1,0,0,0.692,666128
2021,0,0,1,0,1,0,0,2,3,0.333,0.333,0.667,1,0.414,664076
2021,0,0,1,0,0,0,0,1,1,0,0,0,0,0,519455
2021,0,0,1,0,0,0,0,1,1,0,0,0,0,0,676424
2021,1,0,4,0,0,0,0,5,6,0,0.167,0,0.167,0.115,607229
2021,0,0,3,2,1,0,0,5,8,0.375,0.375,0.5,0.875,0.375,656302
2021,0,0,0,0,0,0,0,1,1,0,0,0,0,0,624418
2021,0,0,2,0,0,0,0,2,2,0,0,0,0,0,642701
2021,0,0,2,2,0,0,0,4,6,0.333,0.333,0.333,0.666,0.293,663698
2021,0,0,0,0,0,0,0,1,1,0,0,0,0,0,614179
2021,0,0,1,0,0,0,0,1,1,0,0,0,0,0,605538
2021,0,1,3,0,0,0,0,4,5,0,0.2,0,0.2,0.144,670462
2021,0,0,1,0,0,0,0,2,2,0,0,0,0,0,572971
2021,0,0,1,1,0,0,0,1,2,0.5,0.5,0.5,1,0.44,657141
2021,0,0,0,0,2,0,0,2,4,0.5,0.5,1,1.5,0.621,645305
2021,0,0,5,0,0,0,0,9,9,0,0,0,0,0,425772
2021,1,0,1,1,0,0,0,3,5,0.25,0.4,0.25,0.65,0.314,458708
2021,0,0,9,1,1,0,0,16,18,0.111,0.111,0.167,0.278,0.118,605507
2021,5,5,13,5,4,1,0,28,48,0.263,0.417,0.421,0.838,0.375,656185
2021,4,0,15,5,3,1,1,28,42,0.263,0.333,0.474,0.807,0.344,669394
2021,0,0,8,2,0,0,0,24,26,0.077,0.077,0.077,0.154,0.068,660644
2021,17,2,40,21,8,0,11,121,180,0.248,0.328,0.503,0.831,0.354,657757
2021,9,1,11,10,3,1,1,59,84,0.203,0.298,0.311,0.609,0.274,670623
2021,0,0,1,0,0,0,0,1,1,0,0,0,0,0,676596
2021,7,0,32,13,3,0,0,80,103,0.167,0.223,0.198,0.421,0.194,607345
2021,0,0,1,0,0,0,0,1,1,0,0,0,0,0,547179
2021,1,0,8,1,2,0,1,19,24,0.174,0.208,0.391,0.599,0.253,663905
2021,0,0,10,3,0,0,1,26,30,0.133,0.133,0.233,0.366,0.155,502043
2021,0,0,2,0,0,0,0,4,4,0,0,0,0,0,547943
2021,1,0,3,0,1,0,0,5,7,0.167,0.286,0.333,0.619,0.276,607430
2021,0,0,2,0,1,0,0,2,3,0.333,0.333,0.667,1,0.414,643290
2021,0,0,0,0,0,0,0,1,1,0,0,0,0,0,542947
2021,0,0,1,0,0,0,0,1,1,0,0,0,0,0,605280
2021,0,0,2,0,0,0,0,2,2,0,0,0,0,0,579328
2021,0,0,1,0,0,0,0,5,5,0,0,0,0,0,592662
2021,0,0,5,0,0,0,0,6,6,0,0,0,0,0,543475
2021,0,0,2,0,1,0,0,4,5,0.2,0.2,0.4,0.6,0.248,607644
2021,0,0,1,0,0,0,0,3,3,0,0,0,0,0,622766
2021,0,0,2,0,0,0,0,2,2,0,0,0,0,0,657097
2021,0,0,2,0,0,0,0,6,6,0,0,0,0,0,548389
2021,1,0,2,0,0,0,0,3,4,0,0.25,0,0.25,0.173,571676
2021,0,0,3,1,0,0,0,3,4,0.25,0.25,0.25,0.5,0.22,641793
2021,4,0,14,3,0,0,0,23,30,0.115,0.233,0.115,0.348,0.18,606993
2021,2,1,6,2,0,0,2,17,24,0.19,0.292,0.476,0.768,0.328,534606
2021,2,0,0,0,0,0,0,0,2,0,1,0,0,0.692,656887
2021,0,0,1,0,0,0,0,1,1,0,0,0,0,0,445276
2021,0,0,13,0,1,0,0,17,18,0.056,0.056,0.111,0.167,0.069,666137
2021,0,0,3,1,0,0,0,3,4,0.25,0.25,0.25,0.5,0.22,656686
2021,0,0,6,0,0,0,0,6,6,0,0,0,0,0,656353
2021,0,0,0,1,0,0,0,0,1,1,1,1,2,0.879,488984
2021,0,0,4,0,0,0,0,4,4,0,0,0,0,0,621249
2021,3,2,12,1,0,0,0,27,33,0.036,0.182,0.036,0.218,0.133,457727
2021,0,0,2,2,0,0,0,6,8,0.25,0.25,0.25,0.5,0.22,642456
2021,1,0,1,3,0,0,0,8,12,0.273,0.333,0.273,0.606,0.277,493472
2021,0,0,3,0,0,0,0,3,3,0,0,0,0,0,527048
2021,0,0,1,0,0,0,0,2,2,0,0,0,0,0,605347
2021,0,0,0,0,0,0,0,3,3,0,0,0,0,0,623167
2021,1,0,4,2,0,0,0,9,12,0.182,0.25,0.182,0.432,0.204,541600
2021,0,0,1,1,0,0,0,1,2,0.5,0.5,0.5,1,0.44,676477
2021,0,0,1,0,0,0,0,2,2,0,0,0,0,0,643256
2021,0,0,1,1,0,0,0,1,2,0.5,0.5,0.5,1,0.44,656954
2021,1,0,1,0,0,0,0,2,3,0,0.333,0,0.333,0.231,543135
2021,0,0,2,0,0,0,0,4,4,0,0,0,0,0,431148
2021,1,0,5,0,0,0,0,14,15,0,0.067,0,0.067,0.046,571945
2021,1,0,6,0,0,0,0,6,7,0,0.143,0,0.143,0.099,659275
2021,0,0,2,0,0,0,0,2,2,0,0,0,0,0,670056
2021,0,0,1,0,0,0,0,1,1,0,0,0,0,0,572125
2021,0,0,1,0,0,0,0,1,1,0,0,0,0,0,518886
2021,0,0,3,0,0,0,0,6,6,0,0,0,0,0,593958
2021,0,0,4,0,0,0,0,7,7,0,0,0,0,0,664074
2021,0,0,0,0,0,0,0,3,3,0,0,0,0,0,523260
2021,5,0,6,3,2,0,1,14,25,0.3,0.44,0.55,0.99,0.424,664314
2021,0,1,2,0,0,0,0,2,3,0,0.333,0,0.333,0.241,641541
2021,4,0,5,1,2,0,1,10,18,0.286,0.444,0.643,1.087,0.452,663527
2021,0,0,7,0,0,0,0,10,10,0,0,0,0,0,676646
2021,1,0,1,0,0,0,0,1,2,0,0.5,0,0.5,0.346,650644
2021,1,0,1,0,0,0,0,1,2,0,0.5,0,0.5,0.346,571948
2021,1,0,7,1,0,0,0,11,13,0.083,0.154,0.083,0.237,0.121,666205
2021,0,0,1,1,0,1,0,6,8,0.25,0.25,0.5,0.75,0.306,605233
2021,0,0,5,0,1,0,0,14,15,0.067,0.067,0.133,0.2,0.083,608328
2021,0,0,0,0,0,0,0,1,1,0,0,0,0,0,518858
2021,0,1,1,1,0,0,0,1,3,0.5,0.667,0.5,1.167,0.534,608723
2021,1,0,2,1,0,0,0,2,4,0.333,0.5,0.333,0.833,0.393,571760
2021,0,0,1,1,0,0,0,3,4,0.25,0.25,0.25,0.5,0.22,641540
2021,0,0,1,0,0,0,0,1,1,0,0,0,0,0,605151
2021,0,0,4,3,0,0,1,14,18,0.222,0.222,0.389,0.611,0.258,644433
2021,0,0,0,0,0,0,0,2,2,0,0,0,0,0,676220
2021,0,0,1,0,0,0,0,1,1,0,0,0,0,0,643778
2021,3,0,14,3,3,0,2,51,62,0.136,0.177,0.288,0.465,0.201,665482
2021,0,0,1,0,0,0,0,1,1,0,0,0,0,0,658551
2021,0,0,0,0,0,0,0,1,1,0,0,0,0,0,595465
2021,4,3,17,5,4,1,0,40,57,0.2,0.298,0.32,0.618,0.278,676480
2021,8,2,23,8,3,0,2,47,70,0.217,0.329,0.367,0.696,0.311,664983
2021,4,1,28,20,2,0,1,77,105,0.23,0.267,0.28,0.547,0.243,621006
2021,0,0,0,1,0,0,0,0,1,1,1,1,2,0.879,656818
2021,4,0,2,7,1,0,1,23,36,0.281,0.361,0.406,0.767,0.338,670770
2021,3,0,11,6,1,0,0,30,40,0.189,0.25,0.216,0.466,0.215,666213
2021,4,0,12,7,2,0,1,41,55,0.196,0.255,0.294,0.549,0.244,592656
2021,0,0,2,0,0,0,0,2,2,0,0,0,0,0,592314
2021,0,0,2,0,0,0,0,2,2,0,0,0,0,0,608717
2021,0,0,3,0,0,0,0,4,4,0,0,0,0,0,593423
2021,0,0,1,0,0,0,0,2,2,0,0,0,0,0,667297
2021,0,0,2,1,0,0,0,6,7,0.143,0.143,0.143,0.286,0.126,608344
2021,0,0,2,1,0,0,0,3,4,0.25,0.25,0.25,0.5,0.22,621076
2021,0,0,7,1,0,0,0,8,9,0.111,0.111,0.111,0.222,0.098,605504
2021,0,0,0,0,0,0,0,1,1,0,0,0,0,0,664208
2021,0,0,1,0,0,0,0,2,2,0,0,0,0,0,663465
2021,0,0,0,0,0,0,0,1,1,0,0,0,0,0,502171
2021,0,0,0,0,0,0,0,1,1,0,0,0,0,0,641482
2021,0,0,1,0,0,0,0,1,1,0,0,0,0,0,622250
2021,0,0,1,0,0,0,0,1,1,0,0,0,0,0,660761
2021,1,0,4,1,0,0,0,9,11,0.1,0.182,0.1,0.282,0.143,621005
2021,0,0,1,0,0,0,0,2,2,0,0,0,0,0,622446
2021,0,0,0,0,0,0,0,1,1,0,0,0,0,0,667463
2021,1,0,2,1,0,0,0,3,5,0.25,0.4,0.25,0.65,0.314,663776
2021,0,0,2,0,0,0,0,3,3,0,0,0,0,0,593334
2021,0,0,1,0,0,0,0,2,2,0,0,0,0,0,656794
2021,0,0,4,1,0,0,0,10,11,0.091,0.091,0.091,0.182,0.08,669674
2021,0,0,0,0,0,0,0,1,1,0,0,0,0,0,607625
2021,0,0,2,0,0,0,0,4,4,0,0,0,0,0,476594
2021,0,0,1,0,0,0,0,1,1,0,0,0,0,0,650496
2021,0,0,1,0,0,0,0,1,1,0,0,0,0,0,656529
2021,0,0,2,0,0,0,0,2,2,0,0,0,0,0,669212
2021,0,0,3,1,0,0,0,3,4,0.25,0.25,0.25,0.5,0.22,608337
2021,0,0,0,0,0,0,0,2,2,0,0,0,0,0,621261
2021,0,0,0,0,0,0,0,1,1,0,0,0,0,0,656288
2021,0,0,3,0,0,0,0,3,3,0,0,0,0,0,445926
2021,1,0,7,2,1,1,0,9,14,0.308,0.357,0.538,0.895,0.376,657136
2021,3,6,18,6,4,1,1,52,73,0.188,0.288,0.328,0.616,0.277,657193
2021,2,0,9,0,0,0,0,16,18,0,0.111,0,0.111,0.077,657053
2021,0,0,7,0,0,0,0,11,11,0,0,0,0,0,592716
2021,1,0,4,0,0,0,0,7,8,0,0.125,0,0.125,0.086,596071
2021,0,0,5,0,0,0,0,14,14,0,0,0,0,0,668820
2021,2,0,10,5,2,0,0,33,42,0.175,0.214,0.225,0.439,0.197,666931
2021,1,2,15,4,2,0,0,25,34,0.194,0.265,0.258,0.523,0.239,592407
2021,0,0,3,0,0,0,0,4,4,0,0,0,0,0,605276
2021,0,0,0,0,0,0,0,1,1,0,0,0,0,0,607455
2021,0,0,8,3,1,0,4,23,31,0.258,0.258,0.677,0.935,0.384,543308
2021,0,0,1,0,0,0,0,1,1,0,0,0,0,0,595798
2021,0,0,0,0,0,0,0,1,1,0,0,0,0,0,642073
2021,0,0,0,0,0,0,0,1,1,0,0,0,0,0,667376
2021,0,0,3,0,0,0,0,4,4,0,0,0,0,0,656494
2021,0,0,1,0,0,0,0,1,1,0,0,0,0,0,663378
2021,0,0,3,0,0,0,0,3,3,0,0,0,0,0,608379
2021,0,0,1,0,0,0,0,1,1,0,0,0,0,0,453265
2021,1,0,0,0,0,0,0,0,1,0,1,0,0,0.692,670950
2021,0,0,1,0,0,0,0,2,2,0,0,0,0,0,519326
2021,0,0,2,0,0,0,0,2,2,0,0,0,0,0,571521
2021,0,0,1,0,1,0,0,8,9,0.111,0.111,0.222,0.333,0.138,664041
2021,0,0,3,0,0,0,0,4,4,0,0,0,0,0,656578
2021,0,0,2,0,0,0,0,4,4,0,0,0,0,0,664011
2021,0,0,2,1,0,0,0,2,3,0.333,0.333,0.333,0.666,0.293,641360
2021,0,0,0,0,0,0,0,1,1,0,0,0,0,0,543351
2021,0,0,1,0,0,0,0,2,2,0,0,0,0,0,669622
2021,0,0,0,0,0,0,0,4,4,0,0,0,0,0,600858
2021,0,0,0,0,0,0,0,1,1,0,0,0,0,0,621052
2021,0,0,1,0,0,0,0,1,1,0,0,0,0,0,663399
2021,0,0,1,0,0,0,0,2,2,0,0,0,0,0,641941
2021,0,0,1,0,0,0,0,2,2,0,0,0,0,0,595345
2021,0,0,1,0,0,0,0,1,1,0,0,0,0,0,641851
2021,1,0,12,1,0,0,0,22,24,0.043,0.083,0.043,0.126,0.065,680686
2021,0,0,1,0,0,0,0,2,2,0,0,0,0,0,446372
2021,1,0,3,2,1,0,1,5,10,0.444,0.5,0.889,1.389,0.57,666179
2021,0,0,0,0,0,0,0,1,1,0,0,0,0,0,664123
2021,0,0,1,0,0,0,0,2,2,0,0,0,0,0,607560
2021,1,0,3,1,1,1,0,17,21,0.15,0.19,0.3,0.49,0.209,607111
2021,0,0,0,0,1,0,0,1,2,0.5,0.5,1,1.5,0.621,656883
2021,0,0,1,0,0,0,0,3,3,0,0,0,0,0,596049
2021,0,0,5,0,0,0,0,8,8,0,0,0,0,0,663753
2021,0,0,1,0,0,0,0,1,1,0,0,0,0,0,607374
2021,1,0,5,3,1,0,0,11,16,0.267,0.312,0.333,0.645,0.286,668721
2021,0,0,2,0,1,0,0,7,8,0.125,0.125,0.25,0.375,0.155,650668
2021,3,0,8,5,0,0,4,22,34,0.29,0.353,0.677,1.03,0.426,663743
2021,8,0,11,2,1,0,4,21,36,0.25,0.417,0.714,1.131,0.46,572204
2021,0,0,4,1,0,0,0,5,6,0.167,0.167,0.167,0.334,0.146,623485
2021,1,0,2,1,0,0,0,2,4,0.333,0.5,0.333,0.833,0.393,641712
2021,0,0,1,0,0,0,0,2,2,0,0,0,0,0,663567
2021,0,0,1,0,0,0,0,1,1,0,0,0,0,0,672640
2021,0,0,1,0,0,0,0,1,1,0,0,0,0,0,666201
2021,0,0,2,1,0,0,0,10,11,0.091,0.091,0.091,0.182,0.08,622168
2021,2,0,4,7,2,0,0,26,37,0.257,0.297,0.314,0.611,0.271,506703
2021,3,1,11,2,0,0,1,29,36,0.094,0.194,0.188,0.382,0.182,675656
2021,0,0,6,0,0,0,0,11,11,0,0,0,0,0,656457
2021,0,0,0,0,0,0,0,1,1,0,0,0,0,0,622098
2021,0,0,3,0,0,0,0,7,7,0,0,0,0,0,641745
2021,0,0,0,0,0,0,0,2,2,0,0,0,0,0,670766
2021,0,1,4,2,1,0,0,17,21,0.15,0.19,0.2,0.39,0.177,542963
2021,0,0,1,0,0,0,0,1,1,0,0,0,0,0,668665
2021,0,0,3,0,0,0,0,3,3,0,0,0,0,0,642545
2021,0,0,1,0,0,0,0,3,3,0,0,0,0,0,607074
2021,0,0,1,0,0,0,0,1,1,0,0,0,0,0,670456
2021,0,0,1,0,0,0,0,2,2,0,0,0,0,0,571927
2021,0,0,1,0,0,0,0,1,1,0,0,0,0,0,605154
2021,0,0,3,1,0,0,0,4,5,0.2,0.2,0.2,0.4,0.176,458681
2021,0,0,0,0,0,0,0,1,1,0,0,0,0,0,656629
2021,0,0,1,0,0,0,0,1,1,0,0,0,0,0,660546
2021,0,0,1,0,0,0,0,1,1,0,0,0,0,0,650828
2021,0,0,3,3,0,0,0,8,11,0.273,0.273,0.273,0.546,0.24,675649
2021,1,0,0,0,0,0,0,1,2,0,0.5,0,0.5,0.346,592791
2021,0,0,2,0,0,0,0,3,3,0,0,0,0,0,643377
2021,0,0,10,0,0,0,0,19,19,0,0,0,0,0,471911
2021,1,0,1,1,0,0,0,6,8,0.143,0.25,0.143,0.393,0.196,642136
2021,0,0,0,1,0,0,0,1,2,0.5,0.5,0.5,1,0.44,641927
2021,0,0,1,0,0,0,0,2,2,0,0,0,0,0,425844
2021,0,0,4,0,0,0,0,4,4,0,0,0,0,0,656756
2021,0,0,0,0,0,0,0,1,1,0,0,0,0,0,606162
2021,0,0,1,0,0,0,0,1,1,0,0,0,0,0,593576
2021,0,0,3,0,0,0,0,4,4,0,0,0,0,0,621121
2021,0,0,1,0,0,0,0,1,1,0,0,0,0,0,670280
2021,0,0,1,0,0,0,0,1,1,0,0,0,0,0,656212
2021,0,0,0,0,0,0,0,1,1,0,0,0,0,0,543606
2021,0,0,1,0,0,0,0,5,5,0,0,0,0,0,663460
2021,1,0,1,0,0,0,0,1,2,0,0.5,0,0.5,0.346,672282
2021,0,0,1,0,0,0,0,1,1,0,0,0,0,0,621074
2021,0,0,0,0,0,0,0,2,2,0,0,0,0,0,660813
2021,0,0,3,0,0,0,0,6,6,0,0,0,0,0,543594
2021,0,0,1,0,0,0,0,1,1,0,0,0,0,0,623437
2021,0,0,4,0,0,0,0,7,7,0,0,0,0,0,615699
2021,0,0,1,0,0,0,0,1,1,0,0,0,0,0,657228
2021,0,0,0,0,0,0,0,2,2,0,0,0,0,0,596057
2021,0,0,1,0,0,0,0,1,1,0,0,0,0,0,457915
2021,0,0,1,0,0,0,0,1,1,0,0,0,0,0,683232
2021,0,0,0,0,0,0,0,1,1,0,0,0,0,0,596082
2021,0,0,1,0,0,0,0,1,1,0,0,0,0,0,543022
2021,0,0,1,0,0,0,0,1,1,0,0,0,0,0,655889
2021,0,0,3,0,0,0,0,3,3,0,0,0,0,0,623465
2021,1,0,6,1,0,0,0,10,12,0.091,0.167,0.091,0.258,0.131,593528
2021,1,0,0,0,0,0,0,0,1,0,1,0,0,0.692,641394
2021,0,0,4,0,0,0,0,4,4,0,0,0,0,0,672578
2021,1,0,1,0,0,0,0,2,3,0,0.333,0,0.333,0.231,663554
2021,0,0,2,0,0,0,0,3,3,0,0,0,0,0,669373
2021,0,0,3,0,1,0,0,6,7,0.143,0.143,0.286,0.429,0.177,665795
2021,1,0,3,0,0,0,0,6,7,0,0.143,0,0.143,0.099,676900
2021,1,0,0,1,0,0,0,0,2,1,1,1,2,0.785,500779
2021,0,0,1,0,0,0,0,1,1,0,0,0,0,0,656322
2021,0,0,1,0,0,0,0,2,2,0,0,0,0,0,641302
2021,0,0,1,0,0,0,0,1,1,0,0,0,0,0,570632
2021,1,0,0,0,0,0,0,1,2,0,0.5,0,0.5,0.346,503449
2021,0,0,1,0,0,0,0,1,1,0,0,0,0,0,676050
2021,0,0,1,0,0,0,0,2,2,0,0,0,0,0,448855
2021,1,0,0,1,0,0,0,0,2,1,1,1,2,0.785,666139
2021,0,0,1,0,0,0,0,2,2,0,0,0,0,0,685503
2021,0,0,1,0,0,0,0,1,1,0,0,0,0,0,666159
2021,0,0,1,0,0,0,0,1,1,0,0,0,0,0,641907
2021,0,0,0,0,0,0,0,1,1,0,0,0,0,0,593833
2021,0,0,0,0,0,0,0,1,1,0,0,0,0,0,571800
2021,0,0,0,0,0,0,0,2,2,0,0,0,0,0,608349
2021,1,0,1,0,0,0,0,1,2,0,0.5,0,0.5,0.346,657376
2021,0,0,1,0,0,0,0,1,1,0,0,0,0,0,663372
2021,0,0,0,0,0,0,0,1,1,0,0,0,0,0,665759
2021,1,0,1,0,0,0,0,6,7,0,0.143,0,0.143,0.099,668723
2021,0,0,0,0,0,0,0,1,1,0,0,0,0,0,664045
2021,0,0,1,0,0,0,0,1,1,0,0,0,0,0,658431
2021,0,0,1,0,0,0,0,1,1,0,0,0,0,0,543056
2021,0,0,2,0,0,0,0,2,2,0,0,0,0,0,669211
2021,0,0,2,0,0,0,0,2,2,0,0,0,0,0,657746
2021,0,0,2,0,0,0,0,2,2,0,0,0,0,0,594311
2021,1,0,0,2,0,0,0,3,6,0.4,0.5,0.4,0.9,0.408,543089
2021,0,0,5,0,0,0,0,6,6,0,0,0,0,0,665665
2021,0,0,0,0,0,0,0,1,1,0,0,0,0,0,571946
2021,1,0,1,0,1,0,0,4,6,0.2,0.333,0.4,0.733,0.322,624419
2021,0,0,4,2,0,0,0,11,13,0.154,0.154,0.154,0.308,0.135,623508
2021,0,0,1,0,0,0,0,2,2,0,0,0,0,0,664196
2021,0,0,0,0,0,0,0,1,1,0,0,0,0,0,650347
2021,1,0,1,2,0,0,0,6,9,0.25,0.333,0.25,0.583,0.272,602080
2021,1,0,4,1,0,0,0,10,12,0.091,0.167,0.091,0.258,0.131,518902
2021,0,0,1,1,0,0,0,2,3,0.333,0.333,0.333,0.666,0.293,676265
2021,0,0,1,0,0,0,0,1,1,0,0,0,0,0,658648
2021,0,0,2,0,0,0,0,2,2,0,0,0,0,0,607067
2021,0,0,0,0,0,0,0,1,1,0,0,0,0,0,502285
2021,0,0,4,2,0,0,1,6,9,0.333,0.333,0.667,1,0.418,665833
2021,0,0,1,0,0,0,0,1,1,0,0,0,0,0,656557
2021,0,0,1,0,0,0,0,1,1,0,0,0,0,0,668968
2021,0,0,1,0,0,0,0,1,1,0,0,0,0,0,621345
2021,1,0,0,0,0,0,0,0,1,0,1,0,0,0.692,656354
2021,0,0,0,1,0,0,0,0,1,1,1,1,2,0.879,453268
2021,0,0,2,0,0,0,0,2,2,0,0,0,0,0,665066
2021,0,0,1,0,0,0,0,2,2,0,0,0,0,0,675911
2021,0,0,2,0,0,0,0,2,2,0,0,0,0,0,672851
2021,0,0,1,0,0,0,0,1,1,0,0,0,0,0,519242
