"year","BB","HBP","SO","X1B","X2B","X3B","HR","Outs","total_pas","ba","obp","slg","ops","woba","pitcher"
2019,12,1,30,18,8,1,10,80,130,0.316,0.385,0.658,1.043,0.426,542881
2019,45,10,111,89,27,2,29,362,564,0.289,0.358,0.521,0.879,0.369,605347
2019,56,6,148,134,50,3,23,595,867,0.261,0.314,0.416,0.73,0.311,594835
2019,54,9,128,115,19,2,30,528,757,0.239,0.303,0.402,0.705,0.301,571666
2019,34,3,97,40,16,4,7,216,320,0.237,0.325,0.396,0.721,0.311,605130
2019,39,4,97,62,18,5,21,289,438,0.268,0.34,0.499,0.839,0.352,601713
2019,31,5,151,82,17,1,13,366,515,0.236,0.289,0.357,0.646,0.279,605540
2019,58,7,150,99,30,0,19,431,644,0.256,0.331,0.406,0.737,0.318,430935
2019,17,3,104,54,23,3,18,248,366,0.283,0.322,0.523,0.845,0.351,471911
2019,33,3,68,43,10,1,9,215,314,0.227,0.315,0.367,0.682,0.298,656794
2019,12,2,31,10,4,1,4,96,129,0.165,0.256,0.322,0.578,0.253,533167
2019,58,4,231,80,28,5,26,525,726,0.209,0.277,0.384,0.661,0.282,608337
2019,52,14,165,115,39,3,28,494,745,0.272,0.337,0.462,0.799,0.339,543699
2019,8,0,8,12,7,1,7,51,86,0.346,0.407,0.731,1.138,0.46,429722
2019,64,6,146,115,27,2,23,504,741,0.249,0.32,0.398,0.718,0.309,489119
2019,25,2,55,29,7,0,7,151,221,0.222,0.317,0.366,0.683,0.299,594965
2019,1,0,4,0,1,0,0,5,7,0.167,0.286,0.333,0.619,0.272,573589
2019,62,16,153,105,34,4,14,439,674,0.263,0.349,0.404,0.753,0.327,605513
2019,25,4,81,68,32,2,23,328,482,0.276,0.32,0.508,0.828,0.344,592644
2019,49,4,138,67,14,3,21,315,473,0.25,0.334,0.448,0.782,0.333,519141
2019,28,5,146,92,26,2,23,441,617,0.245,0.285,0.414,0.699,0.295,501381
2019,19,8,122,72,28,1,22,351,501,0.259,0.299,0.462,0.761,0.319,621381
2019,37,10,103,85,39,6,29,376,582,0.297,0.354,0.555,0.909,0.377,592716
2019,24,12,100,72,23,3,15,336,485,0.252,0.307,0.416,0.723,0.308,641154
2019,7,2,34,12,6,1,2,99,129,0.175,0.233,0.292,0.525,0.228,605525
2019,38,9,162,102,48,5,21,515,738,0.255,0.302,0.43,0.732,0.309,605397
2019,60,6,165,96,40,1,29,489,721,0.253,0.322,0.45,0.772,0.327,605164
2019,2,0,0,2,0,0,0,2,6,0.5,0.667,0.5,1.167,0.52,664875
2019,28,2,80,52,15,1,10,247,355,0.24,0.304,0.385,0.689,0.296,572140
2019,16,2,124,39,16,1,5,248,327,0.197,0.242,0.304,0.546,0.236,521230
2019,45,6,145,122,43,5,32,531,784,0.276,0.323,0.479,0.802,0.336,519144
2019,8,1,13,15,7,0,2,47,80,0.338,0.412,0.521,0.933,0.396,491646
2019,6,4,35,28,6,0,2,107,153,0.252,0.301,0.336,0.637,0.278,669160
2019,1,0,2,1,0,0,2,5,9,0.375,0.444,1.125,1.569,0.604,592705
2019,28,5,87,42,9,3,8,243,338,0.203,0.281,0.331,0.612,0.268,628711
2019,16,1,74,52,7,0,6,187,269,0.258,0.305,0.357,0.662,0.287,453178
2019,27,1,72,54,9,0,16,203,310,0.28,0.345,0.482,0.827,0.349,641482
2019,3,0,3,0,0,0,0,4,7,0,0.429,0,0.429,0.296,571521
2019,27,0,49,36,8,0,5,133,209,0.269,0.364,0.396,0.76,0.332,407845
2019,7,1,15,10,10,0,5,38,71,0.397,0.465,0.794,1.259,0.509,623430
2019,29,3,58,38,16,0,7,175,268,0.258,0.347,0.415,0.762,0.329,642152
2019,26,2,34,30,13,1,9,119,200,0.308,0.405,0.552,0.957,0.401,642231
2019,17,3,24,17,5,2,1,74,119,0.253,0.378,0.374,0.752,0.334,597113
2019,24,4,47,41,7,2,5,157,240,0.259,0.346,0.382,0.728,0.318,518715
2019,23,0,59,31,2,1,5,164,226,0.192,0.274,0.286,0.56,0.25,623184
2019,1,1,1,1,0,0,1,1,5,0.667,0.8,1.667,2.467,0.844,519301
2019,8,3,18,10,6,0,6,72,105,0.234,0.314,0.489,0.803,0.336,519326
2019,0,0,3,0,0,0,0,9,9,0,0,0,0,0,642203
2019,10,1,20,12,5,2,3,61,94,0.265,0.351,0.482,0.833,0.351,594577
2019,14,2,20,13,2,1,4,57,93,0.26,0.387,0.468,0.855,0.367,642840
2019,1,0,1,2,1,0,1,4,9,0.5,0.556,1,1.556,0.621,663969
2019,13,1,18,16,4,0,2,43,79,0.338,0.456,0.492,0.948,0.41,622864
2019,37,4,101,29,7,1,10,186,274,0.202,0.321,0.369,0.69,0.303,657624
2019,5,1,14,6,2,1,2,39,56,0.22,0.304,0.42,0.724,0.308,596074
2019,14,1,11,15,8,0,3,44,85,0.371,0.482,0.614,1.096,0.459,657585
2019,18,2,47,15,5,0,6,93,139,0.218,0.331,0.412,0.743,0.321,543351
2019,21,2,29,23,9,0,5,100,160,0.27,0.375,0.445,0.82,0.354,656887
2019,7,0,3,1,0,0,1,12,21,0.143,0.429,0.357,0.786,0.364,621052
2019,1,0,2,1,0,0,0,3,5,0.25,0.4,0.25,0.65,0.312,474039
2019,27,3,80,29,7,0,8,195,269,0.184,0.275,0.314,0.589,0.26,543507
2019,2,0,1,1,0,0,0,1,4,0.5,0.75,0.5,1.25,0.562,606127
2019,4,0,8,1,2,0,1,13,21,0.235,0.381,0.529,0.91,0.381,527055
2019,1,0,2,0,0,0,0,3,4,0,0.25,0,0.25,0.172,621048
2019,0,1,3,1,0,0,0,3,5,0.25,0.4,0.25,0.65,0.318,642857
2019,10,4,28,34,10,0,6,153,217,0.246,0.295,0.384,0.679,0.291,573046
2019,19,3,38,19,5,0,4,76,126,0.269,0.397,0.433,0.83,0.362,656945
2019,2,0,2,1,0,0,1,4,8,0.333,0.5,0.833,1.333,0.524,606478
2019,21,0,47,22,9,0,9,122,183,0.247,0.333,0.469,0.802,0.339,608678
2019,1,0,2,0,0,0,0,3,4,0,0.25,0,0.25,0.172,592105
2019,0,0,2,1,2,0,0,3,6,0.5,0.5,0.833,1.333,0.551,516769
2019,1,0,1,0,0,0,0,4,5,0,0.2,0,0.2,0.138,657558
2019,11,2,46,27,7,1,8,131,187,0.247,0.299,0.437,0.736,0.311,656547
2019,27,3,54,33,13,0,13,207,296,0.222,0.301,0.417,0.718,0.306,453172
2019,0,0,3,0,0,0,0,3,3,0,0,0,0,0,600944
2019,15,0,43,29,11,2,12,180,249,0.231,0.277,0.449,0.726,0.302,661255
2019,15,0,27,13,6,0,7,74,115,0.26,0.357,0.53,0.887,0.37,519166
2019,10,3,39,15,5,2,5,81,121,0.25,0.331,0.472,0.803,0.338,622103
2019,19,4,139,17,7,2,15,227,291,0.153,0.22,0.362,0.582,0.246,623352
2019,0,0,3,0,0,0,0,3,3,0,0,0,0,0,547749
2019,24,5,87,50,11,1,8,218,317,0.243,0.312,0.372,0.684,0.297,621142
2019,10,4,49,20,16,1,5,122,178,0.256,0.315,0.457,0.772,0.325,424144
2019,0,0,3,0,0,0,0,3,3,0,0,0,0,0,595345
2019,16,3,46,17,8,3,8,121,176,0.229,0.312,0.471,0.783,0.329,592390
2019,25,3,27,22,11,0,4,96,161,0.278,0.404,0.451,0.855,0.371,672773
2019,0,0,2,0,1,0,0,3,4,0.25,0.25,0.5,0.75,0.304,572687
2019,16,3,42,22,7,2,5,108,163,0.25,0.337,0.431,0.768,0.329,542585
2019,9,2,13,8,2,0,3,29,53,0.31,0.453,0.571,1.024,0.431,458924
2019,27,2,73,25,9,1,12,169,245,0.218,0.31,0.435,0.745,0.317,593140
2019,5,0,6,4,3,0,0,24,36,0.226,0.333,0.323,0.656,0.294,657766
2019,20,2,51,20,5,2,7,169,225,0.167,0.249,0.315,0.564,0.246,643778
2019,27,1,63,45,5,1,5,180,264,0.237,0.318,0.331,0.649,0.287,594986
2019,38,6,45,28,8,0,7,136,223,0.24,0.39,0.402,0.792,0.351,594027
2019,13,2,73,52,17,1,13,246,344,0.252,0.285,0.429,0.714,0.3,489334
2019,0,0,0,0,0,0,0,3,3,0,0,0,0,0,623183
2019,37,9,57,30,9,1,5,153,244,0.227,0.373,0.359,0.732,0.329,605280
2019,14,1,58,43,13,2,10,205,288,0.249,0.288,0.421,0.709,0.299,457915
2019,15,2,25,27,10,0,8,124,186,0.266,0.333,0.467,0.8,0.339,622505
2019,18,0,26,16,4,0,2,53,93,0.293,0.43,0.427,0.857,0.377,573127
2019,24,3,56,46,17,3,10,179,282,0.298,0.365,0.506,0.871,0.367,543045
2019,0,0,2,0,0,0,0,3,3,0,0,0,0,0,661832
2019,0,0,1,0,0,0,1,1,2,0.5,0.5,2,2.5,0.97,519246
2019,1,0,0,0,0,0,0,2,3,0,0.333,0,0.333,0.23,657209
2019,1,0,0,1,0,0,0,1,3,0.5,0.667,0.5,1.167,0.52,502004
2019,0,0,0,2,1,0,0,2,5,0.6,0.6,0.8,1.4,0.591,502083
2019,3,0,9,16,1,1,5,57,83,0.288,0.313,0.512,0.825,0.343,450212
2019,1,0,0,0,0,1,0,1,3,0.5,0.667,1.5,2.167,0.74,518927
2019,20,3,63,34,10,0,6,155,228,0.244,0.32,0.38,0.7,0.304,523260
2019,16,0,76,42,12,0,6,211,287,0.221,0.265,0.332,0.597,0.257,570663
2019,19,4,39,18,4,0,6,87,138,0.243,0.37,0.435,0.805,0.349,656977
2019,8,2,16,10,3,0,2,35,60,0.3,0.417,0.48,0.897,0.386,476594
2019,13,2,32,23,6,0,11,120,175,0.25,0.314,0.494,0.808,0.337,593974
2019,7,0,10,4,3,0,1,25,40,0.242,0.375,0.424,0.799,0.348,582494
2019,6,4,31,40,19,1,6,160,236,0.292,0.322,0.465,0.787,0.331,542947
2019,0,0,1,1,0,0,0,2,3,0.333,0.333,0.333,0.666,0.29,621191
2019,21,0,33,22,6,1,8,103,161,0.264,0.36,0.493,0.853,0.36,606930
2019,0,0,1,1,0,0,0,2,3,0.333,0.333,0.333,0.666,0.29,621153
2019,35,5,72,72,23,1,18,253,407,0.311,0.378,0.526,0.904,0.38,543557
2019,17,4,43,41,10,1,6,170,249,0.254,0.317,0.386,0.703,0.304,643256
2019,11,5,41,41,6,2,9,161,235,0.265,0.315,0.434,0.749,0.318,453265
2019,34,5,87,45,15,2,5,214,320,0.238,0.331,0.359,0.69,0.304,605151
2019,4,0,7,4,1,0,3,18,30,0.308,0.4,0.692,1.092,0.443,594056
2019,0,0,0,0,1,1,0,3,5,0.4,0.4,1,1.4,0.549,625974
2019,14,2,61,31,11,1,7,183,249,0.215,0.265,0.361,0.626,0.267,489265
2019,32,1,61,19,16,1,6,148,223,0.221,0.336,0.411,0.747,0.323,605121
2019,15,0,60,27,11,0,10,173,236,0.217,0.267,0.403,0.67,0.282,621295
2019,1,0,0,0,0,0,0,1,2,0,0.5,0,0.5,0.345,571751
2019,2,0,18,7,2,1,1,29,42,0.275,0.31,0.45,0.76,0.318,595897
2019,1,0,0,0,0,0,0,1,2,0,0.5,0,0.5,0.345,471174
2019,15,0,63,33,3,0,6,176,233,0.193,0.245,0.289,0.534,0.233,501789
2019,19,0,96,31,4,2,10,193,259,0.196,0.255,0.354,0.609,0.26,519293
2019,23,6,90,28,7,0,10,202,276,0.182,0.268,0.332,0.6,0.263,593576
2019,12,2,33,21,11,1,7,113,167,0.261,0.323,0.484,0.807,0.338,664208
2019,3,0,5,5,3,0,1,28,40,0.243,0.3,0.405,0.705,0.3,525768
2019,10,4,47,30,9,1,8,134,196,0.264,0.316,0.456,0.772,0.326,543883
2019,21,2,51,25,8,1,8,132,197,0.241,0.33,0.437,0.767,0.327,488748
2019,11,3,30,12,3,1,4,88,122,0.185,0.279,0.343,0.622,0.272,605388
2019,6,0,6,6,1,0,1,22,36,0.267,0.389,0.4,0.789,0.348,502085
2019,0,0,0,0,0,0,0,3,3,0,0,0,0,0,543506
2019,23,3,66,33,7,0,13,180,259,0.227,0.305,0.425,0.73,0.311,453284
2019,3,1,16,29,7,0,6,87,133,0.326,0.346,0.519,0.865,0.362,519096
2019,0,0,0,0,1,0,0,0,1,1,1,2,3,1.217,592464
2019,15,1,44,20,4,1,5,145,191,0.171,0.241,0.291,0.532,0.233,542914
2019,0,0,0,0,0,0,0,1,1,0,0,0,0,0,595919
2019,1,0,0,0,0,0,0,0,1,0,1,0,0,0.69,664102
2019,50,6,116,112,41,6,36,470,721,0.293,0.348,0.535,0.883,0.368,579328
2019,8,3,11,11,3,2,7,72,106,0.242,0.321,0.537,0.858,0.354,462136
2019,54,3,163,115,39,4,29,548,792,0.254,0.308,0.437,0.745,0.315,518876
2019,46,9,140,69,24,4,28,355,535,0.26,0.336,0.502,0.838,0.351,592826
2019,22,0,79,45,12,0,18,160,257,0.319,0.377,0.6,0.977,0.404,669203
2019,16,3,19,19,9,2,6,80,135,0.31,0.407,0.578,0.985,0.41,641571
2019,22,1,36,30,12,0,9,129,203,0.283,0.365,0.5,0.865,0.365,476451
2019,48,4,169,95,30,1,31,509,718,0.236,0.291,0.423,0.714,0.302,543101
2019,57,4,149,69,21,2,26,364,543,0.245,0.33,0.459,0.789,0.334,502042
2019,48,7,144,95,25,9,30,548,762,0.225,0.281,0.413,0.694,0.293,502188
2019,2,1,2,3,1,0,2,12,21,0.333,0.429,0.722,1.151,0.467,434628
2019,17,1,47,29,7,0,10,151,215,0.234,0.298,0.421,0.719,0.305,606273
2019,13,0,24,11,6,0,11,68,109,0.292,0.376,0.698,1.074,0.433,656686
2019,16,6,66,54,21,2,17,212,328,0.307,0.354,0.556,0.91,0.378,612672
2019,32,9,155,112,41,2,20,536,752,0.246,0.287,0.394,0.681,0.29,543294
2019,1,0,1,2,1,0,0,6,10,0.333,0.4,0.444,0.844,0.365,669920
2019,57,2,124,74,23,4,33,340,533,0.283,0.362,0.557,0.919,0.381,592767
2019,39,2,173,66,26,1,11,375,520,0.217,0.279,0.344,0.623,0.27,605182
2019,11,0,11,2,2,0,0,31,46,0.114,0.326,0.171,0.497,0.256,643290
2019,25,4,93,53,18,0,21,291,412,0.24,0.294,0.452,0.746,0.313,543208
2019,20,5,82,38,11,3,9,205,291,0.229,0.296,0.395,0.691,0.295,598287
2019,3,0,10,7,1,0,1,41,53,0.18,0.226,0.26,0.486,0.214,519043
2019,47,9,120,153,45,0,30,543,827,0.296,0.343,0.471,0.814,0.345,467100
2019,31,2,70,47,18,2,30,253,383,0.277,0.339,0.597,0.936,0.384,605276
2019,39,5,157,70,28,0,33,436,611,0.231,0.286,0.455,0.741,0.31,593334
2019,3,0,5,0,0,0,0,6,9,0,0.333,0,0.333,0.23,656266
2019,46,8,156,104,34,4,27,483,706,0.259,0.316,0.448,0.764,0.323,571927
2019,30,6,72,43,16,1,15,224,335,0.251,0.331,0.462,0.793,0.336,623381
2019,22,4,166,112,35,0,18,550,741,0.231,0.258,0.355,0.613,0.26,547943
2019,2,0,1,3,2,0,0,10,17,0.333,0.412,0.467,0.879,0.378,663765
2019,14,1,20,15,6,1,6,57,100,0.329,0.43,0.635,1.065,0.439,657140
2019,11,2,22,8,5,2,5,67,100,0.23,0.33,0.506,0.836,0.348,670036
2019,29,3,118,73,19,3,23,396,546,0.23,0.275,0.412,0.687,0.289,630023
2019,16,1,67,34,13,1,11,157,233,0.273,0.326,0.495,0.821,0.343,605538
2019,3,1,4,1,2,0,1,11,19,0.267,0.421,0.6,1.021,0.423,592741
2019,24,3,65,34,5,2,7,188,263,0.203,0.285,0.331,0.616,0.27,592135
2019,37,1,59,40,9,0,9,170,266,0.254,0.361,0.412,0.773,0.336,595014
2019,13,1,24,6,10,1,4,57,92,0.269,0.38,0.577,0.957,0.395,592804
2019,19,9,122,74,31,3,15,421,572,0.226,0.264,0.377,0.641,0.272,642232
2019,6,1,16,3,0,0,7,46,63,0.179,0.27,0.554,0.824,0.334,608716
2019,10,2,25,18,6,1,4,57,98,0.337,0.418,0.57,0.988,0.414,657566
2019,19,3,79,35,6,1,9,204,277,0.2,0.264,0.337,0.601,0.26,465657
2019,10,0,71,33,10,3,11,241,308,0.191,0.218,0.356,0.574,0.239,433589
2019,0,0,0,2,0,0,0,3,5,0.4,0.4,0.4,0.8,0.348,519240
2019,18,2,70,42,4,0,6,156,228,0.25,0.316,0.356,0.672,0.293,605177
2019,3,0,1,0,0,0,0,2,5,0,0.6,0,0.6,0.414,491708
2019,16,0,60,30,15,1,9,153,224,0.264,0.317,0.476,0.793,0.332,656713
2019,28,3,57,16,10,0,1,94,152,0.223,0.382,0.331,0.713,0.326,650382
2019,8,3,24,17,3,1,8,78,118,0.271,0.339,0.542,0.881,0.366,657228
2019,0,0,2,1,1,0,1,6,9,0.333,0.333,0.778,1.111,0.447,571476
2019,39,6,103,27,16,2,7,206,303,0.202,0.32,0.36,0.68,0.3,600917
2019,1,0,2,1,0,0,0,5,7,0.167,0.286,0.167,0.453,0.223,643320
2019,1,0,2,0,1,0,1,2,5,0.5,0.6,1.5,2.1,0.769,656904
2019,11,0,18,6,2,0,1,43,63,0.173,0.317,0.269,0.586,0.273,656186
2019,2,0,0,0,0,0,0,5,7,0,0.286,0,0.286,0.197,641425
2019,23,3,73,40,13,3,13,210,305,0.247,0.311,0.455,0.766,0.323,606965
2019,19,2,90,36,13,1,12,197,280,0.239,0.296,0.436,0.732,0.309,628452
2019,0,0,0,2,1,0,2,2,7,0.714,0.714,1.714,2.428,0.977,670579
2019,3,1,0,0,0,0,0,0,4,0,1,0,0,0.697,676358
2019,31,5,80,38,17,1,6,236,334,0.208,0.293,0.332,0.625,0.275,519393
2019,18,2,20,12,6,0,4,68,110,0.244,0.382,0.444,0.826,0.358,435043
2019,0,0,2,1,4,0,0,3,8,0.625,0.625,1.125,1.75,0.717,641483
2019,16,2,11,6,1,0,5,42,72,0.222,0.417,0.519,0.936,0.397,613317
2019,41,3,70,28,10,0,7,164,253,0.215,0.352,0.364,0.716,0.318,605240
2019,2,1,0,2,0,0,0,1,6,0.667,0.833,0.667,1.5,0.64,656885
2019,1,0,1,0,1,1,0,4,7,0.333,0.429,0.833,1.262,0.491,620986
2019,22,2,40,23,7,0,9,106,169,0.269,0.373,0.503,0.876,0.37,607457
2019,0,0,1,0,0,0,0,3,3,0,0,0,0,0,664012
2019,1,0,1,0,0,0,0,6,7,0,0.143,0,0.143,0.099,554234
2019,27,10,71,32,2,0,11,158,240,0.222,0.342,0.394,0.736,0.323,453192
2019,19,1,54,32,13,3,7,127,202,0.302,0.371,0.522,0.893,0.375,456696
2019,0,0,2,1,1,0,0,5,7,0.286,0.286,0.429,0.715,0.298,571871
2019,14,0,30,21,5,2,10,136,188,0.218,0.277,0.443,0.72,0.3,543278
2019,8,4,5,8,3,0,7,44,74,0.29,0.405,0.677,1.082,0.44,642028
2019,19,0,48,20,8,0,6,139,192,0.197,0.276,0.347,0.623,0.27,592165
2019,7,1,20,11,8,0,4,50,81,0.315,0.383,0.589,0.972,0.403,607219
2019,11,1,42,34,6,1,7,141,201,0.254,0.299,0.407,0.706,0.3,621056
2019,5,0,1,0,0,0,0,6,11,0,0.455,0,0.455,0.314,594951
2019,20,0,18,17,8,1,2,61,109,0.315,0.44,0.494,0.934,0.401,622092
2019,1,0,1,1,0,0,0,3,5,0.25,0.4,0.25,0.65,0.312,592296
2019,12,1,97,26,7,3,12,213,274,0.184,0.223,0.372,0.595,0.248,641941
2019,1,0,1,1,0,0,0,3,5,0.25,0.4,0.25,0.65,0.312,657680
2019,10,0,27,18,8,0,2,102,140,0.215,0.271,0.323,0.594,0.258,621199
2019,28,3,49,36,15,2,7,164,255,0.268,0.357,0.446,0.803,0.344,584171
2019,3,1,6,7,1,0,1,16,29,0.36,0.448,0.52,0.968,0.415,501992
2019,1,0,1,0,0,1,0,3,5,0.25,0.4,0.75,1.15,0.444,622490
2019,6,0,4,3,3,0,0,27,39,0.182,0.308,0.273,0.581,0.267,502593
2019,19,1,34,12,5,0,4,80,121,0.208,0.339,0.376,0.715,0.315,641853
2019,32,2,55,41,12,1,6,161,255,0.271,0.369,0.416,0.785,0.341,605155
2019,24,0,33,24,13,1,4,96,162,0.304,0.407,0.5,0.907,0.386,605488
2019,1,0,0,0,1,0,1,2,5,0.5,0.6,1.5,2.1,0.769,592130
2019,26,7,54,22,10,0,8,134,207,0.23,0.353,0.425,0.778,0.337,657571
2019,2,1,10,4,6,0,1,27,41,0.289,0.341,0.526,0.867,0.361,670426
2019,0,0,1,1,0,0,0,6,7,0.143,0.143,0.143,0.286,0.124,594985
2019,2,0,2,2,1,0,2,12,19,0.294,0.368,0.706,1.074,0.432,623439
2019,40,0,72,42,12,0,10,217,321,0.228,0.324,0.377,0.701,0.306,612434
2019,22,2,39,41,11,0,6,120,202,0.326,0.406,0.489,0.895,0.383,614179
2019,10,4,50,29,10,3,5,168,229,0.219,0.266,0.363,0.629,0.268,445213
2019,23,4,72,42,16,0,14,249,348,0.224,0.284,0.405,0.689,0.293,622065
2019,11,1,23,9,6,1,5,66,99,0.241,0.333,0.506,0.839,0.35,595465
2019,0,0,0,2,0,0,1,3,6,0.5,0.5,1,1.5,0.613,646081
2019,14,1,52,50,10,0,9,173,257,0.285,0.327,0.438,0.765,0.325,501625
2019,20,1,71,19,8,0,9,166,223,0.178,0.256,0.351,0.607,0.261,543118
2019,15,2,39,47,19,0,4,182,269,0.278,0.323,0.401,0.724,0.311,641838
2019,36,2,114,34,9,0,8,197,286,0.206,0.311,0.339,0.65,0.288,598264
2019,3,1,19,6,4,0,4,39,57,0.264,0.316,0.566,0.882,0.362,544928
2019,25,3,89,40,12,1,6,219,306,0.212,0.284,0.327,0.611,0.268,605154
2019,16,4,66,31,7,0,8,189,255,0.196,0.259,0.328,0.587,0.255,572888
2019,0,0,2,0,0,0,0,3,3,0,0,0,0,0,592874
2019,9,3,20,11,4,0,1,66,94,0.195,0.298,0.28,0.578,0.263,592094
2019,13,2,67,41,10,3,11,183,263,0.262,0.304,0.46,0.764,0.32,448281
2019,8,3,8,4,3,1,4,29,52,0.293,0.442,0.707,1.149,0.463,641438
2019,23,4,70,28,8,1,6,208,278,0.171,0.252,0.283,0.535,0.237,520980
2019,1,0,0,0,0,0,0,4,5,0,0.2,0,0.2,0.138,672911
2019,0,0,1,1,0,0,0,4,5,0.2,0.2,0.2,0.4,0.174,673316
2019,12,6,68,15,9,1,15,190,248,0.174,0.234,0.417,0.651,0.271,554340
2019,0,0,2,0,0,0,0,3,3,0,0,0,0,0,676831
2019,5,0,67,36,7,0,9,162,219,0.243,0.26,0.402,0.662,0.277,455119
2019,9,2,42,35,11,1,4,141,203,0.266,0.305,0.396,0.701,0.299,571670
2019,34,7,63,24,6,1,10,146,228,0.219,0.36,0.422,0.782,0.34,605195
2019,22,4,84,31,12,1,13,178,261,0.243,0.318,0.468,0.786,0.331,641729
2019,1,0,0,1,0,0,0,1,3,0.5,0.667,0.5,1.167,0.52,488846
2019,1,1,3,3,4,0,0,14,23,0.333,0.391,0.524,0.915,0.386,571948
2019,8,3,13,8,4,0,4,42,69,0.276,0.391,0.552,0.943,0.395,605441
2019,17,0,20,27,10,1,9,79,143,0.373,0.448,0.683,1.131,0.464,621389
2019,0,1,0,0,1,0,1,1,4,0.667,0.75,2,2.75,0.969,656008
2019,0,0,0,0,0,0,1,3,4,0.25,0.25,1,1.25,0.485,607294
2019,23,5,74,37,14,3,8,201,291,0.236,0.309,0.403,0.712,0.305,571656
2019,13,3,55,38,10,1,6,184,255,0.23,0.278,0.356,0.634,0.273,473879
2019,9,2,45,31,11,1,12,139,205,0.284,0.322,0.536,0.858,0.355,518875
2019,15,0,21,13,2,0,6,69,105,0.233,0.343,0.456,0.799,0.34,641341
2019,26,4,18,10,1,0,0,47,88,0.19,0.466,0.207,0.673,0.349,572096
2019,14,2,111,31,11,2,8,195,263,0.211,0.259,0.368,0.627,0.266,623433
2019,0,0,1,0,0,0,0,3,3,0,0,0,0,0,664687
2019,0,0,1,0,0,0,0,3,3,0,0,0,0,0,571687
2019,8,1,19,7,7,0,4,60,87,0.231,0.31,0.474,0.784,0.329,664157
2019,0,0,1,0,0,0,0,3,3,0,0,0,0,0,664158
2019,0,0,1,0,0,0,0,3,3,0,0,0,0,0,621343
2019,5,2,16,17,4,0,1,45,74,0.328,0.392,0.433,0.825,0.358,592865
2019,0,0,1,0,0,0,0,3,3,0,0,0,0,0,673140
2019,12,3,45,33,8,2,7,165,230,0.233,0.283,0.386,0.669,0.285,592473
2019,3,1,10,9,3,0,2,35,53,0.286,0.34,0.469,0.809,0.342,543903
2019,30,1,61,42,8,3,4,156,244,0.268,0.361,0.39,0.751,0.328,542960
2019,6,2,5,2,2,0,2,26,40,0.188,0.35,0.438,0.788,0.341,457754
2019,23,5,82,40,9,2,8,202,289,0.226,0.301,0.368,0.669,0.29,650895
2019,17,1,53,41,11,1,8,154,233,0.284,0.339,0.456,0.795,0.337,516969
2019,31,3,71,28,9,0,4,171,246,0.193,0.305,0.292,0.597,0.271,606625
2019,0,0,1,0,0,1,0,1,2,0.5,0.5,1.5,2,0.764,656196
2019,11,4,41,22,5,0,4,116,162,0.211,0.284,0.327,0.611,0.268,657612
2019,13,4,84,35,13,0,6,170,241,0.241,0.295,0.379,0.674,0.289,543272
2019,3,0,9,4,1,0,0,24,32,0.172,0.25,0.207,0.457,0.211,642121
2019,19,4,99,33,10,0,15,173,254,0.251,0.319,0.489,0.808,0.338,621242
2019,10,2,35,38,13,0,11,135,209,0.315,0.354,0.548,0.902,0.376,594840
2019,0,0,1,0,0,0,0,1,1,0,0,0,0,0,676601
2019,15,2,34,22,6,0,6,72,123,0.321,0.415,0.547,0.962,0.405,605501
2019,11,1,31,12,3,0,2,84,113,0.168,0.257,0.257,0.514,0.233,663855
2019,11,4,14,21,4,0,6,50,96,0.383,0.479,0.654,1.133,0.471,605463
2019,0,1,0,0,0,0,1,0,2,1,1,4,5,1.329,592769
2019,21,1,55,23,10,2,7,184,248,0.186,0.258,0.341,0.599,0.258,517008
2019,0,0,0,0,0,0,0,1,1,0,0,0,0,0,606939
2019,0,0,0,0,0,0,0,1,1,0,0,0,0,0,488787
2019,31,7,244,83,43,0,18,509,691,0.221,0.263,0.369,0.632,0.269,453286
2019,43,6,301,66,28,7,36,662,848,0.171,0.219,0.359,0.578,0.243,434378
2019,17,1,46,21,7,1,4,107,158,0.236,0.323,0.386,0.709,0.307,607074
2019,78,11,229,112,34,3,27,585,850,0.231,0.312,0.39,0.702,0.303,605400
2019,53,5,165,139,35,5,26,502,765,0.29,0.344,0.464,0.808,0.342,452657
2019,51,9,195,130,35,3,26,588,842,0.248,0.302,0.4,0.702,0.3,621244
2019,45,5,101,68,20,2,25,304,469,0.274,0.352,0.511,0.863,0.362,468504
2019,58,1,160,131,32,2,18,532,774,0.256,0.313,0.382,0.695,0.299,573186
2019,23,2,62,64,22,0,13,242,366,0.29,0.339,0.469,0.808,0.341,570632
2019,45,7,255,106,28,1,19,599,805,0.205,0.256,0.32,0.576,0.249,594798
2019,35,2,80,73,21,7,25,307,470,0.291,0.347,0.545,0.892,0.37,607536
2019,70,9,122,110,19,10,15,476,709,0.244,0.329,0.378,0.707,0.307,641745
2019,41,10,204,115,41,5,30,600,842,0.241,0.287,0.42,0.707,0.298,518516
2019,39,1,148,64,18,0,14,305,441,0.239,0.308,0.389,0.697,0.3,605483
2019,79,7,226,87,29,1,22,556,781,0.2,0.288,0.34,0.628,0.275,622491
2019,80,14,163,91,33,2,22,509,751,0.225,0.322,0.382,0.704,0.307,527054
2019,39,6,81,58,24,4,25,299,455,0.271,0.343,0.532,0.875,0.364,502239
2019,41,2,149,111,43,4,28,531,760,0.259,0.301,0.448,0.749,0.315,547888
2019,7,2,30,19,9,2,4,114,157,0.23,0.274,0.399,0.673,0.284,592791
2019,31,12,144,127,33,6,27,527,763,0.268,0.309,0.443,0.752,0.317,571945
2019,28,4,187,115,37,2,21,601,808,0.226,0.256,0.36,0.616,0.261,425844
2019,15,3,38,29,11,0,4,106,168,0.293,0.369,0.447,0.816,0.35,446372
2019,67,7,200,132,28,0,30,598,862,0.241,0.306,0.391,0.697,0.3,501985
2019,39,13,218,67,30,2,24,439,614,0.219,0.285,0.407,0.692,0.294,519242
2019,58,4,108,93,27,5,19,430,636,0.251,0.324,0.415,0.739,0.316,488768
2019,24,6,82,90,29,7,19,328,503,0.307,0.348,0.518,0.866,0.362,519455
2019,47,5,138,103,35,0,20,437,647,0.266,0.325,0.425,0.75,0.32,641778
2019,4,5,9,13,8,0,8,58,96,0.333,0.396,0.701,1.097,0.447,571863
2019,40,9,89,76,27,0,12,300,464,0.277,0.353,0.429,0.782,0.337,656222
2019,17,1,17,18,4,0,4,65,109,0.286,0.404,0.462,0.866,0.374,664871
2019,8,3,19,17,8,1,11,76,124,0.327,0.387,0.708,1.095,0.444,592779
2019,34,4,77,34,12,1,11,246,342,0.191,0.281,0.345,0.626,0.273,448855
2019,29,6,55,35,11,1,7,166,255,0.245,0.349,0.4,0.749,0.327,643316
2019,16,7,46,25,5,0,7,137,197,0.213,0.305,0.362,0.667,0.292,592169
2019,8,0,20,10,3,1,3,61,86,0.218,0.291,0.397,0.688,0.293,621114
2019,23,5,72,48,20,2,12,228,338,0.265,0.325,0.458,0.783,0.331,445926
2019,38,2,89,32,9,1,5,194,281,0.195,0.31,0.303,0.613,0.276,493603
2019,11,2,30,26,12,0,6,89,146,0.331,0.39,0.556,0.946,0.397,605541
2019,20,0,31,29,17,1,6,117,190,0.312,0.384,0.529,0.913,0.384,598271
2019,23,2,106,57,9,0,10,211,312,0.265,0.324,0.401,0.725,0.312,592426
2019,25,1,86,28,7,0,3,171,235,0.182,0.272,0.258,0.53,0.241,547973
2019,7,0,16,22,1,0,6,53,89,0.354,0.404,0.585,0.989,0.414,493200
2019,20,2,64,46,5,0,14,195,282,0.25,0.309,0.431,0.74,0.314,593144
2019,38,11,84,33,12,1,3,183,281,0.211,0.349,0.31,0.659,0.302,518617
2019,38,3,64,40,14,1,7,168,271,0.27,0.38,0.43,0.81,0.352,544727
2019,25,3,41,50,13,0,12,174,277,0.301,0.372,0.498,0.87,0.368,592229
2019,25,4,71,31,17,0,8,217,302,0.205,0.281,0.355,0.636,0.276,543339
2019,12,7,101,28,11,0,2,182,242,0.184,0.248,0.26,0.508,0.227,489446
2019,34,1,46,31,7,0,5,141,219,0.234,0.356,0.353,0.709,0.317,641755
2019,9,6,90,41,9,0,8,203,276,0.222,0.264,0.349,0.613,0.263,573124
2019,12,5,104,37,10,1,8,237,310,0.191,0.235,0.314,0.549,0.236,607625
2019,30,1,53,29,6,0,3,174,243,0.179,0.284,0.25,0.534,0.246,502154
2019,23,1,60,41,15,1,14,183,278,0.28,0.342,0.512,0.854,0.357,607352
2019,13,0,73,25,6,0,6,162,212,0.186,0.236,0.307,0.543,0.234,519151
2019,17,0,83,21,10,0,5,155,208,0.188,0.255,0.319,0.574,0.249,571704
2019,6,1,10,8,0,0,2,29,46,0.256,0.37,0.41,0.78,0.341,518858
2019,33,0,60,35,11,1,4,184,268,0.217,0.313,0.323,0.636,0.283,607231
2019,44,5,176,120,33,0,21,478,701,0.267,0.318,0.414,0.732,0.313,608331
2019,20,5,49,17,9,1,6,120,178,0.216,0.326,0.405,0.731,0.316,467008
2019,12,5,40,27,6,0,8,140,198,0.227,0.293,0.392,0.685,0.294,572703
2019,12,2,73,31,5,1,8,194,253,0.188,0.233,0.318,0.551,0.236,532077
2019,5,0,13,9,4,0,2,43,63,0.259,0.317,0.431,0.748,0.318,600968
2019,19,2,24,30,8,0,7,110,176,0.29,0.375,0.477,0.852,0.363,503449
2019,4,2,11,11,0,0,5,43,65,0.271,0.338,0.525,0.863,0.361,502522
2019,27,2,26,22,3,1,6,94,155,0.254,0.394,0.437,0.831,0.361,641149
2019,34,4,78,28,9,0,7,163,245,0.213,0.335,0.357,0.692,0.307,607237
2019,29,5,72,20,8,1,5,151,219,0.184,0.311,0.319,0.63,0.283,622259
2019,17,1,27,16,5,1,3,79,122,0.24,0.352,0.394,0.746,0.326,502202
2019,1,1,5,1,1,0,0,10,14,0.167,0.286,0.25,0.536,0.25,571901
2019,82,5,236,82,33,5,30,508,745,0.228,0.318,0.43,0.748,0.319,592662
2019,49,3,327,82,30,1,29,625,819,0.185,0.237,0.34,0.577,0.246,543037
2019,36,5,175,114,27,4,29,507,722,0.256,0.298,0.435,0.733,0.309,608566
2019,53,7,231,85,24,1,25,575,770,0.19,0.253,0.332,0.585,0.253,656427
2019,30,3,39,33,15,2,13,171,267,0.269,0.36,0.517,0.877,0.367,518774
2019,35,3,70,43,13,0,16,192,302,0.273,0.364,0.504,0.868,0.366,543135
2019,57,2,158,86,32,3,23,484,687,0.229,0.295,0.4,0.695,0.297,664192
2019,49,8,239,101,36,2,39,552,787,0.244,0.299,0.459,0.758,0.318,571510
2019,57,12,240,100,33,6,15,567,790,0.214,0.282,0.338,0.62,0.27,450203
2019,51,5,128,80,25,3,19,393,576,0.244,0.318,0.413,0.731,0.313,670950
2019,36,2,115,51,19,2,15,256,381,0.254,0.328,0.452,0.78,0.331,642547
2019,21,2,94,49,23,1,11,265,372,0.241,0.288,0.407,0.695,0.294,548389
2019,43,4,82,47,14,1,20,245,374,0.251,0.345,0.483,0.828,0.35,502706
2019,25,3,81,45,17,2,8,209,309,0.256,0.324,0.416,0.74,0.317,542882
2019,18,2,57,31,5,1,4,154,215,0.21,0.284,0.308,0.592,0.261,641627
2019,49,8,124,68,29,6,23,408,591,0.236,0.31,0.442,0.752,0.318,502624
2019,20,3,61,35,9,0,7,157,231,0.245,0.32,0.389,0.709,0.307,673633
2019,26,3,57,34,11,0,8,173,255,0.235,0.322,0.389,0.711,0.308,458006
2019,30,5,58,38,15,4,12,208,312,0.249,0.333,0.462,0.795,0.337,543766
2019,24,0,39,22,4,1,2,90,143,0.244,0.371,0.345,0.716,0.322,621237
2019,16,4,80,29,12,1,9,192,263,0.21,0.27,0.379,0.649,0.277,445276
2019,20,0,30,8,6,1,9,72,116,0.25,0.379,0.615,0.994,0.406,592102
2019,5,1,9,11,3,1,2,51,74,0.25,0.311,0.412,0.723,0.308,518397
2019,23,6,46,33,15,1,8,181,267,0.239,0.322,0.412,0.734,0.315,592222
2019,22,0,41,14,6,0,5,103,150,0.195,0.313,0.359,0.672,0.296,518813
2019,20,4,49,31,14,1,10,178,258,0.239,0.31,0.436,0.746,0.316,444468
2019,43,2,104,21,7,0,1,210,284,0.121,0.261,0.163,0.424,0.211,519443
2019,16,2,68,57,9,1,4,193,282,0.269,0.316,0.356,0.672,0.292,453343
2019,7,0,15,9,3,1,4,52,76,0.246,0.316,0.493,0.809,0.337,445197
2019,29,1,66,36,10,0,3,148,227,0.249,0.348,0.345,0.693,0.309,475054
2019,83,19,255,100,43,7,34,628,914,0.227,0.313,0.422,0.735,0.314,545333
2019,50,4,169,67,21,4,22,455,623,0.2,0.27,0.367,0.637,0.273,628317
2019,75,7,214,139,30,2,24,583,860,0.251,0.322,0.387,0.709,0.307,593958
2019,49,6,202,129,37,4,24,575,824,0.252,0.302,0.404,0.706,0.301,592789
2019,40,5,71,58,20,4,14,264,405,0.267,0.348,0.461,0.809,0.344,643327
2019,26,10,129,138,45,3,41,573,836,0.284,0.315,0.501,0.816,0.34,502190
2019,54,10,251,107,25,5,24,614,839,0.208,0.268,0.346,0.614,0.265,544931
2019,48,4,90,126,33,2,20,509,742,0.262,0.314,0.403,0.717,0.307,474463
2019,57,11,165,122,37,2,31,510,770,0.274,0.338,0.464,0.802,0.34,596001
2019,55,4,178,92,29,2,16,462,660,0.231,0.3,0.366,0.666,0.288,543606
2019,66,11,116,94,29,2,20,381,603,0.276,0.368,0.452,0.82,0.352,592717
2019,78,9,136,101,37,0,22,502,749,0.242,0.33,0.397,0.727,0.315,641712
2019,67,8,169,121,44,3,35,533,811,0.276,0.343,0.486,0.829,0.349,625643
2019,57,2,187,83,30,2,23,439,636,0.239,0.31,0.418,0.728,0.31,572020
2019,30,3,83,29,19,2,12,222,317,0.218,0.3,0.426,0.726,0.308,543521
2019,47,2,153,126,43,2,20,506,746,0.274,0.322,0.428,0.75,0.319,500779
2019,12,0,10,14,3,0,3,43,75,0.317,0.427,0.508,0.935,0.399,450172
2019,14,0,76,30,5,1,4,176,230,0.185,0.235,0.273,0.508,0.222,607192
2019,55,11,229,80,23,4,33,524,730,0.211,0.282,0.407,0.689,0.293,506433
2019,9,0,16,10,10,1,5,57,92,0.313,0.38,0.639,1.019,0.416,669060
2019,18,3,42,41,19,1,12,168,262,0.303,0.359,0.539,0.898,0.375,676606
2019,36,2,72,64,21,2,21,294,440,0.269,0.332,0.488,0.82,0.344,605446
2019,34,6,101,45,19,0,16,287,407,0.218,0.295,0.401,0.696,0.298,570240
2019,3,0,0,4,3,0,3,9,22,0.526,0.591,1.158,1.749,0.683,571974
2019,38,4,125,97,28,4,25,414,610,0.271,0.321,0.467,0.788,0.331,596057
2019,23,3,82,45,14,0,5,204,294,0.239,0.306,0.347,0.653,0.285,593833
2019,15,1,52,55,11,0,6,163,251,0.306,0.351,0.43,0.781,0.334,572362
2019,21,4,26,30,6,1,5,84,151,0.333,0.444,0.516,0.96,0.411,592145
2019,12,1,29,18,2,1,3,73,110,0.247,0.336,0.381,0.717,0.313,622554
2019,10,3,35,26,8,2,11,119,179,0.283,0.335,0.554,0.889,0.368,459429
2019,31,1,44,39,9,0,12,141,233,0.299,0.395,0.522,0.917,0.387,544365
2019,38,0,90,36,13,1,11,228,327,0.211,0.303,0.377,0.68,0.294,592773
2019,9,1,18,14,4,0,1,63,92,0.232,0.315,0.317,0.632,0.282,448609
2019,21,6,98,40,14,2,10,204,297,0.244,0.313,0.422,0.735,0.313,643338
2019,16,2,45,39,13,1,4,137,212,0.294,0.354,0.433,0.787,0.337,504379
2019,7,0,13,9,3,0,3,33,55,0.312,0.4,0.562,0.962,0.402,543935
2019,7,0,51,54,10,4,14,231,320,0.262,0.278,0.454,0.732,0.304,458708
2019,26,2,86,29,4,3,13,183,260,0.211,0.296,0.422,0.718,0.305,571710
2019,14,1,19,8,1,0,3,52,79,0.188,0.342,0.344,0.686,0.309,605218
2019,18,2,44,24,5,0,4,112,165,0.228,0.321,0.345,0.666,0.294,458677
2019,25,1,55,24,13,0,8,154,225,0.226,0.316,0.412,0.728,0.312,641835
2019,21,0,30,20,8,1,4,91,145,0.266,0.372,0.444,0.816,0.351,606167
2019,0,0,2,1,1,0,0,11,13,0.154,0.154,0.231,0.385,0.161,431145
2019,28,7,57,35,6,0,7,183,266,0.208,0.312,0.325,0.637,0.285,518553
2019,32,5,57,43,5,0,13,179,277,0.254,0.354,0.438,0.792,0.341,472610
2019,14,2,28,21,10,0,3,88,138,0.279,0.362,0.434,0.796,0.343,621397
2019,61,8,246,126,42,6,21,613,877,0.241,0.301,0.386,0.687,0.295,458681
2019,68,7,206,80,21,4,17,512,709,0.192,0.278,0.319,0.597,0.263,543243
2019,37,0,78,47,14,6,9,253,366,0.231,0.309,0.392,0.701,0.301,461829
2019,20,0,33,30,13,0,5,134,202,0.264,0.337,0.418,0.755,0.324,622446
2019,42,2,191,91,23,3,28,518,707,0.219,0.267,0.389,0.656,0.278,477132
2019,48,13,141,80,21,3,21,427,613,0.226,0.303,0.389,0.692,0.298,605135
2019,24,0,46,43,22,2,11,156,258,0.333,0.395,0.585,0.98,0.408,592468
2019,25,3,67,71,24,2,29,325,479,0.279,0.322,0.534,0.856,0.354,593679
2019,17,1,65,46,17,3,6,138,228,0.343,0.395,0.538,0.933,0.392,656605
2019,55,4,150,89,34,5,19,430,636,0.255,0.324,0.43,0.754,0.321,592351
2019,22,2,94,48,29,1,24,326,452,0.238,0.279,0.479,0.758,0.314,543548
2019,53,4,149,114,24,3,21,477,696,0.254,0.315,0.399,0.714,0.306,456701
2019,29,5,63,44,17,2,12,226,335,0.249,0.325,0.439,0.764,0.325,621097
2019,6,1,23,23,12,2,2,110,156,0.262,0.295,0.409,0.704,0.298,571735
2019,22,2,33,36,13,2,22,139,236,0.344,0.411,0.736,1.147,0.464,573185
2019,15,3,19,21,6,0,9,77,131,0.319,0.412,0.611,1.023,0.424,656725
2019,5,1,22,15,4,0,4,54,83,0.299,0.349,0.506,0.855,0.36,642073
2019,9,3,14,6,4,1,0,39,62,0.22,0.371,0.34,0.711,0.322,605479
2019,35,3,63,37,15,0,8,203,301,0.228,0.326,0.376,0.702,0.307,434538
2019,0,0,7,6,0,0,0,18,24,0.25,0.25,0.25,0.5,0.218,642003
2019,10,4,18,4,0,0,2,34,54,0.15,0.37,0.3,0.67,0.317,596027
2019,23,3,60,35,4,0,4,192,261,0.183,0.264,0.251,0.515,0.234,607481
2019,20,2,63,33,13,3,7,168,246,0.25,0.317,0.429,0.746,0.317,545064
2019,13,4,90,28,9,1,5,176,236,0.196,0.254,0.315,0.569,0.247,553878
2019,28,4,63,44,13,1,8,172,270,0.277,0.363,0.441,0.804,0.346,542888
2019,29,3,95,34,26,1,17,246,356,0.241,0.309,0.485,0.794,0.331,521655
2019,22,1,82,38,20,0,12,215,308,0.246,0.302,0.442,0.744,0.314,608032
2019,4,1,8,6,3,0,1,25,40,0.286,0.375,0.457,0.832,0.357,623354
2019,17,5,46,39,10,0,5,149,225,0.266,0.338,0.389,0.727,0.316,502026
2019,21,3,61,32,10,0,9,166,241,0.235,0.311,0.406,0.717,0.308,518489
2019,37,4,74,18,7,1,6,140,213,0.186,0.343,0.343,0.686,0.309,663432
2019,22,0,41,29,8,0,5,143,207,0.227,0.309,0.351,0.66,0.289,605359
2019,10,1,51,35,11,1,7,160,225,0.252,0.289,0.411,0.7,0.296,607560
2019,20,2,88,27,8,1,9,181,248,0.199,0.27,0.363,0.633,0.272,592454
2019,7,2,17,17,6,0,11,74,117,0.315,0.368,0.676,1.044,0.425,543193
2019,16,1,53,11,5,0,4,93,130,0.177,0.285,0.327,0.612,0.271,613534
2019,20,2,50,40,15,1,2,147,227,0.283,0.352,0.395,0.747,0.325,518566
2019,15,3,22,27,9,0,2,81,137,0.319,0.409,0.445,0.854,0.371,543169
2019,48,7,110,105,22,1,21,387,591,0.278,0.345,0.44,0.785,0.336,453562
2019,13,3,69,33,16,0,6,188,259,0.226,0.274,0.366,0.64,0.274,596133
2019,50,3,104,91,25,1,26,361,557,0.284,0.352,0.492,0.844,0.356,608379
2019,46,2,196,140,33,1,22,580,824,0.253,0.296,0.383,0.679,0.29,554430
2019,68,3,238,107,37,1,24,593,833,0.222,0.288,0.367,0.655,0.282,571578
2019,76,8,151,111,43,2,23,570,833,0.239,0.316,0.394,0.71,0.306,645261
2019,30,1,92,82,33,2,28,355,531,0.29,0.331,0.532,0.863,0.358,453281
2019,66,3,135,125,36,0,23,483,736,0.276,0.344,0.433,0.777,0.333,527048
2019,41,7,114,90,40,5,27,424,634,0.276,0.331,0.5,0.831,0.348,592866
2019,30,6,153,62,21,1,23,424,567,0.202,0.252,0.375,0.627,0.266,663978
2019,39,5,123,79,33,3,23,457,639,0.232,0.285,0.413,0.698,0.295,607644
2019,22,4,103,52,23,1,8,283,393,0.229,0.28,0.362,0.642,0.276,593423
2019,49,5,141,98,27,1,34,464,678,0.256,0.316,0.466,0.782,0.329,457918
2019,61,5,149,99,29,4,24,455,677,0.255,0.328,0.434,0.762,0.325,663423
2019,37,7,215,99,29,5,20,540,737,0.221,0.267,0.364,0.631,0.269,621111
2019,30,3,76,47,13,1,14,235,343,0.242,0.315,0.426,0.741,0.316,570666
2019,28,2,85,46,12,1,9,245,343,0.217,0.286,0.348,0.634,0.275,547179
2019,21,0,82,17,15,2,9,195,259,0.181,0.247,0.374,0.621,0.263,596112
2019,12,1,26,15,3,1,9,84,125,0.25,0.328,0.536,0.864,0.358,476589
2019,22,6,60,38,18,1,7,184,276,0.258,0.333,0.423,0.756,0.325,607229
2019,37,5,74,47,10,0,8,217,324,0.23,0.33,0.351,0.681,0.302,543022
2019,40,6,260,117,37,1,31,628,860,0.229,0.27,0.391,0.661,0.28,669456
2019,1,0,0,1,0,0,0,3,5,0.25,0.4,0.25,0.65,0.312,595939
2019,4,0,11,8,3,0,6,48,69,0.262,0.304,0.585,0.889,0.362,607473
2019,14,0,28,23,6,1,5,85,134,0.292,0.366,0.483,0.849,0.36,621385
2019,6,0,12,7,1,1,0,31,46,0.225,0.326,0.3,0.626,0.282,643466
2019,15,3,30,23,5,0,5,91,142,0.266,0.359,0.427,0.786,0.34,501593
2019,29,2,42,34,9,1,7,124,206,0.291,0.398,0.474,0.872,0.374,451584
2019,7,3,15,20,8,0,2,48,88,0.385,0.455,0.564,1.019,0.432,657610
2019,11,1,33,7,9,0,3,88,119,0.178,0.261,0.346,0.607,0.262,605309
2019,6,1,3,5,1,0,1,20,34,0.259,0.412,0.407,0.819,0.364,623402
2019,33,3,128,64,28,2,15,314,459,0.258,0.316,0.44,0.756,0.32,456034
2019,25,6,58,44,23,1,17,210,326,0.288,0.356,0.546,0.902,0.375,433587
2019,18,5,42,49,17,2,10,183,284,0.299,0.356,0.494,0.85,0.358,518452
2019,54,2,104,103,27,5,20,465,676,0.25,0.312,0.406,0.718,0.307,605200
2019,19,1,25,27,6,1,7,102,163,0.287,0.374,0.49,0.864,0.366,475115
2019,58,6,168,64,29,2,33,452,644,0.221,0.298,0.448,0.746,0.314,592761
2019,34,10,82,67,26,4,21,320,482,0.269,0.336,0.491,0.827,0.347,605156
2019,31,5,96,41,20,2,15,269,383,0.225,0.298,0.424,0.722,0.306,502748
2019,32,0,69,57,21,2,13,218,343,0.299,0.364,0.505,0.869,0.366,608717
2019,57,8,154,118,38,3,22,493,739,0.269,0.333,0.432,0.765,0.326,425794
2019,17,5,34,28,9,0,2,101,162,0.279,0.377,0.386,0.763,0.337,641541
2019,51,7,101,72,29,1,15,328,503,0.263,0.348,0.434,0.782,0.336,643230
2019,4,0,3,1,0,0,1,8,14,0.2,0.429,0.5,0.929,0.398,621350
2019,28,3,31,41,9,0,8,130,219,0.309,0.406,0.484,0.89,0.382,571946
2019,43,6,129,110,34,0,28,479,700,0.264,0.316,0.445,0.761,0.322,621107
2019,61,6,124,85,34,1,21,439,647,0.243,0.321,0.414,0.735,0.315,450306
2019,44,4,68,51,13,1,9,207,329,0.263,0.371,0.413,0.784,0.342,664285
2019,6,1,11,11,2,1,5,42,68,0.311,0.382,0.623,1.005,0.413,591693
2019,24,0,52,35,4,1,12,155,231,0.251,0.329,0.454,0.783,0.332,461872
2019,58,7,161,118,30,4,23,468,708,0.272,0.339,0.439,0.778,0.332,502043
2019,48,4,134,90,38,3,22,497,702,0.235,0.292,0.405,0.697,0.296,434671
2019,16,1,37,18,7,0,6,91,139,0.254,0.345,0.459,0.804,0.342,642528
2019,2,1,2,7,1,0,2,13,26,0.435,0.5,0.739,1.239,0.511,642226
2019,2,0,8,7,5,0,9,37,60,0.362,0.383,0.914,1.297,0.517,502171
2019,56,1,146,73,28,5,25,412,600,0.241,0.313,0.449,0.762,0.322,543475
2019,34,6,129,89,21,1,25,380,556,0.264,0.317,0.453,0.77,0.325,641816
2019,18,1,35,24,9,0,3,87,142,0.293,0.387,0.439,0.826,0.358,621345
2019,29,5,114,75,22,1,15,301,448,0.273,0.328,0.44,0.768,0.326,592332
2019,0,0,0,0,0,0,1,3,4,0.25,0.25,1,1.25,0.485,456488
2019,14,2,27,11,4,0,3,72,106,0.2,0.321,0.344,0.665,0.296,592712
2019,4,2,6,4,0,1,1,15,27,0.286,0.444,0.524,0.968,0.413,642701
2019,14,1,29,20,12,0,7,103,157,0.275,0.344,0.507,0.851,0.356,622075
2019,32,4,57,48,19,0,7,184,294,0.287,0.374,0.442,0.816,0.352,605452
2019,2,1,0,0,0,0,1,3,7,0.25,0.571,1,1.571,0.577,593643
2019,20,3,25,18,3,0,5,84,133,0.236,0.368,0.4,0.768,0.338,608334
2019,13,3,49,13,7,0,8,104,148,0.212,0.297,0.447,0.744,0.314,623364
2019,20,5,40,22,8,0,2,83,140,0.278,0.407,0.4,0.807,0.358,623465
2019,3,0,0,2,0,0,1,3,9,0.5,0.667,1,1.667,0.639,608328
2019,40,6,81,98,34,2,30,395,605,0.293,0.347,0.522,0.869,0.363,642098
2019,6,1,17,19,8,1,2,57,94,0.345,0.394,0.529,0.923,0.389,663992
2019,3,2,28,12,4,1,4,60,86,0.259,0.302,0.481,0.783,0.327,608638
2019,23,4,52,44,15,2,9,162,259,0.302,0.375,0.5,0.875,0.37,572403
2019,27,2,75,43,23,2,24,244,365,0.274,0.332,0.568,0.9,0.37,642545
2019,0,0,2,1,1,0,0,3,5,0.4,0.4,0.6,1,0.417,571437
2019,2,1,0,0,0,0,0,0,3,0,1,0,0,0.7,607755
2019,14,1,24,20,5,0,9,94,143,0.266,0.343,0.516,0.859,0.359,543532
2019,45,5,113,84,19,2,22,345,522,0.269,0.339,0.458,0.797,0.338,595881
2019,8,2,11,2,0,0,3,31,46,0.139,0.326,0.389,0.715,0.316,664918
2019,2,0,0,7,0,0,1,7,17,0.533,0.588,0.733,1.321,0.554,460086
2019,36,2,70,73,24,1,13,276,425,0.287,0.351,0.455,0.806,0.343,641312
2019,5,0,13,8,1,0,1,32,47,0.238,0.319,0.333,0.652,0.289,640462
2019,1,0,0,1,0,0,1,5,8,0.286,0.375,0.714,1.089,0.438,600858
2019,9,1,15,11,6,0,4,56,87,0.273,0.356,0.506,0.862,0.363,622251
2019,9,1,18,8,0,1,5,46,70,0.233,0.343,0.517,0.86,0.359,605143
2019,16,1,36,50,13,2,6,159,247,0.309,0.356,0.461,0.817,0.347,519008
2019,11,2,52,28,10,1,17,175,244,0.242,0.283,0.515,0.798,0.328,657024
2019,12,1,42,38,8,0,6,140,205,0.271,0.317,0.406,0.723,0.309,624133
2019,14,2,37,14,6,0,5,98,139,0.203,0.295,0.374,0.669,0.29,460283
2019,17,3,53,31,6,0,2,140,199,0.218,0.296,0.285,0.581,0.262,593372
2019,3,0,9,7,0,0,2,37,49,0.196,0.245,0.326,0.571,0.246,472551
2019,11,4,31,30,5,1,5,136,192,0.232,0.292,0.356,0.648,0.281,594987
2019,2,1,5,4,0,0,0,16,23,0.2,0.304,0.2,0.504,0.243,658648
2019,7,0,16,10,2,0,2,48,69,0.226,0.304,0.355,0.659,0.288,572998
2019,15,3,93,24,10,1,9,216,278,0.169,0.223,0.319,0.542,0.232,606149
2019,3,0,3,3,2,0,1,13,22,0.316,0.409,0.579,0.988,0.412,621289
2019,14,1,29,13,8,1,7,91,135,0.242,0.326,0.5,0.826,0.345,623470
2019,7,0,13,11,5,0,3,45,71,0.297,0.366,0.516,0.882,0.37,595798
2019,2,0,8,1,0,0,1,13,17,0.133,0.235,0.333,0.568,0.246,644364
2019,8,1,10,17,6,1,5,71,109,0.29,0.349,0.52,0.869,0.363,640464
2019,32,0,45,49,14,2,9,169,275,0.305,0.385,0.49,0.875,0.372,642397
2019,39,3,108,62,23,0,27,314,468,0.263,0.329,0.507,0.836,0.349,282332
2019,31,1,74,46,16,3,11,236,344,0.244,0.314,0.42,0.734,0.313,598286
2019,12,1,20,17,5,1,3,65,104,0.286,0.375,0.462,0.837,0.358,572143
2019,8,0,30,18,9,0,4,79,118,0.282,0.331,0.473,0.804,0.338,595918
2019,5,1,2,4,4,0,0,18,32,0.308,0.438,0.462,0.899,0.391,658791
2019,37,3,67,36,15,2,8,181,282,0.252,0.358,0.43,0.788,0.34,571882
2019,19,1,35,25,10,0,9,119,183,0.27,0.35,0.497,0.847,0.356,571858
2019,18,2,64,28,15,1,7,156,227,0.246,0.313,0.43,0.743,0.315,543483
2019,13,3,82,30,6,0,8,177,237,0.199,0.253,0.335,0.588,0.253,608648
2019,13,1,28,12,8,0,4,94,132,0.203,0.288,0.373,0.661,0.285,657097
2019,2,0,1,2,2,0,0,6,12,0.4,0.5,0.6,1.1,0.463,458584
2019,5,0,5,4,4,0,1,19,33,0.321,0.424,0.571,0.995,0.416,621261
2019,24,7,45,30,9,0,5,121,196,0.267,0.383,0.412,0.795,0.349,657053
2019,16,1,40,37,22,0,13,165,254,0.304,0.35,0.561,0.911,0.378,453329
2019,8,1,9,7,4,0,1,25,46,0.324,0.457,0.514,0.971,0.416,594736
2019,17,4,72,31,7,0,10,172,241,0.218,0.286,0.386,0.672,0.288,448179
2019,25,5,55,41,24,2,18,211,326,0.287,0.353,0.564,0.917,0.379,596071
2019,4,1,8,12,3,1,3,33,57,0.365,0.421,0.635,1.056,0.437,621112
2019,10,0,39,29,10,1,7,134,191,0.26,0.298,0.442,0.74,0.311,643493
2019,8,3,29,22,4,0,10,92,139,0.281,0.338,0.547,0.885,0.368,595001
2019,8,2,21,8,6,0,7,50,81,0.296,0.383,0.676,1.059,0.43,643478
2019,6,1,10,6,3,0,2,32,50,0.256,0.36,0.465,0.825,0.352,592280
2019,13,5,29,15,6,0,5,59,103,0.306,0.427,0.553,0.98,0.414,642067
2019,17,2,62,30,5,0,5,136,195,0.227,0.303,0.341,0.644,0.282,657031
2019,9,2,18,12,2,0,3,47,75,0.266,0.373,0.438,0.811,0.351,570488
2019,19,5,72,17,6,1,9,150,207,0.18,0.275,0.372,0.647,0.279,621363
2019,10,0,32,19,9,1,5,107,151,0.241,0.291,0.426,0.717,0.302,664854
2019,15,1,18,18,5,0,4,87,130,0.237,0.331,0.386,0.717,0.312,623913
2019,18,2,57,49,13,1,6,209,298,0.248,0.299,0.367,0.666,0.287,606131
2019,3,1,22,9,6,0,3,58,80,0.237,0.275,0.434,0.709,0.297,623149
2019,13,3,24,13,3,0,6,59,97,0.272,0.392,0.531,0.923,0.389,656354
2019,13,0,13,9,3,1,2,54,82,0.217,0.341,0.377,0.718,0.315,670456
2019,52,4,76,102,38,2,19,360,577,0.309,0.376,0.499,0.875,0.37,622608
2019,3,0,1,1,1,0,0,7,12,0.222,0.417,0.333,0.75,0.346,595928
2019,4,0,6,5,0,0,1,18,28,0.25,0.357,0.375,0.732,0.323,623454
2019,18,2,51,28,11,1,18,167,245,0.258,0.318,0.556,0.874,0.359,595191
2019,1,1,1,1,1,0,2,9,15,0.308,0.4,0.846,1.246,0.492,541640
2019,1,0,1,1,2,0,2,1,7,0.833,0.857,2.167,3.024,1.125,657117
2019,8,0,11,17,4,0,4,46,79,0.352,0.418,0.577,0.995,0.417,658792
2019,14,0,61,34,13,0,15,195,271,0.241,0.28,0.467,0.747,0.311,592612
2019,14,2,39,30,5,1,4,148,204,0.213,0.275,0.314,0.589,0.258,606424
2019,40,7,143,116,21,2,14,500,700,0.234,0.286,0.337,0.623,0.27,647336
2019,6,0,14,10,4,1,5,63,89,0.241,0.292,0.494,0.786,0.325,572193
2019,3,0,3,4,0,0,0,21,28,0.16,0.25,0.16,0.41,0.198,643354
2019,16,2,62,51,14,0,7,188,278,0.277,0.324,0.412,0.736,0.315,656685
2019,11,0,10,8,6,0,1,42,68,0.263,0.382,0.421,0.803,0.35,623167
2019,30,6,68,42,17,4,23,247,369,0.258,0.331,0.541,0.872,0.36,664199
2019,13,1,19,16,7,0,5,54,96,0.341,0.438,0.61,1.047,0.436,607188
2019,10,0,5,0,2,0,1,18,31,0.143,0.419,0.381,0.8,0.364,642008
2019,0,0,1,0,1,0,1,3,5,0.4,0.4,1.2,1.6,0.631,448801
2019,2,1,0,1,0,0,0,3,7,0.25,0.571,0.25,0.821,0.424,434778
2019,31,5,105,36,14,0,12,216,314,0.223,0.312,0.403,0.715,0.308,659275
2019,36,2,105,63,19,4,23,343,490,0.241,0.3,0.454,0.754,0.316,592314
2019,34,2,81,48,13,2,15,211,325,0.27,0.351,0.484,0.835,0.353,656302
2019,12,0,22,7,2,0,4,48,73,0.213,0.342,0.443,0.785,0.336,669214
2019,22,0,40,22,12,0,8,99,163,0.298,0.393,0.553,0.946,0.395,502327
2019,28,9,80,42,17,4,17,244,361,0.247,0.324,0.481,0.805,0.338,592879
2019,34,10,73,60,17,0,23,233,377,0.3,0.382,0.559,0.941,0.393,660761
2019,14,1,24,14,6,3,7,79,124,0.275,0.363,0.578,0.941,0.387,456051
2019,1,1,25,17,8,1,3,73,104,0.284,0.298,0.471,0.769,0.32,664054
2019,12,2,58,38,5,1,7,145,210,0.26,0.31,0.403,0.713,0.305,552640
2019,3,0,9,8,6,0,1,24,42,0.385,0.429,0.615,1.044,0.435,670970
2019,7,1,18,11,3,0,0,50,72,0.219,0.306,0.266,0.572,0.261,665093
2019,3,1,13,6,4,1,2,34,51,0.277,0.333,0.532,0.865,0.359,621249
2019,11,1,26,12,5,0,3,60,92,0.25,0.348,0.425,0.773,0.333,542953
2019,9,0,14,13,4,0,1,72,99,0.2,0.273,0.278,0.551,0.246,594311
2019,8,0,32,21,8,1,4,103,145,0.248,0.29,0.409,0.699,0.295,641793
2019,23,4,44,10,6,1,10,87,141,0.237,0.383,0.57,0.953,0.395,650671
2019,33,1,46,34,13,1,11,185,278,0.242,0.335,0.439,0.774,0.33,592346
2019,0,0,0,3,0,0,0,3,6,0.5,0.5,0.5,1,0.435,543089
2019,9,0,9,7,2,1,2,27,48,0.308,0.438,0.564,1.002,0.42,605301
2019,14,1,27,20,3,1,4,69,112,0.289,0.384,0.464,0.848,0.364,664180
2019,19,2,57,15,7,1,8,125,177,0.199,0.294,0.41,0.704,0.3,608371
2019,0,0,0,0,0,0,0,6,6,0,0,0,0,0,608700
2019,36,5,117,69,14,4,14,319,461,0.24,0.308,0.393,0.701,0.301,605288
2019,1,0,0,1,0,0,0,3,5,0.25,0.4,0.25,0.65,0.312,543776
2019,0,0,0,0,0,0,0,3,3,0,0,0,0,0,491696
2019,31,4,68,37,18,1,21,200,312,0.278,0.359,0.578,0.937,0.387,656546
2019,2,0,0,2,0,0,1,6,11,0.333,0.455,0.667,1.122,0.46,518693
2019,9,1,18,13,8,1,1,68,101,0.253,0.327,0.396,0.723,0.311,664042
2019,15,0,17,16,15,2,11,80,139,0.355,0.424,0.774,1.198,0.481,643617
2019,4,1,2,3,2,0,1,11,22,0.353,0.5,0.647,1.147,0.476,622774
2019,4,0,0,2,1,0,0,1,8,0.75,0.875,1,1.875,0.715,621368
2019,0,0,1,2,0,0,1,6,9,0.333,0.333,0.667,1,0.409,425772
2019,0,0,1,0,0,0,0,3,3,0,0,0,0,0,543677
2019,46,8,115,75,28,1,21,376,555,0.25,0.323,0.435,0.758,0.323,518633
2019,18,3,38,28,10,1,5,103,168,0.299,0.387,0.483,0.87,0.371,656954
2019,0,0,1,0,0,0,0,1,1,0,0,0,0,0,576397
2019,2,0,0,5,0,0,0,3,10,0.625,0.7,0.625,1.325,0.573,664238
2019,35,4,82,87,35,5,21,354,541,0.295,0.346,0.51,0.856,0.358,642558
2019,5,0,9,9,0,0,4,28,46,0.317,0.391,0.61,1.001,0.414,660853
2019,15,7,64,17,11,2,8,181,241,0.174,0.249,0.352,0.601,0.258,461325
2019,0,0,0,0,0,0,0,4,4,0,0,0,0,0,543376
2019,24,3,46,52,13,1,20,199,312,0.302,0.362,0.565,0.927,0.385,446321
2019,7,2,47,43,13,3,9,158,235,0.301,0.328,0.504,0.832,0.347,641302
2019,33,6,57,67,29,5,18,259,417,0.315,0.379,0.561,0.94,0.391,663567
2019,26,3,89,70,18,3,15,306,441,0.257,0.306,0.425,0.731,0.31,615698
2019,20,0,50,17,5,1,7,121,171,0.199,0.292,0.384,0.676,0.291,580792
2019,4,1,5,7,1,0,3,17,33,0.393,0.485,0.75,1.235,0.503,453214
2019,12,2,30,7,5,0,9,61,96,0.256,0.365,0.646,1.011,0.41,518886
2019,12,2,27,15,11,1,4,81,126,0.277,0.357,0.5,0.857,0.361,573668
2019,12,0,14,9,5,0,4,49,79,0.269,0.38,0.522,0.902,0.379,542866
2019,16,1,37,21,2,3,5,99,147,0.238,0.327,0.415,0.742,0.318,475479
2019,4,0,6,9,3,0,0,25,41,0.324,0.39,0.405,0.795,0.347,489295
2019,6,2,10,7,6,0,2,29,52,0.341,0.442,0.614,1.056,0.439,596720
2019,31,2,41,53,16,1,11,218,332,0.271,0.343,0.441,0.784,0.335,607200
2019,0,0,1,2,0,0,1,3,6,0.5,0.5,1,1.5,0.613,594902
2019,16,4,27,18,8,0,4,69,119,0.303,0.42,0.505,0.925,0.396,606162
2019,30,8,96,45,17,4,14,266,384,0.231,0.307,0.425,0.732,0.311,656288
2019,5,1,9,7,0,0,1,16,30,0.333,0.467,0.458,0.925,0.407,543359
2019,4,0,14,8,0,0,4,35,51,0.255,0.314,0.511,0.825,0.343,594795
2019,5,0,8,10,1,0,0,21,37,0.344,0.432,0.375,0.807,0.361,600986
2019,1,0,2,0,1,0,0,9,11,0.1,0.182,0.2,0.382,0.173,608596
2019,2,0,1,1,1,0,0,6,10,0.25,0.4,0.375,0.775,0.347,518586
2019,0,0,0,2,0,0,0,3,5,0.4,0.4,0.4,0.8,0.348,602922
2019,2,3,2,3,0,0,1,10,19,0.286,0.474,0.5,0.974,0.426,519381
2019,2,0,4,2,2,0,2,11,19,0.353,0.421,0.824,1.245,0.497,545332
2019,0,1,3,1,0,0,0,6,8,0.143,0.25,0.143,0.393,0.199,571912
2019,1,0,3,9,2,0,0,16,28,0.407,0.429,0.481,0.91,0.391,502381
2019,36,4,96,37,16,1,8,232,334,0.211,0.305,0.354,0.659,0.289,668678
2019,18,4,22,32,11,1,9,126,201,0.296,0.373,0.52,0.893,0.376,453385
2019,4,1,2,7,2,0,1,14,29,0.417,0.517,0.625,1.142,0.481,650813
2019,5,0,10,7,2,0,2,27,43,0.289,0.372,0.5,0.872,0.369,571539
2019,0,0,5,2,0,0,0,16,18,0.111,0.111,0.111,0.222,0.097,488984
2019,9,3,29,30,11,2,5,122,182,0.282,0.33,0.459,0.789,0.333,543901
2019,24,0,45,22,5,0,11,108,170,0.26,0.365,0.521,0.886,0.371,658305
2019,0,1,0,0,0,0,0,2,3,0,0.333,0,0.333,0.24,467055
2019,5,0,2,0,3,0,4,10,22,0.412,0.545,1.294,1.839,0.675,643603
2019,5,0,8,7,4,0,1,32,49,0.273,0.347,0.432,0.779,0.334,621592
2019,22,1,29,15,8,1,12,103,162,0.259,0.364,0.59,0.954,0.392,622786
2019,34,3,52,54,25,3,23,196,338,0.349,0.42,0.681,1.101,0.45,429719
2019,2,0,1,6,1,0,0,9,18,0.438,0.5,0.5,1,0.434,596451
2019,1,1,0,2,0,0,0,3,7,0.4,0.571,0.4,0.971,0.45,448602
2019,14,4,20,14,2,0,3,76,113,0.2,0.327,0.316,0.643,0.292,656322
2019,5,0,22,13,4,0,2,72,96,0.209,0.25,0.319,0.569,0.245,501925
2019,13,2,25,34,14,1,12,121,197,0.335,0.386,0.621,1.007,0.415,543001
2019,27,0,44,35,16,1,7,176,262,0.251,0.328,0.417,0.745,0.319,596043
2019,12,3,31,30,8,0,7,120,180,0.273,0.333,0.448,0.781,0.333,608344
2019,16,3,25,13,7,0,6,65,110,0.286,0.409,0.56,0.969,0.406,571917
2019,19,1,42,20,9,0,6,114,169,0.235,0.325,0.416,0.741,0.318,663776
2019,15,1,37,13,9,0,4,121,163,0.177,0.258,0.32,0.578,0.252,664062
2019,16,1,46,23,15,2,4,166,227,0.21,0.269,0.357,0.626,0.268,650644
2019,18,10,41,52,13,2,15,211,321,0.28,0.343,0.491,0.834,0.351,642607
2019,16,5,25,18,8,1,6,101,155,0.246,0.348,0.455,0.803,0.343,667498
2019,6,1,16,21,5,1,6,63,103,0.344,0.388,0.604,0.992,0.411,621141
2019,13,1,39,24,3,1,8,110,160,0.247,0.312,0.445,0.758,0.32,656257
2019,20,0,38,32,10,2,8,101,173,0.34,0.416,0.588,1.004,0.418,664129
2019,6,2,10,3,1,0,2,30,44,0.167,0.318,0.361,0.679,0.302,572125
2019,21,1,39,21,12,2,6,115,178,0.263,0.354,0.481,0.835,0.353,596101
2019,11,3,31,16,5,1,4,106,146,0.197,0.274,0.341,0.615,0.267,622772
2019,9,0,29,10,3,0,2,72,96,0.172,0.25,0.276,0.526,0.234,656464
2019,15,3,35,16,6,0,0,99,139,0.182,0.288,0.231,0.519,0.243,592858
2019,40,3,88,56,25,2,19,330,475,0.236,0.305,0.435,0.74,0.313,668676
2019,11,0,13,11,1,0,5,56,84,0.233,0.333,0.452,0.785,0.334,642578
2019,2,0,2,1,0,1,1,9,14,0.25,0.357,0.667,1.024,0.409,573009
2019,10,1,22,29,6,0,12,105,163,0.309,0.356,0.586,0.942,0.389,664045
2019,1,0,2,1,0,0,1,7,10,0.222,0.3,0.556,0.856,0.35,621078
2019,2,1,0,1,0,0,0,2,6,0.333,0.667,0.333,1,0.495,435079
2019,1,1,4,2,4,1,1,24,34,0.25,0.294,0.531,0.825,0.338,500724
2019,6,2,34,14,3,1,5,83,114,0.217,0.272,0.406,0.678,0.286,606160
2019,1,0,0,3,1,0,2,5,12,0.545,0.583,1.182,1.765,0.7,572008
2019,0,2,1,0,0,0,1,6,9,0.143,0.333,0.571,0.904,0.375,641525
2019,2,0,1,1,0,0,1,7,11,0.222,0.364,0.556,0.92,0.381,541650
2019,0,0,0,1,1,0,0,3,5,0.4,0.4,0.6,1,0.417,622783
2019,1,0,4,7,2,0,2,17,29,0.393,0.414,0.679,1.093,0.452,456387
2019,11,2,23,20,12,0,7,72,124,0.351,0.419,0.649,1.068,0.44,664856
2019,4,1,18,13,2,0,7,49,76,0.31,0.355,0.634,0.989,0.405,641851
2019,12,1,25,21,10,1,7,94,146,0.293,0.356,0.541,0.897,0.374,605498
2019,3,0,4,2,1,0,4,15,25,0.318,0.4,0.909,1.309,0.511,572086
2019,6,0,5,3,0,0,0,14,23,0.176,0.391,0.176,0.567,0.293,665120
2019,8,0,11,6,1,1,1,27,44,0.25,0.386,0.417,0.803,0.351,656803
2019,8,0,10,5,4,0,3,31,51,0.279,0.392,0.581,0.973,0.403,606959
2019,29,7,118,58,15,0,20,279,408,0.25,0.316,0.452,0.768,0.325,571760
2019,2,0,0,1,2,0,0,1,6,0.75,0.833,1.25,2.083,0.781,630263
2019,1,0,0,1,0,0,1,6,9,0.25,0.333,0.625,0.958,0.389,605170
2019,6,2,10,10,2,0,6,40,66,0.31,0.394,0.655,1.049,0.43,607374
2019,12,1,38,31,8,3,8,139,202,0.265,0.312,0.466,0.778,0.326,656970
2019,26,9,85,36,18,2,20,242,353,0.239,0.314,0.497,0.811,0.339,622694
2019,7,2,33,17,3,0,3,90,122,0.204,0.262,0.31,0.572,0.25,592233
2019,11,2,19,17,4,0,2,63,99,0.267,0.364,0.384,0.748,0.329,650893
2019,38,9,91,81,14,4,16,324,486,0.262,0.333,0.421,0.754,0.324,572971
2019,9,0,7,8,2,1,2,27,49,0.325,0.449,0.575,1.024,0.429,639373
2019,22,2,27,16,4,3,3,73,123,0.263,0.407,0.455,0.862,0.372,605260
2019,4,0,0,1,0,0,0,0,5,1,1,1,2,0.726,467827
2019,12,3,28,15,7,0,3,89,129,0.219,0.31,0.36,0.67,0.293,673258
2019,10,3,23,13,3,0,5,57,91,0.269,0.374,0.5,0.874,0.371,607572
2019,0,0,0,0,1,0,1,3,5,0.4,0.4,1.2,1.6,0.631,572821
2019,1,0,0,2,2,0,1,3,9,0.625,0.667,1.25,1.917,0.756,543734
2019,0,0,0,1,0,0,1,6,8,0.25,0.25,0.625,0.875,0.351,664034
2019,1,0,2,2,2,0,2,13,20,0.316,0.35,0.737,1.087,0.437,621058
2019,4,0,2,2,2,0,0,11,19,0.267,0.421,0.4,0.821,0.365,502304
2019,16,2,26,14,4,3,4,61,104,0.291,0.413,0.547,0.96,0.403,519076
2019,1,2,4,4,3,1,1,17,29,0.346,0.414,0.654,1.068,0.439,622766
2019,11,2,15,18,6,0,6,78,121,0.278,0.355,0.5,0.855,0.361,656271
2019,14,1,37,28,9,2,5,115,174,0.277,0.339,0.453,0.792,0.336,657277
2019,13,0,19,10,1,0,3,51,78,0.215,0.346,0.369,0.715,0.317,642546
2019,2,0,0,2,1,0,1,7,13,0.364,0.462,0.727,1.189,0.483,620982
2019,4,0,11,0,1,1,1,19,26,0.136,0.269,0.409,0.678,0.286,640451
2019,9,4,21,12,1,0,4,45,75,0.274,0.4,0.484,0.884,0.38,605447
2019,5,3,23,23,3,0,1,83,118,0.245,0.297,0.3,0.597,0.264,677976
2019,4,1,16,9,3,0,0,54,71,0.182,0.239,0.227,0.466,0.211,643511
2019,5,0,23,16,5,0,5,62,93,0.295,0.333,0.523,0.856,0.357,605482
2019,2,1,7,7,0,1,2,37,50,0.213,0.26,0.383,0.643,0.272,607555
2019,6,1,21,11,6,1,2,67,94,0.23,0.287,0.391,0.678,0.289,661403
2019,5,0,9,6,1,0,1,29,42,0.216,0.31,0.324,0.634,0.282,669270
2019,2,0,7,6,2,0,3,27,40,0.289,0.325,0.579,0.904,0.371,672335
2019,1,1,8,6,1,0,2,18,29,0.333,0.379,0.593,0.972,0.404,448614
2019,10,0,28,13,7,0,5,64,99,0.281,0.354,0.528,0.882,0.368,664126
2019,8,1,7,15,5,1,3,36,69,0.4,0.478,0.667,1.145,0.474,628333
2019,6,0,19,24,2,0,4,68,104,0.306,0.346,0.449,0.795,0.339,664196
2019,36,5,82,30,13,0,11,230,325,0.19,0.292,0.352,0.644,0.282,657141
2019,5,0,3,1,1,0,2,9,18,0.308,0.5,0.846,1.346,0.523,656814
2019,5,0,18,14,2,0,1,53,75,0.243,0.293,0.314,0.607,0.267,660494
2019,1,0,3,3,2,0,1,9,16,0.4,0.438,0.733,1.171,0.48,660623
2019,3,1,5,6,1,1,1,22,35,0.29,0.371,0.484,0.855,0.363,572044
2019,0,0,1,0,0,0,0,4,4,0,0,0,0,0,446481
2019,5,0,9,5,3,1,1,21,36,0.323,0.417,0.581,0.998,0.414,664092
2019,2,0,6,8,2,0,2,20,34,0.375,0.412,0.625,1.037,0.431,668665
2019,0,0,0,1,0,0,0,2,3,0.333,0.333,0.333,0.666,0.29,621002
2019,14,2,17,21,10,1,4,76,128,0.321,0.406,0.536,0.942,0.397,663531
2019,12,1,19,7,6,1,3,58,88,0.227,0.341,0.453,0.794,0.338,671790
2019,0,0,5,3,3,0,1,12,19,0.368,0.368,0.684,1.052,0.432,656756
2019,1,0,15,6,2,1,1,54,65,0.156,0.169,0.266,0.435,0.182,608718
2019,5,4,11,11,9,1,0,44,74,0.323,0.405,0.492,0.897,0.383,607391
2019,1,0,4,2,1,0,1,15,20,0.211,0.25,0.421,0.671,0.279,575070
2019,1,2,10,3,1,1,1,19,28,0.24,0.321,0.48,0.801,0.337,572383
2019,3,1,16,2,2,0,1,37,46,0.119,0.196,0.238,0.434,0.194,666200
2019,13,0,11,13,7,0,2,60,95,0.268,0.368,0.427,0.795,0.344,596035
2019,1,1,6,0,3,0,0,16,21,0.158,0.238,0.316,0.554,0.241,503285
2019,2,1,5,4,0,0,0,11,18,0.267,0.389,0.267,0.656,0.31,543343
2019,2,0,9,4,1,0,1,19,27,0.24,0.296,0.4,0.696,0.297,621294
2019,3,0,10,5,1,0,1,28,38,0.2,0.263,0.314,0.577,0.252,572021
2019,6,4,16,7,0,0,2,35,54,0.205,0.352,0.341,0.693,0.315,658551
2019,9,1,13,7,2,0,4,37,60,0.26,0.383,0.54,0.923,0.387,640470
2019,4,0,7,4,4,0,2,26,40,0.278,0.35,0.556,0.906,0.375,622250
2019,2,0,1,4,1,0,2,7,16,0.5,0.562,1,1.562,0.622,543219
2019,12,3,44,17,9,2,5,125,173,0.209,0.277,0.386,0.663,0.283,608723
2019,0,0,3,6,1,0,1,7,15,0.533,0.533,0.8,1.333,0.558,477569
2019,0,0,0,1,0,0,1,3,5,0.4,0.4,1,1.4,0.562,501817
2019,0,0,0,0,0,0,0,1,1,0,0,0,0,0,545358
2019,0,0,0,0,1,0,1,6,8,0.25,0.25,0.75,1,0.395,502273
2019,10,0,31,23,11,1,3,76,124,0.333,0.387,0.526,0.913,0.384,626929
2019,0,0,0,0,1,0,1,3,5,0.4,0.4,1.2,1.6,0.631,518614
2019,9,1,16,7,4,0,1,41,63,0.226,0.349,0.358,0.707,0.315,664139
2019,1,0,0,2,1,0,1,3,8,0.571,0.625,1.143,1.768,0.698,620446
2019,12,2,27,8,3,1,1,68,95,0.16,0.284,0.259,0.543,0.251,592815
2019,8,0,11,6,1,0,3,27,45,0.27,0.4,0.541,0.941,0.395,600887
2019,7,0,40,24,8,0,6,122,167,0.238,0.269,0.4,0.669,0.282,664353
2019,5,0,6,3,4,0,2,26,40,0.257,0.35,0.543,0.893,0.37,665001
2019,11,0,20,13,7,0,2,66,99,0.25,0.333,0.398,0.731,0.316,643615
2019,11,7,42,20,5,1,5,103,152,0.231,0.322,0.396,0.718,0.311,621219
2019,9,1,4,16,8,1,5,61,101,0.33,0.396,0.604,1,0.414,607215
2019,9,0,13,4,3,1,3,47,67,0.19,0.299,0.431,0.73,0.309,456501
2019,0,0,1,2,0,0,0,7,9,0.222,0.222,0.222,0.444,0.193,650633
2019,3,1,7,10,1,0,1,36,52,0.25,0.308,0.333,0.641,0.282,642233
2019,1,0,8,2,1,0,0,18,22,0.143,0.182,0.19,0.372,0.166,675916
2019,2,0,5,2,0,0,0,17,21,0.105,0.19,0.105,0.295,0.149,605521
2019,0,0,0,3,0,0,1,2,6,0.667,0.667,1.167,1.834,0.758,500610
2019,15,1,18,16,7,0,3,62,104,0.295,0.404,0.477,0.881,0.378,622797
2019,3,0,0,4,2,0,2,15,26,0.348,0.423,0.696,1.119,0.456,623474
2019,11,0,30,8,6,0,2,70,97,0.186,0.278,0.326,0.604,0.265,662253
2019,0,0,1,3,1,0,2,16,22,0.273,0.273,0.591,0.864,0.35,592859
2019,0,0,1,2,2,1,0,3,8,0.625,0.625,1.125,1.75,0.713,501303
2019,0,0,0,2,0,0,1,3,6,0.5,0.5,1,1.5,0.613,543148
2019,6,0,6,7,6,0,2,19,40,0.441,0.525,0.794,1.319,0.535,621366
2019,0,1,0,2,2,0,1,12,18,0.294,0.333,0.588,0.921,0.38,670712
2019,2,0,1,0,0,0,0,3,5,0,0.4,0,0.4,0.276,605361
2019,0,0,0,2,0,0,1,6,9,0.333,0.333,0.667,1,0.409,591741
2019,0,0,0,0,0,0,0,3,3,0,0,0,0,0,607732
2019,5,0,0,4,1,0,1,15,26,0.286,0.423,0.476,0.899,0.388,518468
2019,0,0,0,1,1,0,2,3,7,0.571,0.571,1.571,2.142,0.852,519222
2019,4,0,6,6,3,0,0,25,38,0.265,0.342,0.353,0.695,0.306,668683
2019,9,1,30,21,9,0,11,102,153,0.287,0.333,0.58,0.913,0.376,622072
2019,0,0,0,0,0,0,0,3,3,0,0,0,0,0,607223
2019,9,5,20,12,3,0,3,61,93,0.228,0.344,0.38,0.724,0.32,622253
2019,0,0,0,1,0,0,0,3,4,0.25,0.25,0.25,0.5,0.218,606299
2019,3,0,13,3,1,0,0,25,32,0.138,0.219,0.172,0.391,0.184,650556
2019,3,0,2,1,1,0,2,10,17,0.286,0.412,0.786,1.198,0.473,517593
2019,4,0,0,1,0,0,0,2,7,0.333,0.714,0.333,1.047,0.519,660546
2019,6,2,14,11,5,0,2,41,67,0.305,0.388,0.492,0.88,0.375,642207
2019,1,1,2,0,0,0,0,2,4,0,0.5,0,0.5,0.352,620454
2019,0,0,0,1,0,0,0,4,5,0.2,0.2,0.2,0.4,0.174,571657
2019,19,2,34,40,7,2,3,135,208,0.278,0.351,0.385,0.736,0.321,663465
2019,4,1,19,12,1,0,3,38,59,0.296,0.356,0.481,0.837,0.355,670167
2019,1,0,1,2,0,0,0,5,8,0.286,0.375,0.286,0.661,0.304,488671
2019,6,2,17,14,3,1,5,53,84,0.303,0.369,0.566,0.935,0.389,605469
2019,0,0,2,0,0,0,1,6,7,0.143,0.143,0.571,0.714,0.277,650738
2019,0,0,0,0,0,0,0,1,1,0,0,0,0,0,592407
2019,2,2,7,3,0,0,0,13,20,0.188,0.35,0.188,0.538,0.271,592254
2019,0,0,1,3,1,0,2,6,12,0.5,0.5,1.083,1.583,0.642,645801
2019,3,0,3,4,0,0,0,10,17,0.286,0.412,0.286,0.698,0.326,606303
2019,0,1,0,2,0,0,1,8,12,0.273,0.333,0.545,0.878,0.367,642083
2019,3,0,12,2,0,1,3,39,48,0.133,0.188,0.378,0.566,0.232,608652
2019,5,0,2,3,3,0,3,16,30,0.36,0.467,0.84,1.307,0.518,670329
2019,7,0,6,2,2,0,0,22,33,0.154,0.333,0.231,0.564,0.273,641871
2019,7,2,31,10,3,0,3,85,110,0.158,0.227,0.277,0.504,0.222,640455
2019,5,0,14,4,3,0,3,33,48,0.233,0.312,0.512,0.825,0.342,670280
2019,1,1,10,8,1,0,1,27,39,0.27,0.308,0.378,0.686,0.296,660813
2019,2,0,10,3,0,1,2,24,32,0.2,0.25,0.467,0.717,0.294,624586
2019,3,0,6,2,2,0,3,26,36,0.212,0.278,0.545,0.823,0.335,642770
2019,0,0,0,0,1,0,0,3,4,0.25,0.25,0.5,0.75,0.304,435622
2019,4,0,7,6,2,0,1,19,32,0.321,0.406,0.5,0.906,0.386,650530
2019,6,0,10,2,1,0,2,22,33,0.185,0.333,0.444,0.777,0.333,642100
2019,5,0,7,4,2,0,1,14,26,0.333,0.462,0.571,1.033,0.435,534910
2019,5,1,13,12,3,0,0,42,63,0.263,0.333,0.316,0.649,0.29,641743
2019,6,0,8,2,0,0,2,12,22,0.25,0.455,0.625,1.08,0.444,622795
2019,4,0,1,4,0,0,1,7,16,0.417,0.562,0.667,1.23,0.511,502578
2019,6,2,9,12,9,0,4,51,84,0.329,0.393,0.605,0.998,0.413,621086
2019,0,0,2,2,4,0,0,12,18,0.333,0.333,0.556,0.889,0.367,607455
2019,0,0,2,0,0,0,0,2,2,0,0,0,0,0,476454
2019,6,0,11,3,3,2,2,25,41,0.286,0.39,0.657,1.047,0.423,572070
2019,6,1,17,5,1,0,0,35,48,0.146,0.271,0.171,0.442,0.217,622663
2019,1,0,4,3,2,0,0,11,17,0.312,0.353,0.438,0.791,0.337,622492
2019,1,0,1,1,0,0,0,5,7,0.167,0.286,0.167,0.453,0.223,660896
2019,2,0,1,0,0,0,0,3,5,0,0.4,0,0.4,0.276,450314
2019,0,0,1,0,1,0,0,3,4,0.25,0.25,0.5,0.75,0.304,592836
