batter,player_name,stand,p_throws,events,avg_launch_speed,avg_launch_angle,xba,woba,xwoba,iso,brl_pct
408234,"Cabrera, Miguel",R,L,10,89.18571428571428,-2.5714285714285716,0.3494285714285714,0.215,0.32371428571428573,0.1,0
408234,"Cabrera, Miguel",R,R,9,87.31428571428572,18.142857142857142,0.3007142857142857,0.35555555555555557,0.32657142857142857,0,0
443558,"Cruz, Nelson",R,L,6,89.1,32.333333333333336,0.087,0,0.10366666666666666,0,0
443558,"Cruz, Nelson",R,R,5,87.825,12,0.16225,0.4,0.271,0.6,0.25
444482,"Peralta, David",L,L,2,83.8,19,0.857,0.45,0.787,0,0
444482,"Peralta, David",L,R,15,95.93846153846154,8.846153846153847,0.40307692307692305,0.16666666666666666,0.42184615384615387,0,0
446334,"Longoria, Evan",R,L,7,93.7,18.25,0.34225,0.30714285714285716,0.342,0.14285714285714285,0
446334,"Longoria, Evan",R,R,4,99.45,11.75,0.362,0.725,0.58225,0.75,0.25
453568,"Blackmon, Charlie",L,L,7,77,28.8,0.3852,0.6357142857142857,0.3632,0.14285714285714285,0
453568,"Blackmon, Charlie",L,R,20,81.84375,19.6875,0.26937500000000003,0.2875,0.36125,0.2,0.125
455117,"Maldonado, Martín",R,L,2,82.05,11.5,0.63,0.45,0.5740000000000001,0,0
455117,"Maldonado, Martín",R,R,16,85.68333333333334,28.916666666666668,0.19425,0.24375,0.2095,0,0
456781,"Solano, Donovan",R,L,4,88.06666666666666,26,0.30933333333333335,0.45,0.28733333333333333,0,0
456781,"Solano, Donovan",R,R,5,94.475,18.25,0.33425,0,0.34099999999999997,0,0
457705,"McCutchen, Andrew",R,L,4,87.6,49,0.014,0.175,0.02,0,0
457705,"McCutchen, Andrew",R,R,19,90.08181818181818,25.545454545454547,0.2909090909090909,0.46578947368421053,0.31181818181818183,0.05263157894736842,0
457759,"Turner, Justin",R,L,6,89.2,17.666666666666668,0.498,0.5333333333333333,0.6206666666666667,0,0
457759,"Turner, Justin",R,R,26,89.27,11.35,0.1986,0.3557692307692308,0.21875,0.038461538461538464,0
462101,"Andrus, Elvis",R,L,5,93.89999999999999,-0.25,0.39075,0.32,0.3695,0,0
462101,"Andrus, Elvis",R,R,24,89.07894736842105,0.5789473684210527,0.30978947368421056,0.23125,0.30126315789473684,0.041666666666666664,0
467793,"Santana, Carlos",L,R,22,86.64615384615385,11.692307692307692,0.311,0.24318181818181817,0.35615384615384615,0.18181818181818182,0.15384615384615385
467793,"Santana, Carlos",R,L,4,94.675,-5,0.44,0.675,0.40650000000000003,0,0
474832,"Belt, Brandon",L,L,2,NA,NA,NA,0,NA,0,NA
474832,"Belt, Brandon",L,R,19,86.72857142857143,9.857142857142858,0.2022857142857143,0.1394736842105263,0.224,0.05263157894736842,0
493329,"Gurriel, Yuli",R,L,2,84.8,23,0.426,0.45,0.4135,0,0
493329,"Gurriel, Yuli",R,R,6,97.95,-4.25,0.42775,0.3,0.40375,0,0
500743,"Rojas, Miguel",R,L,2,93.1,27,0.129,0.35,0.16,0,0
500743,"Rojas, Miguel",R,R,13,90.82000000000001,20.6,0.22089999999999999,0.16538461538461538,0.2305,0.07692307692307693,0
500871,"Escobar, Eduardo",L,R,10,72.08571428571429,3.142857142857143,0.16742857142857143,0.06999999999999999,0.1512857142857143,0,0
500871,"Escobar, Eduardo",R,L,11,85.7,31.5,0.4195,0.16363636363636364,0.4063333333333333,0,0
502054,"Pham, Tommy",R,L,10,86.5,13.11111111111111,0.43077777777777776,0.38,0.5825555555555556,0.3,0.2222222222222222
502054,"Pham, Tommy",R,R,4,103.85,-6.5,0.4385,0.4875,0.4665,0.25,0
502110,"Martinez, J.D.",R,L,6,104.6,-6,0.349,0.2333333333333333,0.314,0,0
502110,"Martinez, J.D.",R,R,24,97.90714285714286,16.571428571428573,0.42907142857142855,0.38125,0.5145,0.25,0.14285714285714285
502671,"Goldschmidt, Paul",R,L,5,92.42,8.6,0.45840000000000003,0.54,0.5074,0,0
502671,"Goldschmidt, Paul",R,R,22,98.55,22,0.5591666666666667,0.5340909090909091,0.67925,0.18181818181818182,0.16666666666666666
516416,"Segura, Jean",R,L,5,78.76666666666667,0.6666666666666666,0.3293333333333333,0,0.30566666666666664,0,0
516416,"Segura, Jean",R,R,17,91.04444444444444,-15.7,0.22966666666666669,0.2529411764705882,0.21555555555555556,0,0
516782,"Marte, Starling",R,L,11,82.45555555555556,24,0.4132222222222222,0.35909090909090907,0.4091111111111111,0.09090909090909091,0.1111111111111111
516782,"Marte, Starling",R,R,16,85.23846153846154,3.3846153846153846,0.3108461538461538,0.278125,0.3376923076923077,0.0625,0.07692307692307693
518595,"d'Arnaud, Travis",R,L,13,90.73076923076923,-2.5384615384615383,0.43784615384615383,0.5807692307692308,0.42515384615384616,0.07692307692307693,0
518595,"d'Arnaud, Travis",R,R,18,92.86923076923077,10.307692307692308,0.3067692307692308,0.18888888888888888,0.3535384615384615,0.1111111111111111,0.15384615384615385
518626,"Donaldson, Josh",R,L,3,95.2,19.333333333333332,0.259,0.6666666666666666,0.42533333333333334,1,0.3333333333333333
518626,"Donaldson, Josh",R,R,15,86.67142857142858,9.428571428571429,0.29014285714285715,0.10666666666666666,0.3432857142857143,0,0
518692,"Freeman, Freddie",L,L,6,85.08,9.8,0.381,0.75,0.4698,0.5,0.2
518692,"Freeman, Freddie",L,R,27,92.08823529411765,12.294117647058824,0.4748235294117647,0.3888888888888889,0.47841176470588237,0.07407407407407407,0
518735,"Grandal, Yasmani",L,R,17,82.0909090909091,1.3636363636363635,0.4151818181818182,0.47352941176470587,0.42336363636363633,0.23529411764705882,0.09090909090909091
518735,"Grandal, Yasmani",R,L,4,79.73333333333333,-17.333333333333332,0.11933333333333333,0,0.11033333333333334,0,0
518792,"Heyward, Jason",L,R,12,94.33,4.5,0.4122,0.4666666666666667,0.5258,0.5,0.2
518934,"LeMahieu, DJ",R,L,6,94.725,22.25,0.3625,0.11666666666666665,0.60625,0,0.5
518934,"LeMahieu, DJ",R,R,16,93.32222222222222,5.555555555555555,0.4403333333333333,0.5375,0.5165555555555555,0.4375,0.1111111111111111
519058,"Moustakas, Mike",L,L,2,96.5,-4,0.329,0.45,0.316,0,0
519058,"Moustakas, Mike",L,R,8,74.33333333333334,13.333333333333334,0.07533333333333334,0.26249999999999996,0.07533333333333334,0,0
519203,"Rizzo, Anthony",L,L,2,74.8,-12,0.06,0,0.054,0,0
519203,"Rizzo, Anthony",L,R,20,90.58461538461539,23.615384615384617,0.35615384615384615,0.4725,0.4666923076923077,0.2,0.15384615384615385
519317,"Stanton, Giancarlo",R,L,4,98.925,13.5,0.3745,0,0.6425,0,0.25
519317,"Stanton, Giancarlo",R,R,18,92.93846153846154,2.6923076923076925,0.3330769230769231,0.45,0.42153846153846153,0.3333333333333333,0.15384615384615385
521692,"Perez, Salvador",R,L,3,92.16666666666667,18.666666666666668,0.362,0.3,0.4536666666666667,0,0
521692,"Perez, Salvador",R,R,21,88.45,26.27777777777778,0.27555555555555555,0.28095238095238095,0.31177777777777776,0.09523809523809523,0.05555555555555555
527038,"Flores, Wilmer",R,L,2,93.4,26,0.186,0.35,0.259,0,0
527038,"Flores, Wilmer",R,R,12,86.82222222222222,26.77777777777778,0.33566666666666667,0.5375,0.4148888888888889,0.3333333333333333,0.1111111111111111
541645,"García, Avisaíl",R,L,2,56.7,9,0.137,0,0.123,0,0
541645,"García, Avisaíl",R,R,18,94.83,19,0.2614,0.28888888888888886,0.3779,0.16666666666666666,0.2
542194,"Bethancourt, Christian",R,L,6,84.625,-3.5,0.14725,0.11666666666666665,0.17,0,0
542194,"Bethancourt, Christian",R,R,4,86.3,-19,0.1,0,0.09,0,0
542208,"Pérez, Carlos",R,L,1,90.2,17,0.809,0.9,0.764,0,0
542208,"Pérez, Carlos",R,R,4,97.86666666666666,15.333333333333334,0.3646666666666667,0.225,0.3353333333333333,0,0
542303,"Ozuna, Marcell",R,L,6,71.9,-19.25,0.08399999999999999,0.11666666666666665,0.07625,0,0
542303,"Ozuna, Marcell",R,R,14,92.7,3.857142857142857,0.36528571428571427,0.24285714285714285,0.49814285714285716,0.21428571428571427,0.14285714285714285
542583,"Aguilar, Jesús",R,L,7,84.16666666666667,14.5,0.45766666666666667,0.6714285714285715,0.4866666666666667,0.42857142857142855,0
542583,"Aguilar, Jesús",R,R,12,84.4875,50.625,0.049249999999999995,0.1625,0.052875,0.08333333333333333,0
542932,"Berti, Jon",R,L,4,79.9,27.5,0.463,0.225,0.4325,0,0
542932,"Berti, Jon",R,R,14,85.48181818181818,6.363636363636363,0.30418181818181816,0.19285714285714287,0.3033636363636364,0,0
543063,"Crawford, Brandon",L,L,2,NA,NA,NA,0,NA,0,NA
543063,"Crawford, Brandon",L,R,18,86.83333333333333,18.5,0.25325,0.30833333333333335,0.3169166666666667,0.2222222222222222,0.08333333333333333
543068,"Cron, C.J.",R,L,9,87.075,29.875,0.29875,0.2,0.289125,0,0
543068,"Cron, C.J.",R,R,20,93.5,12.307692307692308,0.5147692307692308,0.495,0.8177692307692308,0.55,0.38461538461538464
543228,"Gomes, Yan",R,L,3,98.75,6.5,0.617,0.3,0.619,0,0
543228,"Gomes, Yan",R,R,11,85.28888888888889,-1.3333333333333333,0.14722222222222223,0.08181818181818182,0.19644444444444445,0,0.1111111111111111
543257,"Grossman, Robbie",L,R,19,93.725,21.75,0.3530833333333333,0.3868421052631579,0.42350000000000004,0.21052631578947367,0.08333333333333333
543257,"Grossman, Robbie",R,L,3,90.8,-6.333333333333333,0.23333333333333334,0,0.23133333333333334,0,0
543281,"Harrison, Josh",R,L,3,75.83333333333333,2,0.3716666666666667,0.3,0.3463333333333333,0,0
543281,"Harrison, Josh",R,R,3,83.53333333333333,-5.333333333333333,0.224,0,0.21933333333333335,0,0
543305,"Hicks, Aaron",L,R,6,88.8,-1,0.273,0.11666666666666665,0.256,0,0
543305,"Hicks, Aaron",R,L,2,86.85,18.5,0.0275,0,0.024499999999999997,0,0
543309,"Higashioka, Kyle",R,L,2,61.3,-40,0.123,0,0.111,0,0
543309,"Higashioka, Kyle",R,R,5,97,32,0.47333333333333333,0.4,0.769,0.6,0.3333333333333333
543333,"Hosmer, Eric",L,L,3,94.9,0,0.376,0.7166666666666667,0.35550000000000004,0.3333333333333333,0
543333,"Hosmer, Eric",L,R,14,91.23333333333333,0.9166666666666666,0.21775,0.28214285714285714,0.21191666666666667,0.07142857142857142,0
543543,"Miller, Brad",L,L,1,NA,NA,NA,0,NA,0,NA
543543,"Miller, Brad",L,R,13,85.65555555555555,2.111111111111111,0.359,0.46923076923076923,0.3958888888888889,0.23076923076923078,0.1111111111111111
543592,"Nola, Austin",R,L,7,73.48571428571428,28.285714285714285,0.18557142857142858,0.1285714285714286,0.1732857142857143,0,0
543592,"Nola, Austin",R,R,11,88.75,17.166666666666668,0.21066666666666667,0.2909090909090909,0.19666666666666668,0,0
543685,"Rendon, Anthony",R,L,2,86.5,35,0.017,0,0.019,0,0
543685,"Rendon, Anthony",R,R,6,91.575,39,0.0565,0.11666666666666665,0.07875,0,0
543760,"Semien, Marcus",R,L,9,83.75,16.5,0.42583333333333334,0.4,0.39316666666666666,0,0
543760,"Semien, Marcus",R,R,18,86.12142857142857,11.785714285714286,0.19892857142857143,0.25,0.21742857142857142,0.16666666666666666,0
543807,"Springer, George",R,L,9,75.1,10.375,0.246625,0.17777777777777778,0.234625,0,0
543807,"Springer, George",R,R,22,84.59444444444445,24.333333333333332,0.31555555555555553,0.2772727272727273,0.3236111111111111,0,0
543877,"Vázquez, Christian",R,L,2,98.1,12,0.547,0.45,0.5429999999999999,0,0
543877,"Vázquez, Christian",R,R,12,84.0875,9.375,0.381125,0.3416666666666667,0.35962500000000003,0,0
543939,"Wong, Kolten",L,R,20,84.73846153846154,18.307692307692307,0.22284615384615386,0.185,0.23123076923076924,0,0
545121,"Vargas, Ildemaro",L,R,5,86.94,-1,0.3502,0.18,0.3348,0,0
545121,"Vargas, Ildemaro",R,L,2,96.95,24.5,0.1445,0,0.135,0,0
545361,"Trout, Mike",R,L,5,104.175,17.5,0.83375,0.97,1.09625,0.8,0.25
545361,"Trout, Mike",R,R,23,93.95454545454545,10,0.39254545454545453,0.4152173913043478,0.44827272727272727,0.043478260869565216,0.09090909090909091
547379,"Pérez, Roberto",R,L,3,NA,NA,NA,0.4666666666666666,NA,0,NA
547379,"Pérez, Roberto",R,R,12,90.31428571428572,2.2857142857142856,0.36842857142857144,0.15,0.3737142857142857,0,0
547989,"Abreu, José",R,L,9,92.0625,15.5,0.3255,0.17777777777777778,0.429,0,0.125
547989,"Abreu, José",R,R,23,90.01875,8.8125,0.314,0.4282608695652174,0.3058125,0.043478260869565216,0
553869,"Díaz, Elias",R,L,7,93.925,5,0.2275,0.19999999999999998,0.24625,0,0
553869,"Díaz, Elias",R,R,18,79.7909090909091,9,0.1630909090909091,0.2777777777777778,0.15027272727272728,0.1111111111111111,0
553882,"Narváez, Omar",L,L,4,70.25,-2.5,0.4645,0.4,0.4385,0,0
553882,"Narváez, Omar",L,R,13,87.56363636363636,21.727272727272727,0.3429090909090909,0.26153846153846155,0.3221818181818182,0,0
553993,"Suárez, Eugenio",R,L,6,97.64,4,0.479,0.8083333333333333,0.49820000000000003,0.16666666666666666,0
553993,"Suárez, Eugenio",R,R,22,88.79375,18.6875,0.304875,0.2772727272727273,0.371,0.09090909090909091,0.0625
570482,"Urshela, Gio",R,L,6,85.14,-7.6,0.1542,0.3,0.1446,0,0
570482,"Urshela, Gio",R,R,16,87.92222222222222,6.777777777777778,0.3452222222222222,0.346875,0.333,0.0625,0
570731,"Schoop, Jonathan",R,L,10,90.56666666666666,25.666666666666668,0.33599999999999997,0.22999999999999998,0.3446666666666667,0,0
570731,"Schoop, Jonathan",R,R,1,NA,NA,NA,0,NA,0,NA
571448,"Arenado, Nolan",R,L,4,84.6,28,0.2743333333333333,0.225,0.2623333333333333,0,0
571448,"Arenado, Nolan",R,R,23,89.83888888888889,1.8333333333333333,0.33366666666666667,0.358695652173913,0.3343888888888889,0.043478260869565216,0.05555555555555555
571466,"Barnhart, Tucker",L,R,5,87.75,31,0.29724999999999996,0.18,0.27925,0,0
571657,"Farmer, Kyle",R,L,8,88.32,40.8,0.081,0.2,0.10339999999999999,0,0
571657,"Farmer, Kyle",R,R,5,77.28,-0.4,0.2104,0.18,0.2364,0,0
571771,"Hernández, Enrique",R,L,4,79.65,45.75,0.15325,0.5,0.2435,0.75,0.25
571771,"Hernández, Enrique",R,R,21,87.35833333333333,26.833333333333332,0.2675,0.23809523809523808,0.324,0.14285714285714285,0.08333333333333333
571875,"Lamb, Jake",L,L,1,NA,NA,NA,0.7,NA,0,NA
571875,"Lamb, Jake",L,R,16,92.975,16,0.285,0.234375,0.28925,0.0625,0
571912,"Maile, Luke",R,L,3,60.733333333333334,21,0.09733333333333334,0,0.095,0,0
571912,"Maile, Luke",R,R,1,NA,NA,NA,0,NA,0,NA
571970,"Muncy, Max",L,L,5,83.85,13,0.063,0.13999999999999999,0.0585,0,0
571970,"Muncy, Max",L,R,22,95.55555555555556,21.555555555555557,0.3888888888888889,0.2681818181818182,0.5156666666666666,0.13636363636363635,0.3333333333333333
571976,"Myers, Wil",R,L,6,76.775,27.25,0.29075,0.15,0.2815,0,0
571976,"Myers, Wil",R,R,14,97.24,17.8,0.3068,0.32857142857142857,0.3382,0,0
572041,"Pollock, AJ",R,L,6,88.35,16,0.292,0.11666666666666665,0.41250000000000003,0,0
572041,"Pollock, AJ",R,R,8,86.1,33.166666666666664,0.20866666666666667,0.5875,0.28933333333333333,0.75,0.16666666666666666
572191,"Taylor, Michael A.",R,L,6,84.55,14,0.28200000000000003,0.35833333333333334,0.36325,0.16666666666666666,0.25
572191,"Taylor, Michael A.",R,R,15,95.26,17,0.3403,0.16666666666666666,0.38880000000000003,0,0.1
572204,"Thompson, Trayce",R,L,6,101.5,16.666666666666668,0.5203333333333333,0.3333333333333333,0.8866666666666666,0.5,0.3333333333333333
572204,"Thompson, Trayce",R,R,7,94.7,18.25,0.56775,0.6714285714285714,1.12725,0.8571428571428571,0.5
572228,"Voit, Luke",R,L,5,84.1,38.5,0.086,0.18,0.078,0,0
572228,"Voit, Luke",R,R,4,87.73333333333333,-11,0.37533333333333335,0.225,0.36633333333333334,0,0
572233,"Walker, Christian",R,L,6,89.52,17.6,0.3342,0.75,0.4888,0.5,0.2
572233,"Walker, Christian",R,R,21,79.58235294117647,20.294117647058822,0.23929411764705882,0.1619047619047619,0.22647058823529412,0,0
572287,"Zunino, Mike",R,L,7,88.8,40,0.48033333333333333,0.6642857142857143,0.644,0.5714285714285714,0.3333333333333333
572287,"Zunino, Mike",R,R,14,84.36666666666666,41.44444444444444,0.25277777777777777,0.31785714285714284,0.2767777777777778,0.07142857142857142,0
572761,"Carpenter, Matt",L,L,3,94.1,22.5,0.5015000000000001,0.5333333333333333,0.727,0,0.5
572761,"Carpenter, Matt",L,R,18,89.625,21.583333333333332,0.35154545454545455,0.4361111111111111,0.4963636363636364,0.2222222222222222,0.16666666666666666
572816,"Dickerson, Corey",L,R,4,103.9,-14,0.243,0.175,0.226,0,0
573262,"Yastrzemski, Mike",L,L,2,76.4,2.5,0.256,0,0.235,0,0
573262,"Yastrzemski, Mike",L,R,25,86.4375,19.1875,0.3273125,0.402,0.42412500000000003,0.36,0.125
575929,"Contreras, Willson",R,L,4,93.825,22.75,0.33975,0.225,0.34075,0,0
575929,"Contreras, Willson",R,R,14,90.55384615384615,7.6923076923076925,0.3813076923076923,0.3464285714285714,0.444,0.07142857142857142,0.07692307692307693
592178,"Bryant, Kris",R,L,6,80.7,18,0.2565,0.35833333333333334,0.25575,0.16666666666666666,0
592178,"Bryant, Kris",R,R,24,81.06470588235294,5.529411764705882,0.38888235294117646,0.425,0.3963529411764706,0.08333333333333333,0
592192,"Canha, Mark",R,L,13,91.05,33.5,0.2998,0.4,0.4318,0.23076923076923078,0.2
592192,"Canha, Mark",R,R,15,84.85,11.7,0.1181,0.17666666666666667,0.1373,0.06666666666666667,0
592200,"Casali, Curt",R,L,2,87,34.5,0.1275,0,0.134,0,0
592200,"Casali, Curt",R,R,1,90.1,60,0.014,0,0.015,0,0
592206,"Castellanos, Nick",R,L,6,78.75,42.5,0.156,0.3833333333333333,0.1415,0,0
592206,"Castellanos, Nick",R,R,18,83.275,-5.625,0.400375,0.20833333333333334,0.381125,0.16666666666666666,0
592273,"Drury, Brandon",R,L,5,76.75,-2.75,0.33949999999999997,0,0.31975000000000003,0,0
592273,"Drury, Brandon",R,R,16,89.7090909090909,19.272727272727273,0.3141818181818182,0.26875,0.33145454545454545,0.125,0.09090909090909091
592450,"Judge, Aaron",R,L,5,101.45,44,0.0675,0.13999999999999999,0.1185,0,0
592450,"Judge, Aaron",R,R,21,97.36363636363636,15.181818181818182,0.54,0.5142857142857142,0.711,0.2857142857142857,0.18181818181818182
592518,"Machado, Manny",R,L,9,90.11428571428571,23.142857142857142,0.23514285714285713,0.2,0.25985714285714284,0,0
592518,"Machado, Manny",R,R,17,85.94545454545455,18.363636363636363,0.18563636363636363,0.3264705882352941,0.18,0.058823529411764705,0
592626,"Pederson, Joc",L,R,26,97.70833333333333,23.25,0.49816666666666665,0.38653846153846155,0.7431666666666666,0.2692307692307692,0.3333333333333333
592663,"Realmuto, J.T.",R,L,7,80.83333333333333,33.833333333333336,0.19716666666666668,0.1285714285714286,0.18783333333333332,0,0
592663,"Realmuto, J.T.",R,R,13,82.625,18.375,0.516875,0.4115384615384615,0.626375,0.23076923076923078,0.125
592669,"Renfroe, Hunter",R,L,5,72.36,2.2,0.1948,0.18,0.206,0,0
592669,"Renfroe, Hunter",R,R,22,85.43333333333334,12.6,0.19619999999999999,0.21818181818181817,0.2066,0,0
592696,"Rosario, Eddie",L,L,2,87.5,4,0.383,0,0.345,0,0
592696,"Rosario, Eddie",L,R,13,82.62,5.5,0.4751,0.3576923076923077,0.505,0.07692307692307693,0.1
592885,"Yelich, Christian",L,L,7,96.35,11,0.79,0.35714285714285715,0.7370000000000001,0,0
592885,"Yelich, Christian",L,R,21,88.07,10.7,0.4209,0.2785714285714286,0.4509,0.047619047619047616,0
593160,"Merrifield, Whit",R,L,7,91.14,4,0.2428,0.17857142857142858,0.2502,0.14285714285714285,0
593160,"Merrifield, Whit",R,R,14,81.06666666666666,24.88888888888889,0.23722222222222222,0.34285714285714286,0.23033333333333333,0,0
593428,"Bogaerts, Xander",R,L,10,87.2625,35.25,0.306,0.36,0.428375,0.3,0.125
593428,"Bogaerts, Xander",R,R,20,91.98571428571428,14.5,0.36628571428571427,0.5825,0.44742857142857145,0.45,0.14285714285714285
593643,"Alberto, Hanser",R,L,2,82.75,33,0.11599999999999999,0.45,0.139,0,0
593643,"Alberto, Hanser",R,R,7,85.68571428571428,6,0.29842857142857143,0.2571428571428572,0.28728571428571426,0,0
594807,"Duvall, Adam",R,L,5,94.03333333333333,28.333333333333332,0.537,0.75,0.6893333333333334,0.6,0.3333333333333333
594807,"Duvall, Adam",R,R,23,89.3,27.470588235294116,0.42394117647058827,0.6086956521739131,0.6070588235294118,0.4782608695652174,0.29411764705882354
595281,"Kiermaier, Kevin",L,L,5,97.7,-12.25,0.6856666666666666,0.54,0.6546666666666666,0,0
595281,"Kiermaier, Kevin",L,R,16,87.76428571428572,5.285714285714286,0.21121428571428572,0.303125,0.19885714285714284,0.0625,0
595777,"Profar, Jurickson",L,R,13,84.97777777777777,24,0.26922222222222225,0.12307692307692307,0.2687777777777778,0,0
595777,"Profar, Jurickson",R,L,3,81.26666666666667,9.666666666666666,0.11499999999999999,0.3,0.11,0,0
595879,"Báez, Javier",R,L,13,92.2,18.833333333333332,0.323,0.1769230769230769,0.3055,0,0
595879,"Báez, Javier",R,R,14,82.2,5.615384615384615,0.14915384615384616,0.0642857142857143,0.14961538461538462,0,0
595909,"Cave, Jake",L,L,2,105.9,18,0.56,0,0.745,0,0
595909,"Cave, Jake",L,R,13,89.9857142857143,8.428571428571429,0.453,0.24615384615384614,0.6102857142857143,0,0.2857142857142857
595956,"Gallagher, Cam",R,L,2,84,-9,0.2185,0,0.20750000000000002,0,0
595956,"Gallagher, Cam",R,R,5,84.1,18.5,0.357,0.39,0.569,0.2,0.5
595978,"Hedges, Austin",R,L,3,88,22,0.2575,0,0.2515,0,0
595978,"Hedges, Austin",R,R,6,62.825,33.25,0.0935,0.15833333333333333,0.08374999999999999,0,0
596019,"Lindor, Francisco",L,R,17,90.39,17.4,0.3711,0.3764705882352941,0.3811,0.11764705882352941,0
596019,"Lindor, Francisco",R,L,12,94.92857142857143,18.857142857142858,0.2815714285714286,0.2791666666666667,0.35857142857142854,0.08333333333333333,0.14285714285714285
596059,"Odor, Rougned",L,L,2,85.6,17,0.3185,0,0.31,0,0
596059,"Odor, Rougned",L,R,8,85.34,-9,0.368,0.24375,0.3538,0.125,0
596117,"Stubbs, Garrett",L,R,5,70.06666666666666,52,0.2843333333333333,0.18,0.259,0,0
596129,"Vogelbach, Daniel",L,L,2,78.55000000000001,-40,0.2,0,0.1885,0,0
596129,"Vogelbach, Daniel",L,R,12,89.31666666666666,-5.166666666666667,0.188,0.4125,0.17233333333333334,0.08333333333333333,0
596146,"Kepler, Max",L,L,3,82.46666666666667,-3.6666666666666665,0.09533333333333333,0,0.09066666666666666,0,0
596146,"Kepler, Max",L,R,14,86.97272727272727,21.636363636363637,0.2099090909090909,0.2571428571428571,0.27945454545454546,0.21428571428571427,0.09090909090909091
596847,"Choi, Ji Man",L,R,12,90.3,20.142857142857142,0.255,0.075,0.2775714285714286,0,0.14285714285714285
598265,"Bradley Jr., Jackie",L,L,4,81.9,43,0.009,0.35,0.008,0,0
598265,"Bradley Jr., Jackie",L,R,10,97.8375,18.75,0.251375,0.32,0.373,0,0.125
600301,"Motter, Taylor",R,L,2,114.8,13,0.82,0.625,0.917,0.5,1
600303,"La Stella, Tommy",L,R,8,91.08333333333333,16.5,0.23483333333333334,0.15625,0.22616666666666668,0.125,0
600869,"Candelario, Jeimer",L,R,13,87.85714285714286,10.428571428571429,0.2387142857142857,0.27692307692307694,0.3198571428571429,0.23076923076923078,0.14285714285714285
600869,"Candelario, Jeimer",R,L,16,94.30833333333334,22.416666666666668,0.2813333333333333,0.290625,0.30141666666666667,0.0625,0
602074,"Daza, Yonathan",R,L,6,71.45,1.5,0.30025,0.5083333333333333,0.279,0.16666666666666666,0
602074,"Daza, Yonathan",R,R,18,84.25384615384615,19.23076923076923,0.2660769230769231,0.1,0.27676923076923077,0,0
602104,"Urías, Ramón",R,L,8,91.7,17.666666666666668,0.43433333333333335,0.15625,0.41333333333333333,0.125,0
602104,"Urías, Ramón",R,R,10,86.86666666666666,6.833333333333333,0.301,0.52,0.38383333333333336,0.3,0.16666666666666666
605113,"Ahmed, Nick",R,L,9,90.46666666666667,7.166666666666667,0.3705,0.4388888888888889,0.35183333333333333,0.1111111111111111,0
605113,"Ahmed, Nick",R,R,3,94.9,23.5,0.24,0,0.313,0,0
605119,"Anderson, Brian",R,L,5,95.675,15.75,0.3165,0.54,0.53425,0.6,0.25
605119,"Anderson, Brian",R,R,18,92.34,15.9,0.5886,0.6583333333333333,0.8665,0.3888888888888889,0.4
605131,"Barnes, Austin",R,L,3,70.1,53.5,0.0645,0,0.058,0,0
605131,"Barnes, Austin",R,R,2,91.5,57,0.006,0,0.006,0,0
605137,"Bell, Josh",L,R,22,90.21666666666667,-5.75,0.28308333333333335,0.17727272727272728,0.28,0,0
605137,"Bell, Josh",R,L,7,79.86666666666666,-16.666666666666668,0.267,0.3,0.258,0,0
605141,"Betts, Mookie",R,L,4,93.6,10,0.3953333333333333,0.3125,0.5163333333333333,0.25,0.3333333333333333
605141,"Betts, Mookie",R,R,26,91.90833333333333,20.166666666666668,0.352,0.3903846153846154,0.4085,0.15384615384615385,0.08333333333333333
605170,"Caratini, Victor",L,R,8,90.7,-2.2,0.2938,0.3125,0.3378,0,0.2
605170,"Caratini, Victor",R,L,1,86.9,-23,0.12,0,0.127,0,0
605204,"Davis, J.D.",R,L,2,95,30,0.24,0,0.391,0,0
605204,"Davis, J.D.",R,R,15,97.97,8.5,0.5401,0.49333333333333335,0.6597,0.4,0.2
605612,"Castro, Harold",L,L,2,88.7,48,0.011,0,0.019,0,0
605612,"Castro, Harold",L,R,11,80.225,4.375,0.29962500000000003,0.16363636363636364,0.284,0,0
606115,"Arcia, Orlando",R,L,10,94.56,-6.666666666666667,0.4634,0.755,0.7206,0.7,0.4
606115,"Arcia, Orlando",R,R,19,90.9125,9.3125,0.37656249999999997,0.35000000000000003,0.3648125,0.05263157894736842,0
606132,"Tapia, Raimel",L,R,6,79.475,-35.25,0.24125000000000002,0.4166666666666667,0.22475,0,0
606192,"Hernández, Teoscar",R,L,6,102.9,34.333333333333336,0.664,0.6666666666666666,1.335,1,0.6666666666666666
606192,"Hernández, Teoscar",R,R,21,83.24545454545455,14.181818181818182,0.298,0.20238095238095238,0.38954545454545453,0.047619047619047616,0.18181818181818182
606466,"Marte, Ketel",L,R,19,93.24,20.4,0.22153333333333333,0.17894736842105263,0.24313333333333334,0.10526315789473684,0.06666666666666667
606466,"Marte, Ketel",R,L,10,96.8125,9.625,0.32937500000000003,0.375,0.318125,0.1,0
606992,"Haase, Eric",R,L,9,89.9,19.166666666666668,0.31533333333333335,0.1,0.3418333333333333,0,0.16666666666666666
606992,"Haase, Eric",R,R,15,77.13333333333333,7.555555555555555,0.2707777777777778,0.16666666666666666,0.261,0,0
607043,"Nimmo, Brandon",L,L,9,88.5125,-1.875,0.452125,0.5166666666666667,0.428625,0.1111111111111111,0
607043,"Nimmo, Brandon",L,R,19,83.9,0.4166666666666667,0.22575,0.23157894736842105,0.21125,0,0
607054,"Peterson, Jace",L,R,16,90.66363636363636,15.636363636363637,0.25345454545454543,0.16875,0.3302727272727273,0.1875,0.09090909090909091
607208,"Turner, Trea",R,L,9,90.85555555555555,29.555555555555557,0.3768888888888889,0.3388888888888889,0.42333333333333334,0.1111111111111111,0
607208,"Turner, Trea",R,R,18,83.40833333333333,13.916666666666666,0.28633333333333333,0.4277777777777778,0.26983333333333337,0.2222222222222222,0
607461,"Beaty, Matt",L,R,2,71.2,-7,0.1,0.45,0.097,0,0
607680,"Pillar, Kevin",R,L,5,83.325,-3.25,0.6855,0.36,0.6505,0,0
607680,"Pillar, Kevin",R,R,1,NA,NA,NA,0.7,NA,0,NA
607732,"Stallings, Jacob",R,L,1,NA,NA,NA,0,NA,0,NA
607732,"Stallings, Jacob",R,R,12,102.13333333333333,-14.5,0.41800000000000004,0.22083333333333333,0.4806666666666667,0.08333333333333333,0.3333333333333333
608070,"Ramírez, José",L,R,21,83.32777777777778,20.27777777777778,0.29744444444444446,0.3904761904761905,0.29655555555555557,0.19047619047619047,0
608070,"Ramírez, José",R,L,11,90.77499999999999,19.625,0.287375,0.3409090909090909,0.30425,0.09090909090909091,0
608324,"Bregman, Alex",R,L,8,89.65,19.375,0.230375,0,0.3125,0,0.125
608324,"Bregman, Alex",R,R,25,91.4,21.714285714285715,0.29857142857142854,0.292,0.31592857142857145,0,0
608336,"Gallo, Joey",L,L,3,80.65,-6.5,0.561,0.6666666666666666,1.0170000000000001,1,0.5
608336,"Gallo, Joey",L,R,15,102.775,30.5,0.456625,0.45666666666666667,0.849625,0.4666666666666667,0.5
608369,"Seager, Corey",L,L,11,94.94444444444444,18.333333333333332,0.3362222222222222,0.3090909090909091,0.39155555555555555,0,0.1111111111111111
608369,"Seager, Corey",L,R,16,96.62,-4.6,0.3446,0.2,0.36920000000000003,0,0.1
608385,"Winker, Jesse",L,L,2,104.15,10.5,0.78,0.625,0.7255,0.5,0
608385,"Winker, Jesse",L,R,20,91.3076923076923,18.153846153846153,0.2893846153846154,0.3475,0.3050769230769231,0.05,0.07692307692307693
608596,"Murphy, Tom",R,L,6,82.55,20.5,0.1015,0,0.1235,0,0
608596,"Murphy, Tom",R,R,4,61.6,-19,0.18366666666666667,0,0.16966666666666666,0,0
608671,"Jankowski, Travis",L,R,1,93.2,9,0.571,0.9,0.558,0,0
608701,"Refsnyder, Rob",R,L,3,80.94999999999999,-8.5,0.11599999999999999,0.3,0.10750000000000001,0,0
608701,"Refsnyder, Rob",R,R,3,70.6,41,0.411,0.2333333333333333,0.377,0,0
608841,"Meneses, Joey",R,L,17,87.775,-5.333333333333333,0.44366666666666665,0.22058823529411764,0.48475,0.058823529411764705,0.16666666666666666
608841,"Meneses, Joey",R,R,14,86.35714285714286,27.142857142857142,0.2542857142857143,0.1285714285714286,0.24471428571428572,0,0
613564,"Vosler, Jason",L,L,4,92.7,55.5,0.2975,0.5,0.559,0.75,0.5
613564,"Vosler, Jason",L,R,11,87.9625,16.875,0.370375,0.6227272727272727,0.56975,0.8181818181818182,0.25
614173,"Cordero, Franchy",L,L,2,82.1,34,0.046,0,0.072,0,0
614173,"Cordero, Franchy",L,R,7,84.4,3,0.20266666666666666,0.30714285714285716,0.20650000000000002,0.14285714285714285,0.16666666666666666
614177,"Reyes, Franmil",R,L,5,97.83333333333333,-8.666666666666666,0.399,0.4,0.7393333333333333,0.6,0.3333333333333333
614177,"Reyes, Franmil",R,R,11,94.4,5.75,0.1005,0.1909090909090909,0.1015,0,0
620443,"Torrens, Luis",R,L,3,67.4,41,0.483,0.5333333333333333,0.449,0,0
620443,"Torrens, Luis",R,R,2,75.75,8.5,0.273,0,0.2485,0,0
621020,"Swanson, Dansby",R,L,3,92.76666666666667,18,0.318,0.3,0.31866666666666665,0,0
621020,"Swanson, Dansby",R,R,21,95.04,3.466666666666667,0.4622,0.5523809523809524,0.5106666666666667,0.09523809523809523,0.13333333333333333
621028,"Newman, Kevin",R,L,6,89.78333333333333,27.166666666666668,0.2825,0.6333333333333333,0.4373333333333333,0.5,0.16666666666666666
621028,"Newman, Kevin",R,R,9,67.6,12.833333333333334,0.3165,0,0.30583333333333335,0,0
621035,"Taylor, Chris",R,L,3,79.53333333333333,8.333333333333334,0.12866666666666668,0,0.17166666666666666,0,0
621035,"Taylor, Chris",R,R,16,81.39,12.6,0.3763,0.18125,0.4819,0.1875,0.2
621043,"Correa, Carlos",R,L,4,96.9,27,0.2975,0.4,0.2685,0,0
621043,"Correa, Carlos",R,R,22,93.2125,25.375,0.2941875,0.21136363636363636,0.32075,0.045454545454545456,0.125
621311,"Dahl, David",L,R,9,94.4,13.857142857142858,0.2987142857142857,0.2222222222222222,0.45385714285714285,0.3333333333333333,0.14285714285714285
621433,"Phillips, Brett",L,R,1,NA,NA,NA,0.7,NA,0,NA
621439,"Buxton, Byron",R,L,4,72.9,12,0.349,0.225,0.331,0,0
621439,"Buxton, Byron",R,R,18,93.13076923076923,27.153846153846153,0.41607692307692307,0.4361111111111111,0.446,0.16666666666666666,0.07692307692307693
621458,"Ríos, Edwin",L,L,1,NA,NA,NA,0,NA,0,NA
621458,"Ríos, Edwin",L,R,5,82.36666666666667,21.666666666666668,0.19633333333333333,0.13999999999999999,0.18066666666666667,0,0
621493,"Ward, Taylor",R,L,7,77.52,10,0.38839999999999997,0.2571428571428572,0.3998,0,0
621493,"Ward, Taylor",R,R,22,93.34285714285714,17.642857142857142,0.4991428571428571,0.5068181818181818,0.6225714285714286,0.3181818181818182,0.14285714285714285
621512,"Nido, Tomás",R,L,6,95.6,-4.5,0.27549999999999997,0,0.2565,0,0
621512,"Nido, Tomás",R,R,3,69.7,-20,0.3285,0,0.3275,0,0
621532,"Bemboom, Anthony",L,L,1,NA,NA,NA,0.7,NA,0,NA
621532,"Bemboom, Anthony",L,R,2,94.4,13.5,0.09,0,0.096,0,0
621550,"Wisdom, Patrick",R,L,4,90.96666666666667,14.666666666666666,0.3753333333333333,0.725,0.44333333333333336,0.75,0
621550,"Wisdom, Patrick",R,R,14,87.87,19.4,0.435,0.4857142857142857,0.4858,0.35714285714285715,0.2
621563,"Wendle, Joey",L,R,9,87.75,21.666666666666668,0.1205,0.07777777777777778,0.14650000000000002,0,0
621566,"Olson, Matt",L,L,15,103.72,6,0.5702,0.32,0.7628,0.13333333333333333,0.2
621566,"Olson, Matt",L,R,18,98.61538461538461,16.307692307692307,0.4393076923076923,0.6111111111111112,0.6519230769230769,0.6111111111111112,0.3076923076923077
622110,"Duffy, Matt",R,L,3,104.03333333333333,11.333333333333334,0.6866666666666668,1.2666666666666666,0.8516666666666667,1,0.3333333333333333
622110,"Duffy, Matt",R,R,4,84.76666666666667,21.666666666666668,0.364,0.45,0.3403333333333333,0,0
622534,"Margot, Manuel",R,L,8,97.375,18.25,0.39725,0.1125,0.5545,0,0.25
622534,"Margot, Manuel",R,R,5,73.98,4.4,0.15839999999999999,0.18,0.17200000000000001,0,0
622761,"Mateo, Jorge",R,L,6,83.925,-15.5,0.27875,0.6,0.3275,0.5,0.25
622761,"Mateo, Jorge",R,R,14,83.5,15.6,0.324,0.3892857142857143,0.4104,0.21428571428571427,0.1
623168,"Heineman, Tyler",L,R,4,91.6,-0.3333333333333333,0.4723333333333333,0.4,0.43566666666666665,0,0
623912,"Ramírez, Harold",R,L,7,89.26666666666667,20.5,0.35000000000000003,0.4142857142857143,0.399,0.42857142857142855,0.16666666666666666
623912,"Ramírez, Harold",R,R,5,88.08,-5.4,0.2698,0,0.3242,0,0
623993,"Santander, Anthony",L,R,21,91.5,14.846153846153847,0.35007692307692306,0.23809523809523808,0.38,0.09523809523809523,0.07692307692307693
623993,"Santander, Anthony",R,L,6,94.36666666666666,14.666666666666666,0.11966666666666667,0.26666666666666666,0.119,0,0
624413,"Alonso, Pete",R,L,12,84.81818181818181,10,0.411,0.4041666666666667,0.5306363636363637,0.3333333333333333,0.18181818181818182
624413,"Alonso, Pete",R,R,18,87.73636363636363,1.0909090909090908,0.3020909090909091,0.3388888888888889,0.4300909090909091,0.3333333333333333,0.18181818181818182
624414,"Arroyo, Christian",R,L,4,99.4,21,0.337,0,0.396,0,0
624414,"Arroyo, Christian",R,R,18,79.96923076923076,6.615384615384615,0.27315384615384614,0.2611111111111111,0.276,0.05555555555555555,0
624415,"Biggio, Cavan",L,L,2,87.2,22,0.311,0.45,0.33,0,0
624415,"Biggio, Cavan",L,R,15,81.52499999999999,11.75,0.32925,0.38,0.366375,0.2,0.125
624424,"Conforto, Michael",L,L,3,NA,NA,NA,0,NA,0,NA
624424,"Conforto, Michael",L,R,27,95.10909090909091,18.90909090909091,0.4723636363636364,0.4111111111111111,0.5750909090909091,0.2222222222222222,0.18181818181818182
624428,"Frazier, Adam",L,L,6,82.5,-0.4,0.2168,0.26666666666666666,0.1976,0,0
624428,"Frazier, Adam",L,R,13,91.24,17.7,0.43579999999999997,0.5653846153846154,0.5237,0.46153846153846156,0.1
624431,"Trevino, Jose",R,L,2,89.45,8.5,0.1585,1.45,0.171,1.5,0
624431,"Trevino, Jose",R,R,11,84.025,15.5,0.365875,0.16363636363636364,0.347625,0,0
624503,"Gordon, Nick",L,L,1,94.5,41,0.023,0,0.024,0,0
624503,"Gordon, Nick",L,R,13,89.73846153846154,3.6153846153846154,0.277,0.06923076923076923,0.2804615384615385,0,0
624512,"McGuire, Reese",L,R,14,86.66666666666667,2.3333333333333335,0.26566666666666666,0.35714285714285715,0.2568888888888889,0.14285714285714285,0
624585,"Soler, Jorge",R,L,3,108.33333333333333,20,0.9446666666666667,1.3333333333333333,1.5783333333333334,2,0.6666666666666666
624585,"Soler, Jorge",R,R,25,95.9375,22.125,0.3916875,0.294,0.46575,0.24,0.1875
624641,"Sosa, Edmundo",R,L,6,81.38,10.8,0.306,0.5083333333333333,0.2836,0.16666666666666666,0
624641,"Sosa, Edmundo",R,R,4,76.1,-29,0.074,0,0.07450000000000001,0,0
630105,"Cronenworth, Jake",L,L,9,83.54444444444445,16.77777777777778,0.17422222222222222,0.2222222222222222,0.23522222222222222,0.3333333333333333,0.1111111111111111
630105,"Cronenworth, Jake",L,R,19,88.06363636363636,7.545454545454546,0.4712,0.4105263157894737,0.5534,0.10526315789473684,0
640457,"Meadows, Austin",L,L,6,97.4,17.8,0.2982,0.35833333333333334,0.2802,0.16666666666666666,0
640457,"Meadows, Austin",L,R,15,87.81538461538462,16.23076923076923,0.25969230769230767,0.18,0.24423076923076922,0,0
640492,"Azocar, José",R,L,9,79.33333333333333,5.333333333333333,0.22922222222222222,0.26666666666666666,0.22922222222222222,0.1111111111111111,0
640492,"Azocar, José",R,R,2,32.3,-46,0.24,0.8,0.216,0,0
641313,"Anderson, Tim",R,L,6,95.9,-1.4,0.391,0.35833333333333334,0.3916,0.16666666666666666,0
641313,"Anderson, Tim",R,R,25,86.6,-0.875,0.35575,0.286,0.400875,0.04,0.125
641355,"Bellinger, Cody",L,L,4,93.6,12,0.551,0.175,0.531,0,0
641355,"Bellinger, Cody",L,R,19,83.18571428571428,24,0.28335714285714286,0.32105263157894737,0.29378571428571426,0.15789473684210525,0.07142857142857142
641487,"Crawford, J.P.",L,L,7,96.08,24.8,0.34299999999999997,0.30714285714285716,0.367,0.14285714285714285,0
641487,"Crawford, J.P.",L,R,19,86.1,12.4,0.3965,0.3368421052631579,0.4089,0,0
641511,"Delay, Jason",R,L,1,82,-16,0.083,0,0.078,0,0
641511,"Delay, Jason",R,R,7,90.06,28.2,0.39740000000000003,0.4642857142857143,0.5804,0.5714285714285714,0.2
641531,"Dozier, Hunter",R,L,2,93.94999999999999,27.5,0.1515,0,0.2095,0,0
641531,"Dozier, Hunter",R,R,16,81.91111111111111,14,0.23422222222222222,0.15625,0.2427777777777778,0,0
641584,"Fraley, Jake",L,L,3,87.73333333333333,16,0.2733333333333333,0.4166666666666667,0.325,0.3333333333333333,0
641584,"Fraley, Jake",L,R,12,82.97142857142858,9.142857142857142,0.3758571428571429,0.5083333333333333,0.3737142857142857,0.25,0.14285714285714285
641598,"Garver, Mitch",R,L,2,84.69999999999999,24,0.3115,0.45,0.29700000000000004,0,0
641598,"Garver, Mitch",R,R,13,89.65,10,0.41325,0.5692307692307692,0.60925,0.46153846153846156,0.25
641645,"Guillorme, Luis",L,L,3,83.6,-8.5,0.11,0,0.099,0,0
641645,"Guillorme, Luis",L,R,10,82.31111111111112,-9.222222222222221,0.3452222222222222,0.25,0.3297777777777778,0,0
641658,"Hampson, Garrett",R,R,2,90.6,37,0.029,0,0.037,0,0
641680,"Heim, Jonah",L,R,11,91.34285714285714,15.142857142857142,0.34471428571428575,0.19545454545454546,0.32571428571428573,0.09090909090909091,0
641680,"Heim, Jonah",R,L,2,62.6,26.5,0.061,0,0.055999999999999994,0,0
641786,"Lewis, Kyle",R,L,10,88.65,29.75,0.46199999999999997,0.2,0.53625,0.3,0.25
641786,"Lewis, Kyle",R,R,5,88.8,16.666666666666668,0.2326666666666667,0.25,0.24666666666666665,0.2,0
641796,"Locastro, Tim",R,L,2,70.2,-9,0.057,0.35,0.051,0,0
641796,"Locastro, Tim",R,R,2,NA,NA,NA,0.7,NA,0,NA
641820,"Mancini, Trey",R,L,3,89.94999999999999,-6,0.381,0.3,0.35150000000000003,0,0
641820,"Mancini, Trey",R,R,19,86.775,-3.3333333333333335,0.316,0.21578947368421053,0.3054545454545454,0,0
641857,"McMahon, Ryan",L,L,9,81.12,-17.2,0.3388,0.1388888888888889,0.4276,0.1111111111111111,0.2
641857,"McMahon, Ryan",L,R,20,90.41818181818182,2.6363636363636362,0.42736363636363633,0.375,0.5475454545454546,0.25,0.2727272727272727
641933,"O'Neill, Tyler",R,L,5,92.17500000000001,2,0.115,0,0.1085,0,0
641933,"O'Neill, Tyler",R,R,14,92.84,9,0.4669,0.45,0.6001,0.21428571428571427,0.2
642086,"Smith, Dominic",L,L,12,80.8,-1.4,0.31,0.3,0.293,0,0
642086,"Smith, Dominic",L,R,13,87.6625,20.375,0.171375,0.24615384615384614,0.18275,0,0
642133,"Tellez, Rowdy",L,L,3,NA,NA,NA,0,NA,0,NA
642133,"Tellez, Rowdy",L,R,19,91.04166666666667,21.083333333333332,0.36741666666666667,0.3105263157894737,0.4361666666666667,0.15789473684210525,0.08333333333333333
642136,"Thaiss, Matt",L,L,1,101.9,-17,0.186,0,0.188,0,0
642136,"Thaiss, Matt",L,R,4,88.94999999999999,10.5,0.287,0,0.28300000000000003,0,0
642336,"Mejía, Francisco",L,R,8,93.86,27,0.23040000000000002,0.2,0.2472,0,0
642336,"Mejía, Francisco",R,L,5,94.52,5.2,0.541,0,0.5534,0,0
642350,"Siri, Jose",R,L,11,90.31428571428572,9.142857142857142,0.38557142857142856,0.2636363636363636,0.5204285714285715,0.2727272727272727,0.14285714285714285
642350,"Siri, Jose",R,R,9,98.88333333333333,11.166666666666666,0.49283333333333335,0.6777777777777778,0.6785,0.5555555555555556,0.3333333333333333
642708,"Rosario, Amed",R,L,12,91.41,6.3,0.3521,0.13333333333333333,0.364,0,0
642708,"Rosario, Amed",R,R,23,86.70666666666666,0.6666666666666666,0.2308,0.1956521739130435,0.23173333333333335,0,0
642715,"Adames, Willy",R,L,7,72.9,11.5,0.17149999999999999,0.32857142857142857,0.1545,0,0
642715,"Adames, Willy",R,R,19,87.75,27.214285714285715,0.2537142857142857,0.2631578947368421,0.25342857142857145,0,0
642731,"Estrada, Thairo",R,L,2,108.9,11,0.954,0.45,0.971,0,0
642731,"Estrada, Thairo",R,R,21,80.08,-1.3333333333333333,0.37106666666666666,0.44523809523809527,0.42113333333333336,0.19047619047619047,0.06666666666666667
643217,"Benintendi, Andrew",L,L,6,92.65,14.5,0.30175,0.26666666666666666,0.29025,0,0
643217,"Benintendi, Andrew",L,R,26,86.69047619047619,6.857142857142857,0.2531904761904762,0.29615384615384616,0.24523809523809523,0.07692307692307693,0
643265,"Cooper, Garrett",R,L,4,88.95,15.25,0.21925,0.8500000000000001,0.245,0.5,0
643265,"Cooper, Garrett",R,R,19,86.125,10,0.22716666666666666,0.2,0.30083333333333334,0.15789473684210525,0.08333333333333333
643289,"Dubón, Mauricio",R,L,2,77.7,-53,0.243,0.35,0.226,0,0
643289,"Dubón, Mauricio",R,R,14,85.63571428571429,-0.7857142857142857,0.33285714285714285,0.19285714285714287,0.326,0,0
643376,"Jansen, Danny",R,L,6,88.54,22.8,0.32,0.15,0.45280000000000004,0,0.2
643376,"Jansen, Danny",R,R,10,66.025,-31.25,0.1965,0.06999999999999999,0.183,0,0
643393,"Kemp, Tony",L,L,7,80.05,25.5,0.2915,0.47857142857142854,0.33449999999999996,0.14285714285714285,0
643393,"Kemp, Tony",L,R,20,88.27857142857142,18.714285714285715,0.33035714285714285,0.25,0.31457142857142856,0,0
643396,"Kiner-Falefa, Isiah",R,L,2,83.25,0.5,0.07700000000000001,0,0.08,0,0
643396,"Kiner-Falefa, Isiah",R,R,8,77.38571428571429,4.142857142857143,0.24,0,0.221,0,0
643446,"McNeil, Jeff",L,L,11,78.97777777777777,3.888888888888889,0.1857777777777778,0.3409090909090909,0.17722222222222223,0.09090909090909091,0
643446,"McNeil, Jeff",L,R,18,87.725,2.9375,0.2525625,0.2,0.2459375,0,0
644374,"Chang, Yu",R,R,5,103.5,5,0.586,0,0.54,0,0
645277,"Albies, Ozzie",L,R,19,81.2,6.888888888888889,0.2805,0.28421052631578947,0.30166666666666664,0.15789473684210525,0
645277,"Albies, Ozzie",R,L,11,90.73333333333333,11.666666666666666,0.4608888888888889,0.24545454545454545,0.5186666666666667,0,0.1111111111111111
645302,"Robles, Victor",R,L,14,91.42727272727272,12.727272727272727,0.3869090909090909,0.44642857142857145,0.3730909090909091,0.07142857142857142,0
645302,"Robles, Victor",R,R,10,78.74285714285715,2.857142857142857,0.23642857142857143,0.22999999999999998,0.23485714285714285,0,0
645444,"Herrera, Jose",L,R,8,79.58,23.6,0.5178,0.3125,0.4882,0,0
646240,"Devers, Rafael",L,L,7,91.5,27.6,0.5664,0.4357142857142857,0.5412,0.14285714285714285,0
646240,"Devers, Rafael",L,R,23,98.85555555555555,16.38888888888889,0.5095,0.4,0.6836666666666666,0.34782608695652173,0.2222222222222222
647304,"Naylor, Josh",L,L,7,77.58,-10.6,0.1484,0,0.1356,0,0
647304,"Naylor, Josh",L,R,15,94.85833333333333,25.25,0.5268333333333334,0.5533333333333333,0.6750833333333333,0.4,0.25
649557,"Díaz, Aledmys",R,L,9,84.68,-12.6,0.2064,0.17777777777777778,0.1974,0,0
649557,"Díaz, Aledmys",R,R,14,83.52222222222223,18.333333333333332,0.378,0.22857142857142856,0.3874444444444444,0,0
649966,"Urías, Luis",R,R,4,89.5,29.5,0.13775,0,0.12625,0,0
650333,"Arraez, Luis",L,L,5,63.550000000000004,-19.5,0.263,0.32,0.2455,0,0
650333,"Arraez, Luis",L,R,21,87.03684210526316,11.789473684210526,0.3813157894736842,0.4785714285714286,0.3698947368421053,0.047619047619047616,0
650391,"Jiménez, Eloy",R,L,4,103.1,-12.5,0.273,0.175,0.2455,0,0
650391,"Jiménez, Eloy",R,R,18,86.82727272727273,1,0.36754545454545456,0.31666666666666665,0.3959090909090909,0.1111111111111111,0.18181818181818182
650402,"Torres, Gleyber",R,L,4,103.5,15,0.697,0.35,0.748,0,0
650402,"Torres, Gleyber",R,R,21,87.85333333333334,12.266666666666667,0.31366666666666665,0.5976190476190476,0.43,0.3333333333333333,0.2
650489,"Castro, Willi",L,R,4,85.15,43.5,0.03575,0,0.0475,0,0
650489,"Castro, Willi",R,L,4,94.46666666666667,-6,0.10266666666666667,0.225,0.12266666666666666,0,0
650490,"Díaz, Yandy",R,L,11,99.1,7.444444444444445,0.3363333333333333,0.32727272727272727,0.3947777777777778,0.2727272727272727,0.1111111111111111
650490,"Díaz, Yandy",R,R,11,98.88571428571429,3.857142857142857,0.3964285714285714,0.65,0.44342857142857145,0.36363636363636365,0.14285714285714285
650559,"De La Cruz, Bryan",R,L,1,99,12,0.923,0.9,0.862,0,0
650559,"De La Cruz, Bryan",R,R,16,88.42222222222222,23.333333333333332,0.18322222222222223,0.190625,0.22311111111111112,0.0625,0
650619,"Viloria, Meibrys",L,R,1,88.9,-8,0.166,0,0.164,0,0
650859,"Rengifo, Luis",L,R,20,86.09230769230768,4.230769230769231,0.25084615384615383,0.32,0.26261538461538464,0,0
650859,"Rengifo, Luis",R,L,6,90.2,8.25,0.1935,0.2333333333333333,0.1755,0,0
656180,"Adams, Riley",R,L,3,86.8,7,0.08033333333333333,0.3,0.07233333333333333,0,0
656180,"Adams, Riley",R,R,2,96.15,-3.5,0.42450000000000004,0,0.404,0,0
656305,"Chapman, Matt",R,L,9,106.53333333333333,9,0.5071666666666667,0.5777777777777778,0.5761666666666667,0.2222222222222222,0.3333333333333333
656305,"Chapman, Matt",R,R,20,96.46875,8.875,0.492375,0.5,0.5921875,0.2,0.25
656308,"Chavis, Michael",R,L,6,90.6,14.333333333333334,0.399,0.3,0.3793333333333333,0,0
656413,"Fairchild, Stuart",R,L,5,NA,NA,NA,0.27999999999999997,NA,0,NA
656413,"Fairchild, Stuart",R,R,2,99.4,29,0.497,1,0.852,1.5,1
656448,"Garrett, Stone",R,L,3,99.35,23.5,0.28600000000000003,0.5333333333333333,0.259,0,0
656448,"Garrett, Stone",R,R,1,NA,NA,NA,0.7,NA,0,NA
656541,"Hilliard, Sam",L,L,1,NA,NA,NA,0,NA,0,NA
656541,"Hilliard, Sam",L,R,4,86,35.5,0.409,0.4,0.3725,0,0
656582,"Joe, Connor",R,L,3,101.4,-19,0.154,0.5333333333333333,0.154,0,0
656582,"Joe, Connor",R,R,7,89.56,16.8,0.2064,0.2571428571428572,0.192,0,0
656716,"McKinstry, Zach",L,R,15,72.75555555555556,1.1111111111111112,0.33511111111111114,0.18,0.308,0,0
656775,"Mullins, Cedric",L,L,7,98.36,15.6,0.6378,0.8214285714285714,0.7606,0.5714285714285714,0.2
656775,"Mullins, Cedric",L,R,21,91.77142857142857,28.642857142857142,0.2137857142857143,0.23809523809523808,0.2595,0.14285714285714285,0.07142857142857142
656941,"Schwarber, Kyle",L,L,9,96.67999999999999,38,0.4202,0.1,0.6467999999999999,0,0.2
656941,"Schwarber, Kyle",L,R,17,93.92307692307692,30.923076923076923,0.2716923076923077,0.28823529411764703,0.4153076923076923,0.35294117647058826,0.23076923076923078
657041,"Thomas, Lane",R,L,17,88,20.46153846153846,0.31038461538461537,0.46176470588235297,0.3018461538461539,0.058823529411764705,0
657041,"Thomas, Lane",R,R,13,85.34444444444445,23.444444444444443,0.30433333333333334,0.23461538461538461,0.32155555555555554,0.07692307692307693,0.1111111111111111
657077,"Verdugo, Alex",L,L,9,74.83333333333333,7.333333333333333,0.2833333333333333,0.2777777777777778,0.2658333333333333,0,0
657077,"Verdugo, Alex",L,R,23,90.86666666666666,10.476190476190476,0.376,0.4608695652173913,0.44252380952380954,0.21739130434782608,0.09523809523809523
657136,"Wong, Connor",R,L,3,82.2,10.666666666666666,0.14166666666666666,0,0.13566666666666669,0,0
657136,"Wong, Connor",R,R,9,85.65714285714286,-0.42857142857142855,0.19514285714285715,0.1388888888888889,0.18814285714285714,0.1111111111111111,0
657656,"Laureano, Ramón",R,L,7,99.9,12,0.63925,0.8214285714285714,0.75925,0.5714285714285714,0.25
657656,"Laureano, Ramón",R,R,17,88.4888888888889,25.88888888888889,0.27999999999999997,0.2323529411764706,0.36,0.23529411764705882,0.2222222222222222
657757,"Sheets, Gavin",L,R,12,93.65714285714286,16,0.3365714285714286,0.26666666666666666,0.32257142857142856,0,0
658668,"Olivares, Edward",R,L,4,91.625,-11.25,0.3535,0.3125,0.47125,0.25,0.25
658668,"Olivares, Edward",R,R,12,94.1625,7.125,0.43574999999999997,0.375,0.482875,0.25,0.125
660162,"Moncada, Yoán",L,R,23,93.59285714285714,2.8,0.3945714285714286,0.6173913043478261,0.42807142857142855,0.43478260869565216,0.14285714285714285
660162,"Moncada, Yoán",R,L,3,90.65,26,0.154,0.3,0.15,0,0
660271,"Ohtani, Shohei",L,L,5,108.53333333333333,14,0.6436666666666666,0.58,1.009,0.6,0.3333333333333333
660271,"Ohtani, Shohei",L,R,19,94.05833333333334,10.166666666666666,0.2624166666666667,0.35789473684210527,0.33758333333333335,0.15789473684210525,0.08333333333333333
660670,"Acuña Jr., Ronald",R,L,13,90.62,-0.2,0.4069,0.4807692307692308,0.4589,0.07692307692307693,0.1
660670,"Acuña Jr., Ronald",R,R,22,94.34375,9.9375,0.413625,0.4659090909090909,0.575125,0.3181818181818182,0.3125
660688,"Ruiz, Keibert",L,R,11,94.03333333333333,15,0.4615,0.32727272727272727,0.6053333333333334,0.2727272727272727,0.16666666666666666
660688,"Ruiz, Keibert",R,L,13,79.35,7.4,0.2444,0.3423076923076923,0.2327,0.07692307692307693,0
660707,"Montero, Elehuris",R,L,6,89.83333333333333,-5,0.13133333333333333,0.3,0.12,0,0
660707,"Montero, Elehuris",R,R,17,80.15833333333333,11.333333333333334,0.28958333333333336,0.45588235294117646,0.3085,0.23529411764705882,0.08333333333333333
660757,"Gonzalez, Oscar",R,L,10,95.25,18.875,0.337125,0.34,0.397875,0.2,0.25
660757,"Gonzalez, Oscar",R,R,13,85.12,-1.3636363636363635,0.2927,0.06923076923076923,0.2776,0,0
660766,"Yepez, Juan",R,L,3,68.66666666666667,55,0.32966666666666666,0.3,0.3026666666666667,0,0
660766,"Yepez, Juan",R,R,1,74.6,27,0.611,0,0.555,0,0
660821,"Sánchez, Jesús",L,R,11,92.325,-3,0.3065,0.2409090909090909,0.2925,0.09090909090909091,0
661388,"Contreras, William",R,L,4,93.93333333333334,-20.666666666666668,0.49433333333333335,0.175,0.47100000000000003,0,0
661388,"Contreras, William",R,R,13,89.26666666666667,10,0.28855555555555557,0.27692307692307694,0.3323333333333333,0,0
661531,"Serven, Brian",R,R,2,98,-3,0.306,0.45,0.275,0,0
662139,"Varsho, Daulton",L,L,9,79.9,17.2,0.48160000000000003,0.37777777777777777,0.4822,0,0
662139,"Varsho, Daulton",L,R,23,94.97142857142858,24.142857142857142,0.44542857142857145,0.4282608695652174,0.48892857142857143,0.2608695652173913,0.14285714285714285
663457,"Nootbaar, Lars",L,L,1,84.8,8,0.423,0.9,0.381,0,0
663457,"Nootbaar, Lars",L,R,5,94,-22.5,0.17149999999999999,0.27999999999999997,0.1565,0,0
663538,"Hoerner, Nico",R,L,3,86.63333333333334,21.666666666666668,0.36733333333333335,0.3,0.348,0,0
663538,"Hoerner, Nico",R,R,21,87.24736842105263,6.105263157894737,0.29847368421052634,0.3333333333333333,0.30794736842105264,0.09523809523809523,0
663586,"Riley, Austin",R,L,13,83.98333333333333,13.5,0.3305,0.55,0.4125,0.3076923076923077,0.16666666666666666
663586,"Riley, Austin",R,R,18,89.13333333333333,7.583333333333333,0.29391666666666666,0.28888888888888886,0.38366666666666666,0.16666666666666666,0.08333333333333333
663611,"Madrigal, Nick",R,L,2,92.5,24,0.149,0.35,0.189,0,0
663611,"Madrigal, Nick",R,R,5,79.74,4.4,0.3612,0.18,0.3424,0,0
663616,"Larnach, Trevor",L,L,5,88.1,10.333333333333334,0.503,0.58,0.719,0.6,0.3333333333333333
663616,"Larnach, Trevor",L,R,22,89.86923076923077,17,0.37,0.44545454545454544,0.36423076923076925,0.09090909090909091,0
663624,"Mountcastle, Ryan",R,L,5,100.03999999999999,24.8,0.5034,0.8,0.7992,1.2,0.4
663624,"Mountcastle, Ryan",R,R,23,90.82727272727273,1.2727272727272727,0.3482727272727273,0.30217391304347824,0.4022727272727273,0.13043478260869565,0.09090909090909091
663630,"McKenna, Ryan",R,L,4,83.6,19,0.857,0.4,0.787,0,0
663630,"McKenna, Ryan",R,R,4,88.825,10.5,0.22549999999999998,0.225,0.2145,0,0
663647,"Hayes, Ke'Bryan",R,L,5,88,-18,0.2735,0.25,0.308,0.2,0
663647,"Hayes, Ke'Bryan",R,R,19,87.66666666666667,20.6,0.2442,0.09473684210526316,0.25293333333333334,0,0
663656,"Tucker, Kyle",L,L,9,90.025,29.5,0.30625,0.5166666666666666,0.3325,0.4444444444444444,0
663656,"Tucker, Kyle",L,R,21,92.84375,15.8125,0.4526,0.49523809523809526,0.6424666666666666,0.2857142857142857,0.25
663697,"India, Jonathan",R,L,6,94.4,2.5,0.45999999999999996,0.6833333333333333,0.8,0.5,0.5
663697,"India, Jonathan",R,R,16,85.82857142857142,10.071428571428571,0.302,0.425,0.3007142857142857,0.125,0
663728,"Raleigh, Cal",L,R,20,85,24.133333333333333,0.2972666666666667,0.305,0.2865333333333333,0.1,0.06666666666666667
663728,"Raleigh, Cal",R,L,2,110.7,12,0.92,0.625,0.934,0.5,0
663743,"Fortes, Nick",R,L,2,82.25,-29.5,0.056999999999999995,0.45,0.051500000000000004,0,0
663743,"Fortes, Nick",R,R,8,89.98333333333333,6.166666666666667,0.416,0.3625,0.607,0.375,0.16666666666666666
663757,"Grisham, Trent",L,L,9,87.53333333333333,8.833333333333334,0.2926666666666667,0.45555555555555555,0.43166666666666664,0.3333333333333333,0.16666666666666666
663757,"Grisham, Trent",L,R,20,95.52727272727273,32.36363636363637,0.44427272727272726,0.35,0.5455454545454546,0.25,0.09090909090909091
663837,"Vierling, Matt",R,L,14,89.35,14.25,0.15812500000000002,0.16428571428571428,0.148125,0,0
663837,"Vierling, Matt",R,R,12,95.45,9.7,0.4646,0.6458333333333334,0.5546,0.3333333333333333,0.1
663853,"González, Romy",R,L,4,82.83333333333333,-5.333333333333333,0.6950000000000001,0.45,0.668,0,0
663853,"González, Romy",R,R,2,87.9,8,0.514,0,0.484,0,0
663886,"Stephenson, Tyler",R,L,7,88.74285714285715,21.714285714285715,0.35500000000000004,0.4357142857142857,0.38242857142857145,0.14285714285714285,0
663886,"Stephenson, Tyler",R,R,12,90.1375,11.625,0.364875,0.3,0.377125,0,0
663967,"Salazar, César",L,L,3,80.43333333333334,-10.666666666666666,0.14466666666666667,0,0.13833333333333334,0,0
663967,"Salazar, César",L,R,2,87.7,53,0.014,0.35,0.017,0,0
663993,"Lowe, Nathaniel",L,L,10,83.75714285714285,-19.714285714285715,0.227,0.285,0.21157142857142858,0.1,0
663993,"Lowe, Nathaniel",L,R,16,84.62307692307692,-3,0.34299999999999997,0.315625,0.39161538461538464,0.25,0.07692307692307693
664023,"Happ, Ian",L,R,20,91.2625,2.5,0.529125,0.615,0.5965,0.25,0.125
664023,"Happ, Ian",R,L,3,NA,NA,NA,0.2333333333333333,NA,0,NA
664034,"France, Ty",R,L,7,83.1,30,0.3435,0.30714285714285716,0.32666666666666666,0.14285714285714285,0
664034,"France, Ty",R,R,24,86.54736842105262,15.105263157894736,0.32931578947368423,0.4770833333333333,0.3646842105263158,0.25,0.05263157894736842
664040,"Lowe, Brandon",L,L,5,71.2,10,0.271,0.32,0.244,0,0
664040,"Lowe, Brandon",L,R,13,88.66666666666667,20.88888888888889,0.43744444444444447,0.24615384615384614,0.5626666666666666,0,0.2222222222222222
664058,"Fletcher, David",R,L,4,83.8,25,0.06466666666666666,0.225,0.06666666666666667,0,0
664058,"Fletcher, David",R,R,6,88.72,25.6,0.1776,0,0.1832,0,0
664059,"Haggerty, Sam",L,R,4,86.2,20,0.17500000000000002,0.225,0.17675,0,0
664059,"Haggerty, Sam",R,L,8,78.575,-0.625,0.283125,0.1125,0.266,0,0
664702,"Straw, Myles",R,L,9,81.88333333333334,18,0.2911666666666667,0.5555555555555556,0.26966666666666667,0,0
664702,"Straw, Myles",R,R,21,79.48571428571428,1.9285714285714286,0.2677857142857143,0.36666666666666664,0.24957142857142858,0.047619047619047616,0
664728,"Isbel, Kyle",L,L,1,NA,NA,NA,0,NA,0,NA
664728,"Isbel, Kyle",L,R,14,91.9,5.3,0.4692,0.26785714285714285,0.5057,0.07142857142857142,0.1
664761,"Bohm, Alec",R,L,7,86.08,16,0.45439999999999997,0.6642857142857143,0.4728,0.14285714285714285,0
664761,"Bohm, Alec",R,R,17,93.46363636363637,3.1818181818181817,0.36554545454545456,0.3676470588235294,0.4381818181818182,0.23529411764705882,0.09090909090909091
664774,"Wade Jr., LaMonte",L,L,2,NA,NA,NA,0,NA,0,NA
664774,"Wade Jr., LaMonte",L,R,24,81.64,7.7,0.3677,0.45625,0.3638,0.041666666666666664,0
664874,"Zavala, Seby",R,L,2,92.25,13.5,0.3015,0.9,0.321,0,0
664874,"Zavala, Seby",R,R,6,80.96666666666667,4.333333333333333,0.36766666666666664,0.48333333333333334,0.6466666666666667,0.5,0.3333333333333333
664913,"Brown, Seth",L,L,9,87.42857142857143,13.714285714285714,0.24771428571428572,0.17777777777777778,0.39671428571428574,0,0.14285714285714285
664913,"Brown, Seth",L,R,15,95.86666666666667,21.833333333333332,0.2965,0.4666666666666667,0.42075,0.3333333333333333,0.16666666666666666
664983,"McCarthy, Jake",L,L,7,89.73333333333333,22.833333333333332,0.2828333333333333,0.32857142857142857,0.3065,0.2857142857142857,0
664983,"McCarthy, Jake",L,R,16,79.84545454545454,19.818181818181817,0.3849090909090909,0.3125,0.3789090909090909,0,0
665155,"Maton, Nick",L,L,2,69.4,81,0.003,0.35,0.003,0,0
665155,"Maton, Nick",L,R,17,88.34,8.8,0.2211,0.1764705882352941,0.27890000000000004,0,0.1
665161,"Peña, Jeremy",R,L,7,78.21666666666667,-17.333333333333332,0.2775,0.38571428571428573,0.27666666666666667,0.42857142857142855,0
665161,"Peña, Jeremy",R,R,27,88.72941176470589,8.176470588235293,0.2832352941176471,0.27037037037037037,0.2712352941176471,0.07407407407407407,0
665489,"Guerrero Jr., Vladimir",R,L,8,100.24285714285715,8.142857142857142,0.404,0.46875,0.512,0.125,0.2857142857142857
665489,"Guerrero Jr., Vladimir",R,R,26,95.05,6.6,0.45625,0.49615384615384617,0.56325,0.23076923076923078,0.15
665506,"Pache, Cristian",R,L,4,82.80000000000001,26,0.116,0,0.11599999999999999,0,0
665506,"Pache, Cristian",R,R,2,83.6,37,0.099,0,0.0885,0,0
665742,"Soto, Juan",L,L,9,88.7,-0.2,0.1686,0.07777777777777778,0.1524,0,0
665742,"Soto, Juan",L,R,21,91.125,-6.25,0.373125,0.3738095238095238,0.40718750000000004,0.19047619047619047,0.0625
665828,"Cabrera, Oswaldo",L,R,14,84.47142857142858,4.714285714285714,0.21671428571428572,0.26785714285714285,0.1982857142857143,0.07142857142857142,0
665828,"Cabrera, Oswaldo",R,L,2,87,38.5,0.2945,0.45,0.274,0,0
665833,"Cruz, Oneil",L,L,6,74.125,-8.75,0.25,0.5666666666666667,0.23450000000000001,0,0
665833,"Cruz, Oneil",L,R,21,91.82857142857142,10.2,0.2724285714285714,0.30714285714285716,0.35185714285714287,0.19047619047619047,0.07142857142857142
665862,"Chisholm Jr., Jazz",L,L,4,87.93333333333334,-18.333333333333332,0.19233333333333333,0,0.17600000000000002,0,0
665862,"Chisholm Jr., Jazz",L,R,20,84.94444444444444,10.666666666666666,0.32922222222222225,0.3575,0.43033333333333335,0.2,0.1111111111111111
665923,"Ruiz, Esteury",R,L,8,73,21,0.09375,0.375,0.08875,0,0
665923,"Ruiz, Esteury",R,R,16,80.96153846153847,3.076923076923077,0.2710769230769231,0.321875,0.3394615384615385,0.1875,0.07692307692307693
665926,"Giménez, Andrés",L,L,10,73.13333333333333,1,0.3775,0.5,0.3645,0,0
665926,"Giménez, Andrés",L,R,21,89.36666666666667,19.866666666666667,0.36319999999999997,0.3595238095238095,0.43093333333333333,0.19047619047619047,0.06666666666666667
666139,"Lowe, Josh",L,L,4,92.45,13.5,0.7415,0.5375,0.6975,0.25,0
666139,"Lowe, Josh",L,R,11,83.66666666666667,18.77777777777778,0.22555555555555556,0.5545454545454546,0.34377777777777774,0.45454545454545453,0.1111111111111111
666165,"Sabol, Blake",L,L,2,90.6,24,0.154,0.35,0.178,0,0
666165,"Sabol, Blake",L,R,19,86.30833333333334,9,0.2745,0.32105263157894737,0.38333333333333336,0.15789473684210525,0.08333333333333333
666181,"Benson, Will",L,R,12,89.86666666666667,15,0.23166666666666666,0,0.22833333333333333,0,0
666182,"Bichette, Bo",R,L,9,97.2125,16.375,0.565375,0.2,0.62925,0,0.25
666182,"Bichette, Bo",R,R,26,86.685,-1.9,0.43885,0.3942307692307692,0.4463,0.15384615384615385,0.1
666185,"Carlson, Dylan",L,R,10,91.1,11.9,0.4525,0.395,0.5139,0.1,0.1
666185,"Carlson, Dylan",R,L,3,98.3,15.333333333333334,0.438,0.3,0.437,0,0
666801,"Castro, Rodolfo",L,R,8,91.58,44.8,0.0758,0,0.086,0,0
666801,"Castro, Rodolfo",R,L,4,87.65,-30.5,0.076,0.225,0.07,0,0
666969,"García, Adolis",R,L,6,87.25,51.5,0.0835,0,0.114,0,0
666969,"García, Adolis",R,R,18,96.88125,14.25,0.480875,0.5194444444444445,0.5276875,0.2222222222222222,0.125
666971,"Gurriel Jr., Lourdes",R,L,9,92.37142857142857,4.285714285714286,0.5378571428571428,0.3,0.5107142857142857,0,0
666971,"Gurriel Jr., Lourdes",R,R,20,79.40714285714286,13.428571428571429,0.20957142857142858,0.09,0.2415,0,0.07142857142857142
667452,"Julks, Corey",R,L,3,86.8,49,0.122,0.4166666666666667,0.14566666666666667,0.3333333333333333,0
667452,"Julks, Corey",R,R,17,91.53,24.2,0.366,0.2647058823529412,0.3502,0,0
667670,"Rooker, Brent",R,L,7,98.74,11,0.4132,0,0.4758,0,0.2
668227,"Arozarena, Randy",R,L,9,87.5375,24.875,0.342625,0.32222222222222224,0.502625,0.3333333333333333,0.25
668227,"Arozarena, Randy",R,R,17,95.5,12.3,0.4747,0.5441176470588235,0.6164000000000001,0.17647058823529413,0.2
668472,"Pratto, Nick",L,R,7,96.60000000000001,13,0.596,0.1285714285714286,0.5726666666666667,0,0
668670,"Rogers, Jake",R,L,8,98.08,14,0.46740000000000004,0.6125,0.7284,0.75,0.4
668670,"Rogers, Jake",R,R,4,75.45,-5,0.1945,0,0.279,0,0
668715,"Steer, Spencer",R,L,6,80.86666666666666,24.333333333333332,0.057999999999999996,0.26666666666666666,0.06366666666666666,0,0
668715,"Steer, Spencer",R,R,14,91.38888888888889,17.444444444444443,0.32522222222222225,0.4464285714285714,0.4265555555555556,0.2857142857142857,0.1111111111111111
668800,"Knizner, Andrew",R,R,7,74.74000000000001,27.4,0.2016,0.1285714285714286,0.1994,0,0
668804,"Reynolds, Bryan",L,R,23,96.3,22.294117647058822,0.4829411764705882,0.6347826086956522,0.7311764705882353,0.6086956521739131,0.4117647058823529
668804,"Reynolds, Bryan",R,L,4,87.6,9.5,0.1685,0.225,0.18125,0,0
668843,"Capel, Conner",L,L,2,67.2,26,0.937,0.45,0.845,0,0
668843,"Capel, Conner",L,R,7,69.4,-14.333333333333334,0.29433333333333334,0.35714285714285715,0.2793333333333333,0,0
668930,"Turang, Brice",L,R,19,89.16428571428571,20.214285714285715,0.30557142857142855,0.4236842105263158,0.347,0.21052631578947367,0.07142857142857142
668939,"Rutschman, Adley",L,R,22,86.96875,16.4375,0.28775,0.35909090909090907,0.341,0.13636363636363635,0.0625
668939,"Rutschman, Adley",R,L,7,85.46666666666667,10.166666666666666,0.33566666666666667,0.2571428571428572,0.31616666666666665,0,0
668942,"Rojas, Josh",L,R,16,86.31538461538462,21.307692307692307,0.2333076923076923,0.3125,0.2503076923076923,0.125,0
668952,"Kreidler, Ryan",R,L,9,85.6,28,0.14279999999999998,0.1,0.1528,0,0
668952,"Kreidler, Ryan",R,R,4,79,-4.5,0.2475,0.225,0.237,0,0
669003,"Mitchell, Garrett",L,L,1,112.3,19,0.891,2,1.4,3,1
669003,"Mitchell, Garrett",L,R,21,84.55,16,0.30028571428571427,0.46190476190476193,0.3747142857142857,0.38095238095238093,0.14285714285714285
669004,"Melendez, MJ",L,L,2,NA,NA,NA,0,NA,0,NA
669004,"Melendez, MJ",L,R,24,95.3,9.444444444444445,0.43233333333333335,0.28125,0.5952222222222222,0.16666666666666666,0.1111111111111111
669016,"Marsh, Brandon",L,L,4,95.9,-11,0.193,0.625,0.1805,0.5,0
669016,"Marsh, Brandon",L,R,11,87.6,2.5,0.316,0.4090909090909091,0.432,0.45454545454545453,0.125
669065,"Stowers, Kyle",L,R,5,92.2,-12,0.129,0.13999999999999999,0.119,0,0
669127,"Langeliers, Shea",R,L,6,83.41666666666667,21.666666666666668,0.2535,0.15,0.2485,0,0
669127,"Langeliers, Shea",R,R,14,87.08,44,0.2215,0.24285714285714285,0.23929999999999998,0,0
669134,"Campusano, Luis",R,L,2,98.25,27,0.4515,0,0.6930000000000001,0,0.5
669134,"Campusano, Luis",R,R,6,92.525,23.25,0.2885,0.15,0.297,0,0
669221,"Murphy, Sean",R,L,9,92.12,3,0.5362,0.49444444444444446,0.7074,0.1111111111111111,0.2
669221,"Murphy, Sean",R,R,8,90.76,31.6,0.0604,0.175,0.0816,0,0
669242,"Edman, Tommy",L,R,21,86.525,1.8125,0.292,0.24761904761904763,0.2719375,0,0
669242,"Edman, Tommy",R,L,3,90.96666666666667,45,0.241,0.3,0.21966666666666668,0,0
669257,"Smith, Will",R,L,2,76.65,-38.5,0.1955,0,0.181,0,0
669257,"Smith, Will",R,R,26,91.98,17.45,0.42815,0.5865384615384616,0.48510000000000003,0.46153846153846156,0.1
669261,"Suwinski, Jack",L,L,2,15.7,-2,0.26,0.35,0.234,0,0
669261,"Suwinski, Jack",L,R,10,95.96666666666667,29.333333333333332,0.21233333333333335,0.22999999999999998,0.3036666666666667,0,0.16666666666666666
669289,"Espinal, Santiago",R,L,6,85.3,11,0.1936,0.15,0.208,0,0
669289,"Espinal, Santiago",R,R,2,89.6,15,0.093,0,0.0855,0,0
669304,"Miranda, Jose",R,L,6,78.95,7.25,0.06725,0,0.068,0,0
669304,"Miranda, Jose",R,R,19,87.25384615384615,8.307692307692308,0.37884615384615383,0.3368421052631579,0.3676153846153846,0,0
669352,"Thompson, Bubba",R,L,2,68.7,62.5,0.009999999999999998,0,0.010499999999999999,0,0
669352,"Thompson, Bubba",R,R,1,72.4,-38,0.097,1.25,0.087,1,0
669357,"Gorman, Nolan",L,R,20,91.53,13.3,0.46950000000000003,0.5825,0.6247,0.35,0.2
669369,"Johnson, Bryce",L,R,5,94.775,25,0.373,0.4,0.58125,0.6,0.25
669369,"Johnson, Bryce",R,L,1,104.8,8,0.674,0.9,0.633,0,0
669394,"Burger, Jake",R,L,2,107.75,19.5,0.6345,0.625,0.8235000000000001,0.5,0.5
669397,"Allen, Nick",R,L,5,85.76,26.2,0.1992,0,0.19920000000000002,0,0
669397,"Allen, Nick",R,R,4,72.3,22.5,0.024,0,0.02475,0,0
669450,"Hummel, Cooper",L,R,5,83.65,1.5,0.24,0.13999999999999999,0.2165,0,0
669450,"Hummel, Cooper",R,L,3,95.75,2.5,0.3185,0,0.319,0,0
669701,"Smith, Josh H.",L,L,2,NA,NA,NA,0.7,NA,0,NA
669701,"Smith, Josh H.",L,R,6,75.5,8,0.274,0.3833333333333333,0.278,0,0
669720,"Hays, Austin",R,L,6,91.63333333333333,-7.333333333333333,0.6093333333333334,0.6916666666666667,0.9443333333333332,0.6666666666666666,0.6666666666666666
669720,"Hays, Austin",R,R,15,84.69166666666666,5,0.22924999999999998,0.3933333333333333,0.22825,0.13333333333333333,0
669742,"Hall, Darick",L,L,4,93.525,-10.25,0.42575,0.225,0.388,0,0
669742,"Hall, Darick",L,R,15,90.175,23.333333333333332,0.25525000000000003,0.25,0.2609166666666667,0.06666666666666667,0
669743,"Call, Alex",R,L,14,89.3,7,0.22657142857142856,0.37857142857142856,0.2282857142857143,0,0
669743,"Call, Alex",R,R,6,80.9,27.666666666666668,0.25233333333333335,0.15,0.229,0,0
670032,"Lopez, Nicky",L,L,3,85.2,24,0.183,0,0.182,0,0
670032,"Lopez, Nicky",L,R,10,92.58333333333333,-15.833333333333334,0.19466666666666665,0.44,0.20133333333333334,0.2,0
670042,"Raley, Luke",L,L,1,70.8,-17,0.049,0,0.044,0,0
670042,"Raley, Luke",L,R,15,94.91111111111111,16,0.43922222222222224,0.5533333333333333,0.7221111111111111,0.6,0.3333333333333333
670156,"Mastrobuoni, Miles",L,R,11,93.14285714285714,-1.8571428571428572,0.392,0.08181818181818182,0.3658571428571428,0,0
670541,"Alvarez, Yordan",L,L,8,82.9,24,0.3325,0.58125,0.36816666666666664,0.125,0.16666666666666666
670541,"Alvarez, Yordan",L,R,19,92.55833333333334,13.833333333333334,0.3453333333333333,0.4263157894736842,0.5284166666666666,0.3157894736842105,0.16666666666666666
670623,"Paredes, Isaac",R,L,11,84.72222222222223,16.88888888888889,0.2753333333333333,0.24545454545454545,0.2591111111111111,0,0
670623,"Paredes, Isaac",R,R,7,96.1,12.333333333333334,0.42866666666666664,0.38571428571428573,0.7273333333333334,0.42857142857142855,0.3333333333333333
670712,"Brosseau, Mike",R,L,6,85.075,3.25,0.3885,0.26666666666666666,0.37825000000000003,0,0
670712,"Brosseau, Mike",R,R,1,60.3,-3,0.109,0,0.103,0,0
670764,"Walls, Taylor",L,R,9,86.55714285714286,16.571428571428573,0.17585714285714285,0.17777777777777778,0.18571428571428572,0,0
670764,"Walls, Taylor",R,L,8,86.14285714285714,30.571428571428573,0.40771428571428575,0.49375,0.39999999999999997,0.125,0
670770,"Friedl, TJ",L,L,5,77.63333333333334,-12.666666666666666,0.3526666666666667,0.5,0.33233333333333337,0.4,0
670770,"Friedl, TJ",L,R,14,79.48181818181818,4,0.28809090909090906,0.48214285714285715,0.3704545454545455,0.42857142857142855,0.09090909090909091
671213,"Casas, Triston",L,L,2,68.1,-45,0.134,0,0.121,0,0
671213,"Casas, Triston",L,R,24,89.78235294117647,17.764705882352942,0.1776470588235294,0.23125,0.1983529411764706,0.16666666666666666,0
671277,"García, Luis",L,L,8,87.14285714285714,7.428571428571429,0.30985714285714283,0.225,0.32171428571428573,0,0
671277,"García, Luis",L,R,13,89.94166666666666,-1.6666666666666667,0.24866666666666667,0.09615384615384616,0.28650000000000003,0.07692307692307693,0.08333333333333333
671739,"Harris II, Michael",L,L,11,86.85555555555555,-3.3333333333333335,0.24266666666666667,0.14545454545454545,0.2946666666666667,0,0.1111111111111111
671739,"Harris II, Michael",L,R,14,98.14444444444445,3,0.301,0.33214285714285713,0.35844444444444445,0.07142857142857142,0.1111111111111111
672284,"Kelenic, Jarred",L,L,1,NA,NA,NA,0,NA,0,NA
672284,"Kelenic, Jarred",L,R,15,89.125,7.5,0.35,0.25,0.43125,0.06666666666666667,0.125
672356,"Arias, Gabriel",R,L,8,78.52,20.2,0.3326,0.3625,0.5884,0.375,0.2
672356,"Arias, Gabriel",R,R,6,82.6,2,0.0745,0.44166666666666665,0.0725,0.16666666666666666,0
672386,"Kirk, Alejandro",R,L,5,79.5,7.5,0.273,0.32,0.2455,0,0
672386,"Kirk, Alejandro",R,R,13,81.96363636363637,-4.818181818181818,0.32381818181818184,0.26153846153846155,0.3508181818181818,0,0.09090909090909091
672515,"Moreno, Gabriel",R,L,9,95.47142857142858,-0.8571428571428571,0.41628571428571426,0.2777777777777778,0.47600000000000003,0.2222222222222222,0.14285714285714285
672515,"Moreno, Gabriel",R,R,9,91.2125,13.875,0.333375,0.1,0.354125,0,0.125
672695,"Perdomo, Geraldo",L,R,13,72.1,21.2,0.4032,0.6,0.3748,0.15384615384615385,0
673237,"Diaz, Yainer",R,L,1,NA,NA,NA,0,NA,0,NA
673237,"Diaz, Yainer",R,R,8,78.55,26.25,0.11575,0.175,0.11125,0,0
673357,"Robert Jr., Luis",R,L,6,84.86666666666667,4,0.44466666666666665,0.6333333333333333,0.6553333333333333,0.5,0.3333333333333333
673357,"Robert Jr., Luis",R,R,26,91.51578947368421,22.263157894736842,0.37122222222222223,0.3384615384615385,0.4181666666666667,0.19230769230769232,0.10526315789473684
673490,"Kim, Ha-Seong",R,L,7,79.34,25.2,0.379,0.5857142857142857,0.3548,0.2857142857142857,0
673490,"Kim, Ha-Seong",R,R,15,80.91818181818182,7.181818181818182,0.3251818181818182,0.25333333333333335,0.3599090909090909,0.2,0.09090909090909091
673962,"Jung, Josh",R,L,3,100.56666666666666,1,0.37533333333333335,1.0833333333333333,0.5366666666666667,1.3333333333333333,0.3333333333333333
673962,"Jung, Josh",R,R,21,90.45,18.25,0.4583333333333333,0.3333333333333333,0.47958333333333336,0.14285714285714285,0.08333333333333333
675986,"Smith-Njigba, Canaan",L,L,1,NA,NA,NA,0,NA,0,NA
675986,"Smith-Njigba, Canaan",L,R,12,73.675,-13.5,0.40875,0.29583333333333334,0.47400000000000003,0.08333333333333333,0.25
676116,"Noda, Ryan",L,L,1,NA,NA,NA,0,NA,0,NA
676116,"Noda, Ryan",L,R,14,101.95,13.75,0.62075,0.4464285714285714,0.852,0.2857142857142857,0.25
676475,"Burleson, Alec",L,R,16,98.27692307692308,24.615384615384617,0.34115384615384614,0.39375,0.42223076923076924,0.3125,0
676480,"Barrero, Jose",R,L,3,95.3,4.666666666666667,0.5133333333333333,0.3,0.496,0,0
676480,"Barrero, Jose",R,R,5,81.13333333333334,-9.333333333333334,0.13633333333333333,0,0.12499999999999999,0,0
676694,"Meyers, Jake",R,L,1,NA,NA,NA,0,NA,0,NA
676694,"Meyers, Jake",R,R,10,89.38,-6.6,0.2542,0.25,0.319,0,0.2
676701,"Trejo, Alan",R,L,3,69.2,43,0.4,0,0.382,0,0
676701,"Trejo, Alan",R,R,3,89.53333333333333,21,0.24666666666666667,0.7166666666666667,0.234,0.3333333333333333,0
676801,"McCormick, Chas",R,L,5,94.325,27,0.17074999999999999,0.65,0.24975,0.8,0
676801,"McCormick, Chas",R,R,13,79.7,31.142857142857142,0.2027142857142857,0.3538461538461538,0.21414285714285713,0,0
677551,"Franco, Wander",L,R,16,89.15384615384616,9.76923076923077,0.3902307692307692,0.5375,0.5224615384615384,0.3125,0.23076923076923078
677551,"Franco, Wander",R,L,11,90.88888888888889,6.111111111111111,0.36966666666666664,0.5227272727272727,0.4033333333333333,0.36363636363636365,0.1111111111111111
677594,"Rodríguez, Julio",R,L,9,88.575,0.75,0.41925,0.5333333333333333,0.4765,0.2222222222222222,0.25
677594,"Rodríguez, Julio",R,R,24,90.88125,12.6875,0.2858125,0.32916666666666666,0.368625,0.20833333333333334,0.1875
677649,"Duran, Ezequiel",R,L,2,79.6,-24.5,0.2815,0.45,0.2615,0,0
677649,"Duran, Ezequiel",R,R,10,83.6,25.142857142857142,0.2967142857142857,0.09,0.30242857142857144,0,0
677950,"Thomas, Alek",L,L,3,101.03333333333333,8.666666666666666,0.501,0,0.5066666666666667,0,0
677950,"Thomas, Alek",L,R,13,93.74444444444444,10.11111111111111,0.284,0.16153846153846152,0.28099999999999997,0,0
677951,"Witt Jr., Bobby",R,L,2,96.85,-15,0.2545,0,0.24,0,0
677951,"Witt Jr., Bobby",R,R,27,93.50526315789473,24,0.20157894736842105,0.2518518518518518,0.23705263157894738,0.1111111111111111,0
678225,"Bae, Ji Hwan",L,L,4,84.75,13.5,0.34299999999999997,0.225,0.3385,0,0
678225,"Bae, Ji Hwan",L,R,15,84.86363636363636,3.090909090909091,0.30363636363636365,0.3233333333333333,0.36363636363636365,0.26666666666666666,0.09090909090909091
678246,"Vargas, Miguel",R,L,3,101.2,12,0.911,0.7666666666666666,0.886,0,0
678246,"Vargas, Miguel",R,R,15,96,20.5,0.38025,0.5166666666666666,0.5835,0.06666666666666667,0.25
678662,"Tovar, Ezequiel",R,L,4,77.05,-3,0.4285,0.225,0.3925,0,0
678662,"Tovar, Ezequiel",R,R,17,86.75,6.666666666666667,0.25033333333333335,0.17941176470588235,0.27191666666666664,0.058823529411764705,0.08333333333333333
679529,"Torkelson, Spencer",R,L,12,91.5,-4.4,0.3944,0.32916666666666666,0.4048,0.08333333333333333,0.1
679529,"Torkelson, Spencer",R,R,16,92.65833333333333,12.5,0.31133333333333335,0.3375,0.41283333333333333,0.1875,0.08333333333333333
679631,"Vavra, Terrin",L,R,6,80.06666666666666,25.666666666666668,0.11833333333333333,0.26666666666666666,0.116,0,0
680757,"Kwan, Steven",L,L,13,83.63,9.8,0.2232,0.3576923076923077,0.2215,0.07692307692307693,0
680757,"Kwan, Steven",L,R,22,83.65263157894736,16.894736842105264,0.27542105263157896,0.2931818181818182,0.2658421052631579,0.045454545454545456,0
680777,"Jeffers, Ryan",R,L,5,101.76666666666667,-0.6666666666666666,0.43066666666666664,0.39,0.41833333333333333,0.2,0
680777,"Jeffers, Ryan",R,R,5,87.62,6.6,0.437,0.76,0.5876,0.6,0.2
680911,"Miller, Owen",R,L,4,71.275,-9.5,0.2635,0.45,0.24425,0,0
680911,"Miller, Owen",R,R,1,NA,NA,NA,0.7,NA,0,NA
680977,"Donovan, Brendan",L,L,4,88.7,4.333333333333333,0.5616666666666666,0.625,0.5306666666666666,0,0
680977,"Donovan, Brendan",L,R,21,88.66,10.733333333333333,0.25626666666666664,0.30952380952380953,0.3489333333333334,0.2857142857142857,0.26666666666666666
681082,"Stott, Bryson",L,L,7,77.28333333333333,7.833333333333333,0.36233333333333334,0.4857142857142857,0.3305,0,0
681082,"Stott, Bryson",L,R,17,91.19166666666666,7.5,0.30241666666666667,0.4323529411764706,0.3115,0.17647058823529413,0
681351,"O'Hoppe, Logan",R,L,5,95.28,19.8,0.42579999999999996,0.58,0.5276,0.6,0.2
681351,"O'Hoppe, Logan",R,R,14,91.99,25.2,0.2923,0.29642857142857143,0.4446,0.2857142857142857,0.2
681481,"Carpenter, Kerry",L,L,1,NA,NA,NA,0,NA,0,NA
681481,"Carpenter, Kerry",L,R,13,86.74444444444444,-1,0.37933333333333336,0.39615384615384613,0.4638888888888889,0.23076923076923078,0.2222222222222222
681546,"Outman, James",L,L,1,NA,NA,NA,0.7,NA,0,NA
681546,"Outman, James",L,R,22,90.52,0,0.4999,0.5181818181818182,0.6202,0.3181818181818182,0.2
681584,"Villar, David",R,R,26,94.20714285714286,27.714285714285715,0.49042857142857144,0.41346153846153844,0.6447142857142857,0.2692307692307692,0.2857142857142857
681987,"Eaton, Nate",R,L,3,96.3,-2,0.314,0,0.283,0,0
681987,"Eaton, Nate",R,R,11,84.83333333333333,9.333333333333334,0.3293333333333333,0,0.3298333333333333,0,0
682073,"Hensley, David",R,L,5,85.60000000000001,3.6666666666666665,0.42666666666666664,0.5,0.4,0,0
682073,"Hensley, David",R,R,17,90.74444444444444,-6,0.3088888888888889,0.29411764705882354,0.3081111111111111,0,0
682928,"Abrams, CJ",L,L,12,86.3,25.714285714285715,0.39985714285714286,0.3125,0.41385714285714287,0.08333333333333333,0
682928,"Abrams, CJ",L,R,10,80.94444444444444,22.22222222222222,0.1978888888888889,0.16,0.2427777777777778,0,0
682985,"Greene, Riley",L,L,14,80.55,2.125,0.159375,0.2571428571428572,0.236375,0,0.125
682985,"Greene, Riley",L,R,15,91.32222222222222,19.88888888888889,0.6391111111111111,0.4533333333333333,0.7791111111111111,0.3333333333333333,0.2222222222222222
682998,"Carroll, Corbin",L,L,10,94.525,5.875,0.307875,0.27,0.317875,0,0
682998,"Carroll, Corbin",L,R,17,89.79230769230769,22.923076923076923,0.2936153846153846,0.24411764705882352,0.3151538461538462,0.23529411764705882,0.07692307692307693
683002,"Henderson, Gunnar",L,L,3,NA,NA,NA,0.2333333333333333,NA,0,NA
683002,"Henderson, Gunnar",L,R,19,95.04285714285714,11.428571428571429,0.4277142857142857,0.3368421052631579,0.62,0.15789473684210525,0.2857142857142857
683011,"Volpe, Anthony",R,L,5,82.69999999999999,-3.5,0.32999999999999996,0.32,0.3015,0,0
683011,"Volpe, Anthony",R,R,16,81.33333333333333,19.77777777777778,0.2131111111111111,0.24375,0.21233333333333335,0,0
683734,"Vaughn, Andrew",R,L,6,92.03333333333333,20.333333333333332,0.22,0.44166666666666665,0.209,0.16666666666666666,0
683734,"Vaughn, Andrew",R,R,21,80.04666666666667,6.333333333333333,0.3626,0.36428571428571427,0.36993333333333334,0.14285714285714285,0.06666666666666667
686469,"Pasquantino, Vinnie",L,L,4,83,48,0.47300000000000003,0.225,0.447,0,0
686469,"Pasquantino, Vinnie",L,R,21,86.58,4.4,0.2892,0.2357142857142857,0.30006666666666665,0.047619047619047616,0
686681,"Massey, Michael",L,L,1,77.1,38,0.089,0,0.103,0,0
686681,"Massey, Michael",L,R,18,90.16666666666667,19.916666666666668,0.44158333333333333,0.16944444444444445,0.5663333333333334,0.05555555555555555,0.16666666666666666
686823,"Brennan, Will",L,L,1,85.3,36,0.009,0,0.008,0,0
686823,"Brennan, Will",L,R,8,93.86666666666666,0.6666666666666666,0.4528333333333333,0.3375,0.42766666666666664,0,0
686894,"Wiemer, Joey",R,L,4,84.575,20.75,0.56725,0.8125,0.74775,1,0.25
686894,"Wiemer, Joey",R,R,15,80.46000000000001,-11.9,0.1752,0.3333333333333333,0.1707,0,0
691023,"Walker, Jordan",R,L,3,109.2,-21,0.2545,0,0.23550000000000001,0,0
691023,"Walker, Jordan",R,R,22,89.08421052631579,-0.5263157894736842,0.4065263157894737,0.4409090909090909,0.4083157894736842,0.22727272727272727,0.05263157894736842
693049,"Colás, Oscar",L,L,1,68.2,-42,0.12,0,0.108,0,0
693049,"Colás, Oscar",L,R,22,87.33125,4.5,0.2338125,0.2931818181818182,0.2395625,0.045454545454545456,0
807799,"Yoshida, Masataka",L,L,8,88.18,-7.8,0.4384,0.425,0.4126,0,0
807799,"Yoshida, Masataka",L,R,24,87.82,-11.05,0.22185,0.41041666666666665,0.26625,0.16666666666666666,0.05
