batter,player_name,stand,p_throws,events,avg_launch_speed,avg_launch_angle,xba,woba,xwoba,iso
405395,"Pujols, Albert",R,L,1,106.1,14,0.7,0,0.752,0
405395,"Pujols, Albert",R,R,4,92.65,12.5,0.17775,0.45,0.21425,0
408234,"Cabrera, Miguel",R,L,2,102.55000000000001,25.5,0.677,0.45,0.907,0
408234,"Cabrera, Miguel",R,R,10,95.82000000000001,5.6,0.319,0.22999999999999998,0.31179999999999997,0
425877,"Molina, Yadier",R,L,1,88.6,30,0.06,0,0.072,0
425877,"Molina, Yadier",R,R,11,81.4,12.6,0.1939,0.08181818181818182,0.1826,0
429664,"Canó, Robinson",L,L,4,69.2,-29.666666666666668,0.178,0.225,0.16666666666666669,0
429664,"Canó, Robinson",L,R,8,99.54,8.2,0.4768,0.3125,0.507,0
435559,"Suzuki, Kurt",R,R,8,85.04285714285714,8.857142857142858,0.3142857142857143,0.3375,0.2998571428571429,0
443558,"Cruz, Nelson",R,L,1,100.7,25,0.56,0,0.884,0
443558,"Cruz, Nelson",R,R,15,88.93636363636364,-10.545454545454545,0.28545454545454546,0.31333333333333335,0.3216363636363636,0.2
444482,"Peralta, David",L,L,3,96.23333333333333,-1,0.31033333333333335,0.3,0.30333333333333334,0
444482,"Peralta, David",L,R,13,85.71428571428572,32.57142857142857,0.3385714285714286,0.3576923076923077,0.38371428571428573,0.3076923076923077
444876,"Escobar, Alcides",R,R,10,75.92,35.6,0.368,0.09,0.3414,0
453568,"Blackmon, Charlie",L,L,2,78.7,74,0.006,0,0.005,0
453568,"Blackmon, Charlie",L,R,7,69.63333333333333,-18,0.2866666666666667,0.17857142857142858,0.2966666666666667,0.14285714285714285
455117,"Maldonado, Martín",R,L,3,96.3,7,0.571,0.4666666666666666,0.529,0
455117,"Maldonado, Martín",R,R,9,90.08571428571429,11,0.17785714285714285,0.07777777777777778,0.21414285714285713,0
455139,"Chirinos, Robinson",R,L,5,84.2,-12.5,0.1085,0,0.098,0
455139,"Chirinos, Robinson",R,R,2,78.9,26,0.38,0.45,0.35,0
456715,"Cain, Lorenzo",R,L,2,91.4,35.5,0.3555,0.625,0.34400000000000003,0.5
456715,"Cain, Lorenzo",R,R,6,89.94,13.8,0.235,0,0.249,0
457705,"McCutchen, Andrew",R,L,2,84.55,10,0.6745,0.45,0.6495,0
457705,"McCutchen, Andrew",R,R,11,94.03750000000001,14,0.395875,0.2590909090909091,0.43175,0.09090909090909091
457759,"Turner, Justin",R,L,3,94.03333333333333,-3,0.32366666666666666,0,0.29533333333333334,0
457759,"Turner, Justin",R,R,10,87.15,27,0.35683333333333334,0.27,0.3635,0
458015,"Votto, Joey",L,L,7,85.1,24.333333333333332,0.3183333333333333,0.35714285714285715,0.30833333333333335,0
458015,"Votto, Joey",L,R,10,88.78333333333333,44.333333333333336,0.21416666666666667,0.22999999999999998,0.23533333333333334,0
462101,"Andrus, Elvis",R,L,3,94.6,8,0.399,0.8333333333333334,0.4966666666666667,0.6666666666666666
462101,"Andrus, Elvis",R,R,9,90.51428571428572,-8.142857142857142,0.22585714285714287,0.17777777777777778,0.21814285714285714,0
467793,"Santana, Carlos",L,R,10,92.5125,39.625,0.20012500000000003,0.265,0.22375,0.1
474832,"Belt, Brandon",L,L,3,100.8,24,0.563,0.6666666666666666,0.855,1
474832,"Belt, Brandon",L,R,6,68.56666666666666,41,0.09333333333333334,0.26666666666666666,0.08766666666666666,0
476704,"Lowrie, Jed",L,R,4,78.075,14.25,0.3015,0.45,0.27549999999999997,0
476704,"Lowrie, Jed",R,L,1,NA,NA,NA,0,NA,0
488726,"Brantley, Michael",L,L,4,92.5,29,0.20850000000000002,0,0.295,0
488726,"Brantley, Michael",L,R,9,87.64285714285714,11.285714285714286,0.324,0.45555555555555555,0.37142857142857144,0.2222222222222222
488771,"Castro, Jason",L,R,3,62,-26,0.029,0.2333333333333333,0.026,0
493329,"Gurriel, Yuli",R,R,4,92.23333333333333,42.333333333333336,0.18033333333333335,0.3125,0.23866666666666667,0.25
500743,"Rojas, Miguel",R,L,2,85.5,-15.5,0.32,0.625,0.3725,0.5
500743,"Rojas, Miguel",R,R,7,75.01666666666667,11.5,0.12416666666666668,0.1285714285714286,0.11833333333333333,0
500871,"Escobar, Eduardo",L,R,11,88.35,20.166666666666668,0.17366666666666666,0.41818181818181815,0.205,0.18181818181818182
500871,"Escobar, Eduardo",R,L,3,92.4,9.5,0.324,0.4166666666666667,0.376,0.3333333333333333
502054,"Pham, Tommy",R,L,7,86.1,3,0.1865,0.3,0.23775,0
502054,"Pham, Tommy",R,R,10,88.58333333333333,-8.666666666666666,0.11183333333333334,0.06999999999999999,0.12933333333333333,0
502110,"Martinez, J.D.",R,L,2,90.69999999999999,41,0.07550000000000001,0.625,0.093,0.5
502110,"Martinez, J.D.",R,R,11,86.54,-1.5,0.2125,0.19545454545454546,0.2029,0.09090909090909091
502671,"Goldschmidt, Paul",R,L,1,105.8,6,0.609,0.9,0.587,0
502671,"Goldschmidt, Paul",R,R,13,89.68333333333334,13.166666666666666,0.27116666666666667,0.4076923076923077,0.2603333333333333,0
514888,"Altuve, Jose",R,L,2,104.1,25,0.834,1,1.554,1.5
514888,"Altuve, Jose",R,R,11,76.33333333333333,3.6666666666666665,0.12116666666666667,0.06363636363636363,0.11233333333333333,0
514917,"Hernández, César",L,R,15,80.1,-3.3333333333333335,0.28891666666666665,0.24000000000000002,0.32691666666666663,0
514917,"Hernández, César",R,L,1,NA,NA,NA,0,NA,0
516416,"Segura, Jean",R,L,5,96.78,-3,0.5698,0.83,0.7,0.8
516416,"Segura, Jean",R,R,7,92.5,5.4,0.2628,0.38571428571428573,0.4224,0.42857142857142855
516782,"Marte, Starling",R,L,2,70.35,24,0.2685,0.45,0.257,0
516782,"Marte, Starling",R,R,13,81.16363636363636,4.636363636363637,0.2169090909090909,0.21923076923076923,0.2080909090909091,0.07692307692307693
518586,"Culberson, Charlie",R,L,2,93.1,-2.5,0.3215,0.45,0.304,0
518595,"d'Arnaud, Travis",R,L,1,87.9,-13,0.129,0.9,0.116,0
518595,"d'Arnaud, Travis",R,R,11,90.72857142857143,18.857142857142858,0.3587142857142857,0.2636363636363636,0.5519999999999999,0.2727272727272727
518626,"Donaldson, Josh",R,R,15,93.53333333333333,1.5555555555555556,0.425,0.24000000000000002,0.41111111111111115,0
518692,"Freeman, Freddie",L,L,5,79.2,-16,0.051,0.27999999999999997,0.046,0
518692,"Freeman, Freddie",L,R,9,95.525,23.25,0.347125,0.3,0.412125,0
518735,"Grandal, Yasmani",L,R,6,90.61999999999999,23,0.3594,0.3333333333333333,0.5916,0.5
518735,"Grandal, Yasmani",R,L,2,91,58,0.006,0.35,0.005,0
518792,"Heyward, Jason",L,L,1,83.2,71,0.009,0.9,0.009,0
518792,"Heyward, Jason",L,R,9,87.85,-18.5,0.3635,0.35555555555555557,0.34299999999999997,0
518934,"LeMahieu, DJ",R,L,1,NA,NA,NA,0.7,NA,0
518934,"LeMahieu, DJ",R,R,8,88.98,-4,0.369,0.425,0.4932,0.375
519058,"Moustakas, Mike",L,L,4,84.05,26.5,0.113,0.225,0.10200000000000001,0
519058,"Moustakas, Mike",L,R,7,81.725,28,0.04925,0,0.06575,0
519203,"Rizzo, Anthony",L,R,13,92.18888888888888,42.55555555555556,0.2822222222222222,0.5384615384615384,0.47455555555555556,0.46153846153846156
519317,"Stanton, Giancarlo",R,L,1,NA,NA,NA,0,NA,0
519317,"Stanton, Giancarlo",R,R,12,107.2875,6.5,0.6521250000000001,0.5583333333333333,0.74375,0.5
519390,"Vogt, Stephen",L,R,2,89.5,-19,0.106,0,0.1,0
521692,"Perez, Salvador",R,L,2,94,62,0,0,0,0
521692,"Perez, Salvador",R,R,10,91.12222222222222,40.44444444444444,0.178,0,0.2843333333333333,0
527038,"Flores, Wilmer",R,L,5,89.425,18,0.183,0.13999999999999999,0.19075,0
527038,"Flores, Wilmer",R,R,7,93.71666666666667,4.5,0.25283333333333335,0.17857142857142858,0.36533333333333334,0.14285714285714285
541645,"García, Avisaíl",R,L,4,99.8,14,0.494,0,0.6155,0
541645,"García, Avisaíl",R,R,9,86.225,7.5,0.22175,0.3,0.206625,0
542303,"Ozuna, Marcell",R,L,2,81.25,-5.5,0.28900000000000003,0.45,0.266,0
542303,"Ozuna, Marcell",R,R,14,96.60909090909091,30.727272727272727,0.2611818181818182,0.29285714285714287,0.2882727272727273,0.14285714285714285
542340,"Villar, Jonathan",L,R,3,62.7,-44,0.174,0.2333333333333333,0.166,0
542340,"Villar, Jonathan",R,L,1,59.8,-48,0.18,0,0.162,0
542364,"Ortega, Rafael",L,R,10,86.725,3.75,0.13575,0.40499999999999997,0.14825,0.1
542583,"Aguilar, Jesús",R,L,4,83.30000000000001,50.5,0.0545,0,0.06,0
542583,"Aguilar, Jesús",R,R,9,88.9,19,0.205125,0.1,0.232375,0
542932,"Berti, Jon",R,L,3,91.15,0.5,0.197,0.5333333333333333,0.29700000000000004,0
543063,"Crawford, Brandon",L,L,6,82.975,2.25,0.31475000000000003,0.15,0.3015,0
543063,"Crawford, Brandon",L,R,6,84.86,-2.4,0.2276,0,0.2742,0
543068,"Cron, C.J.",R,L,3,100.23333333333333,15,0.8083333333333333,1.2666666666666666,1.1223333333333332,1
543068,"Cron, C.J.",R,R,9,81.76,30.6,0.216,0.1,0.22560000000000002,0
543105,"Dickerson, Alex",L,R,10,94.83333333333333,9.666666666666666,0.342,0.06999999999999999,0.37883333333333336,0
543228,"Gomes, Yan",R,L,1,96.4,31,0.209,0,0.391,0
543228,"Gomes, Yan",R,R,3,93.05,23.5,0.23299999999999998,0.4166666666666667,0.2665,0.3333333333333333
543257,"Grossman, Robbie",L,R,10,90.275,22.5,0.302,0.13999999999999999,0.30625,0
543257,"Grossman, Robbie",R,L,3,77.2,38.5,0.453,0.3,0.433,0
543281,"Harrison, Josh",R,L,5,89.775,25.75,0.1915,0.18,0.2035,0
543281,"Harrison, Josh",R,R,8,91.1375,18.5,0.383,0.35625,0.529875,0.375
543305,"Hicks, Aaron",L,R,6,89.25,22.25,0.47150000000000003,0.3,0.4555,0
543305,"Hicks, Aaron",R,L,2,95,-26,0.08,0,0.072,0
543309,"Higashioka, Kyle",R,L,1,93,63,0.009,0,0.008,0
543309,"Higashioka, Kyle",R,R,6,91.4,10.25,0.4615,0.3,0.47575,0
543333,"Hosmer, Eric",L,L,5,89.04,1,0.5778,0.61,0.5704,0.2
543333,"Hosmer, Eric",L,R,7,90.66,6.8,0.4618,0.4357142857142857,0.4294,0.14285714285714285
543510,"McCann, James",R,L,2,66.2,8,0.206,0.35,0.187,0
543510,"McCann, James",R,R,6,77.125,3.5,0.3135,0.26666666666666666,0.3095,0
543543,"Miller, Brad",L,L,2,102.9,11.5,0.54,1,0.9460000000000001,1.5
543543,"Miller, Brad",L,R,11,94.38888888888889,24.444444444444443,0.37077777777777776,0.4409090909090909,0.4467777777777778,0.36363636363636365
543592,"Nola, Austin",R,L,5,83.625,-12.25,0.19225,0.18,0.1785,0
543592,"Nola, Austin",R,R,8,96.9,9.857142857142858,0.3465714285714286,0.425,0.3608571428571429,0
543685,"Rendon, Anthony",R,L,3,75.9,-21.666666666666668,0.08566666666666667,0,0.081,0
543685,"Rendon, Anthony",R,R,8,92.6,33.333333333333336,0.306,0.375,0.348,0
543760,"Semien, Marcus",R,L,4,82.33333333333333,-10.666666666666666,0.157,0,0.15266666666666667,0
543760,"Semien, Marcus",R,R,10,79.35,1.3333333333333333,0.16333333333333333,0.195,0.175,0.1
543807,"Springer, George",R,L,3,101.7,16,0.529,0.65,0.566,0.3333333333333333
543807,"Springer, George",R,R,12,97.05,0.16666666666666666,0.397,0.375,0.4078333333333333,0.25
543829,"Strange-Gordon, Dee",L,R,3,93.2,-5,0.217,0,0.195,0
543877,"Vázquez, Christian",R,L,2,87.4,46,0.006,0,0.005,0
543877,"Vázquez, Christian",R,R,6,87.1,15.333333333333334,0.32,0.26666666666666666,0.31733333333333336,0
543939,"Wong, Kolten",L,L,4,92.7,24.25,0.15025,0.225,0.15575,0
543939,"Wong, Kolten",L,R,8,90.85,15.666666666666666,0.18283333333333335,0.1125,0.19316666666666665,0
544369,"Gregorius, Didi",L,L,4,77,4.666666666666667,0.061,0,0.058333333333333334,0
544369,"Gregorius, Didi",L,R,4,89.69999999999999,24.5,0.1975,0.225,0.187,0
544725,"García, Leury",L,R,6,97.08,13.2,0.2002,0,0.1828,0
544725,"García, Leury",R,L,2,102.7,-25,0.14,0,0.127,0
545341,"Grichuk, Randal",R,L,2,105.8,4,0.566,0.8,0.531,0
545341,"Grichuk, Randal",R,R,6,64.10000000000001,-3,0.1434,0.26666666666666666,0.135,0
545350,"Marisnick, Jake",R,L,2,98.8,-8,0.286,0,0.283,0
545350,"Marisnick, Jake",R,R,4,88.66666666666666,-2,0.5066666666666667,0.675,0.482,0
545358,"Stassi, Max",R,L,2,87.25,-25.5,0.23149999999999998,0,0.211,0
545358,"Stassi, Max",R,R,4,105.75,30,0.706,0.3125,1.2934999999999999,0.25
545361,"Trout, Mike",R,L,3,93.9,-18,0.134,0.5333333333333333,0.123,0
545361,"Trout, Mike",R,R,12,95.05555555555556,33.22222222222222,0.3612222222222222,0.4041666666666667,0.5278888888888889,0.3333333333333333
547180,"Harper, Bryce",L,L,6,100.66666666666667,29.666666666666668,0.34099999999999997,0.11666666666666665,0.44966666666666666,0
547180,"Harper, Bryce",L,R,7,95.98,11.4,0.46740000000000004,0.2785714285714286,0.5418,0.14285714285714285
547379,"Pérez, Roberto",R,L,3,108.9,10,0.871,0.7666666666666666,0.883,0
547379,"Pérez, Roberto",R,R,9,90.48333333333333,0.5,0.44666666666666666,0.2,0.5266666666666666,0
547989,"Abreu, José",R,L,5,97.66666666666667,23.333333333333332,0.5243333333333333,0.39,0.87,0.2
547989,"Abreu, José",R,R,9,98.5,19.285714285714285,0.39471428571428574,0.4166666666666667,0.4998571428571429,0.1111111111111111
553869,"Díaz, Elias",R,L,3,91.8,16,0.837,0.3,0.844,0
553869,"Díaz, Elias",R,R,6,86.61666666666666,-4,0.41,0.5416666666666666,0.6023333333333333,0.6666666666666666
553882,"Narváez, Omar",L,L,1,NA,NA,NA,0,NA,0
553882,"Narváez, Omar",L,R,5,82.55,-3.5,0.1955,0.27999999999999997,0.176,0
553993,"Suárez, Eugenio",R,R,8,86.625,20.25,0.30774999999999997,0,0.521,0
570482,"Urshela, Gio",R,L,5,88.95,6.25,0.382,0.72,0.4445,0.6
570482,"Urshela, Gio",R,R,2,NA,NA,NA,0.35,NA,0
570731,"Schoop, Jonathan",R,L,1,87.5,13,0.823,0.9,0.758,0
570731,"Schoop, Jonathan",R,R,10,97.7625,8.5,0.36075,0.285,0.399125,0.1
571448,"Arenado, Nolan",R,L,1,104.8,22,0.789,2,1.269,3
571448,"Arenado, Nolan",R,R,12,93.21111111111111,28.11111111111111,0.41755555555555557,0.6125,0.5516666666666666,0.5
571466,"Barnhart, Tucker",L,R,3,89.4,4.5,0.047,0,0.049999999999999996,0
571466,"Barnhart, Tucker",R,L,2,81.9,3,0.237,0,0.213,0
571657,"Farmer, Kyle",R,L,6,84.52,1.4,0.45840000000000003,0.5666666666666667,0.4602,0
571657,"Farmer, Kyle",R,R,9,74,9.5,0.16966666666666666,0.2388888888888889,0.181,0.1111111111111111
571745,"Haniger, Mitch",R,L,2,100.3,19,0.3885,0,0.4525,0
571745,"Haniger, Mitch",R,R,10,97.94285714285715,13.714285714285714,0.5228571428571429,0.615,0.7647142857142857,0.7
571771,"Hernández, Enrique",R,L,5,101.3,25.666666666666668,0.35633333333333334,0.13999999999999999,0.5686666666666667,0
571771,"Hernández, Enrique",R,R,10,85.02,13.2,0.2498,0.06999999999999999,0.2288,0
571970,"Muncy, Max",L,L,3,73.1,-13.333333333333334,0.12566666666666668,0.3,0.11433333333333333,0
571970,"Muncy, Max",L,R,10,88.45714285714286,35.42857142857143,0.1432857142857143,0,0.1972857142857143,0
571976,"Myers, Wil",R,L,4,81.55,8.5,0.08299999999999999,0.175,0.119,0
571976,"Myers, Wil",R,R,12,86.75,-1.3333333333333333,0.16333333333333333,0.17916666666666667,0.18416666666666667,0.08333333333333333
571980,"Naquin, Tyler",L,L,3,97.9,40.5,0.359,0,0.7264999999999999,0
571980,"Naquin, Tyler",L,R,9,88.48,21.6,0.459,0.4166666666666667,0.4512,0.1111111111111111
572008,"Owings, Chris",R,L,1,NA,NA,NA,0,NA,0
572039,"Piscotty, Stephen",R,L,3,102.2,14.5,0.71,0.5333333333333333,0.7375,0
572039,"Piscotty, Stephen",R,R,6,85.1,1.5,0.39849999999999997,0.26666666666666666,0.381,0
572041,"Pollock, AJ",R,L,3,97.75,-0.5,0.5245,0.3,0.5045,0
572041,"Pollock, AJ",R,R,4,102.4,27.25,0.592,0.7625,0.741,0.25
572191,"Taylor, Michael A.",R,R,9,75.10000000000001,25.714285714285715,0.30014285714285716,0.2777777777777778,0.33771428571428574,0
572228,"Voit, Luke",R,L,4,79.25,4,0.247,0.35,0.227,0
572228,"Voit, Luke",R,R,13,90.75,14.166666666666666,0.3995,0.4076923076923077,0.505,0
572233,"Walker, Christian",R,L,4,89.1,7,0.16,0,0.144,0
572233,"Walker, Christian",R,R,11,89.33333333333333,26,0.23183333333333334,0.45454545454545453,0.3228333333333333,0.2727272727272727
572287,"Zunino, Mike",R,L,4,89,24,0.174,0,0.188,0
572287,"Zunino, Mike",R,R,3,101.5,25,0.649,0,1.08,0
572816,"Dickerson, Corey",L,R,8,74.51666666666667,5.666666666666667,0.22083333333333335,0.1125,0.20950000000000002,0
572863,"Garneau, Dustin",R,L,1,NA,NA,NA,0,NA,0
573131,"Ruf, Darin",R,L,6,97.5,36.333333333333336,0.188,0.20833333333333334,0.339,0.16666666666666666
573131,"Ruf, Darin",R,R,7,98.9,22.75,0.3665,0.45714285714285713,0.37775000000000003,0
573262,"Yastrzemski, Mike",L,R,7,88.225,42,0.06425,0.09999999999999999,0.062,0
575929,"Contreras, Willson",R,R,9,99.35,32.75,0.39499999999999996,0.3333333333333333,0.62325,0
578428,"Iglesias, José",R,L,2,89.1,-9,0.151,0.35,0.142,0
578428,"Iglesias, José",R,R,5,94.10000000000001,-6.333333333333333,0.317,0.18,0.308,0
592178,"Bryant, Kris",R,L,5,79.725,-7.25,0.1335,0.18,0.1305,0
592178,"Bryant, Kris",R,R,9,83.58333333333333,29.5,0.4215,0.4166666666666667,0.5246666666666667,0.1111111111111111
592192,"Canha, Mark",R,L,2,NA,NA,NA,0.35,NA,0
592192,"Canha, Mark",R,R,11,84.02857142857142,13.428571428571429,0.7167142857142857,0.7,0.6827142857142857,0
592200,"Casali, Curt",R,L,2,83.7,56,0.026,0,0.028,0
592200,"Casali, Curt",R,R,1,NA,NA,NA,0,NA,0
592206,"Castellanos, Nick",R,L,4,84.53333333333333,23,0.341,0.5,0.6583333333333333,0.75
592206,"Castellanos, Nick",R,R,8,96.725,19,0.452,0.15625,0.636,0.125
592273,"Drury, Brandon",R,L,3,71.65,36.5,0.17700000000000002,0.3,0.16649999999999998,0
592273,"Drury, Brandon",R,R,2,95.8,29,0.214,1,0.347,1.5
592325,"Gamel, Ben",L,L,3,75.55,23.5,0.6125,0.5333333333333333,0.5775,0
592325,"Gamel, Ben",L,R,7,94.96,19,0.2592,0.2785714285714286,0.3278,0.14285714285714285
592348,"Goodrum, Niko",L,R,5,78.76666666666667,-6.333333333333333,0.25233333333333335,0,0.4056666666666667,0
592348,"Goodrum, Niko",R,L,3,88.30000000000001,25,0.246,0,0.229,0
592450,"Judge, Aaron",R,L,1,NA,NA,NA,0,NA,0
592450,"Judge, Aaron",R,R,13,94.66,11.7,0.3931,0.3576923076923077,0.4904,0.07692307692307693
592518,"Machado, Manny",R,L,3,74.2,19,0.083,0.2333333333333333,0.0915,0
592518,"Machado, Manny",R,R,15,92.92,15.6,0.2664,0.3333333333333333,0.2534,0.13333333333333333
592567,"Moran, Colin",L,L,1,73.3,11,0.28,0,0.252,0
592567,"Moran, Colin",L,R,3,88.1,3,0.323,0.5333333333333333,0.291,0
592626,"Pederson, Joc",L,L,1,NA,NA,NA,0,NA,0
592626,"Pederson, Joc",L,R,5,102.7,-2.3333333333333335,0.56466666666666665,0.32,0.538,0
592663,"Realmuto, J.T.",R,L,6,73.3,3.75,0.105,0.11666666666666665,0.1145,0
592663,"Realmuto, J.T.",R,R,4,100.33333333333333,15,0.25366666666666665,0.225,0.2316666666666667,0
592669,"Renfroe, Hunter",R,L,2,68.35,-53,0.14550000000000002,0,0.131,0
592669,"Renfroe, Hunter",R,R,10,80.86,23.2,0.2046,0.22999999999999998,0.22340000000000002,0
592696,"Rosario, Eddie",L,L,4,82.5,-9.666666666666666,0.283,0.175,0.27199999999999996,0
592696,"Rosario, Eddie",L,R,12,87.36666666666667,13.333333333333334,0.22833333333333333,0.13333333333333333,0.23844444444444446,0
592885,"Yelich, Christian",L,L,2,110.3,-1,0.477,0.45,0.429,0
592885,"Yelich, Christian",L,R,11,97.26,9,0.271,0.45,0.306,0.09090909090909091
593160,"Merrifield, Whit",R,R,12,86.69,28,0.2628,0.075,0.2771,0
593428,"Bogaerts, Xander",R,L,2,86.69999999999999,25,0.2015,0.45,0.1945,0
593428,"Bogaerts, Xander",R,R,11,85.88,4.4,0.4656,0.40454545454545454,0.492,0.09090909090909091
593643,"Alberto, Hanser",R,L,1,67.9,49,0.163,0,0.147,0
593871,"Polanco, Jorge",L,R,6,100.76666666666667,24,0.35033333333333333,0.3333333333333333,0.616,0.5
593871,"Polanco, Jorge",R,L,6,88.35,25.75,0.25375000000000003,0.26666666666666666,0.2375,0
593934,"Sanó, Miguel",R,L,5,94.2,35.5,0.316,0.27999999999999997,0.4445,0
593934,"Sanó, Miguel",R,R,7,85.775,55,0.288,0,0.37025,0
594777,"Calhoun, Kole",L,R,7,92.8,20,0.23425,0.32857142857142857,0.24525000000000002,0
594807,"Duvall, Adam",R,L,2,103.8,36,0.551,0.975,1.103,0.5
594807,"Duvall, Adam",R,R,14,91.37142857142857,42.57142857142857,0.14185714285714285,0.11428571428571428,0.17257142857142857,0
595281,"Kiermaier, Kevin",L,L,3,82,-5,0.1815,0,0.1815,0
595281,"Kiermaier, Kevin",L,R,3,101.9,8.666666666666666,0.6086666666666667,0.4166666666666667,0.6116666666666667,0.3333333333333333
595751,"Alfaro, Jorge",R,L,2,105.6,24,0.891,1,1.694,1.5
595751,"Alfaro, Jorge",R,R,7,91.425,25,0.47150000000000003,0.30714285714285716,0.46175,0.14285714285714285
595777,"Profar, Jurickson",L,R,7,75.72500000000001,18.5,0.47875,0.45714285714285713,0.46825,0
595777,"Profar, Jurickson",R,L,6,98.5,31.75,0.53125,0.7833333333333333,0.8270000000000001,1
595879,"Báez, Javier",R,L,1,87.9,17,0.871,0.9,0.829,0
595879,"Báez, Javier",R,R,11,93.025,21,0.261875,0.24545454545454545,0.342625,0
595978,"Hedges, Austin",R,L,1,79.7,30,0.1,0,0.09,0
595978,"Hedges, Austin",R,R,6,73.13333333333334,38.666666666666664,0.08866666666666667,0,0.08299999999999999,0
596019,"Lindor, Francisco",L,R,14,92.38571428571429,0.8571428571428571,0.3852857142857143,0.5464285714285714,0.48300000000000004,0.2857142857142857
596019,"Lindor, Francisco",R,L,3,93.7,36,0.083,0,0.139,0
596059,"Odor, Rougned",L,L,1,NA,NA,NA,0,NA,0
596059,"Odor, Rougned",L,R,8,85.08333333333333,45.666666666666664,0.049,0.1125,0.05433333333333333,0
596103,"Slater, Austin",R,L,5,84.7,-9.666666666666666,0.44566666666666666,0.18,0.432,0
596103,"Slater, Austin",R,R,3,81.3,-10,0.294,0.7166666666666667,0.301,0.3333333333333333
596115,"Story, Trevor",R,L,2,91.8,43,0,0,0,0
596115,"Story, Trevor",R,R,7,80.7,27,0.1498,0.2785714285714286,0.1448,0.14285714285714285
596117,"Stubbs, Garrett",L,R,2,54.75,-8.5,0.273,0.45,0.274,0
596129,"Vogelbach, Daniel",L,R,6,82.5,-11.25,0.11,0.15,0.1095,0
596142,"Sanchez, Gary",R,L,4,95.4,33.75,0.28475,0.5,0.529,0.75
596142,"Sanchez, Gary",R,R,4,104.35,29,0.4885,0.3125,0.762,0.25
596146,"Kepler, Max",L,L,5,98.86666666666666,14.666666666666666,0.21166666666666667,0.27999999999999997,0.24466666666666667,0
596146,"Kepler, Max",L,R,6,92.425,-6.5,0.31525000000000003,0.3333333333333333,0.45325,0.5
596748,"Franco, Maikel",R,R,13,91.7,9.333333333333334,0.21044444444444446,0.06923076923076923,0.2321111111111111,0
596847,"Choi, Ji-Man",L,L,2,101.2,12,0.917,0.625,0.903,0.5
596847,"Choi, Ji-Man",L,R,7,100.83333333333333,5,0.5586666666666666,0.5571428571428572,0.5376666666666667,0
598265,"Bradley Jr., Jackie",L,L,2,103.9,22,0.743,0,1.172,0
598265,"Bradley Jr., Jackie",L,R,5,86.725,20.75,0.07200000000000001,0.13999999999999999,0.06875,0
600869,"Candelario, Jeimer",L,R,11,92.63333333333334,18.333333333333332,0.342,0.19545454545454546,0.4411111111111111,0.09090909090909091
600869,"Candelario, Jeimer",R,L,2,NA,NA,NA,0.35,NA,0
602074,"Daza, Yonathan",R,L,1,98.9,16,0.586,0.9,0.578,0
602074,"Daza, Yonathan",R,R,3,81.56666666666666,11.666666666666666,0.085,0.3,0.082,0
602104,"Urías, Ramón",R,L,3,98.93333333333334,21,0.5539999999999999,0.7166666666666667,0.6863333333333334,0.3333333333333333
602104,"Urías, Ramón",R,R,8,90.66,-10.4,0.2776,0.15625,0.3728,0.125
605119,"Anderson, Brian",R,L,6,99.575,23.75,0.56225,0.35833333333333334,0.86725,0.16666666666666666
605119,"Anderson, Brian",R,R,3,78.15,30.5,0.423,0.3,0.435,0
605131,"Barnes, Austin",R,R,3,90,28,0.79,0.9666666666666667,1.2885,1
605137,"Bell, Josh",L,R,15,83.67272727272727,15,0.43627272727272726,0.4066666666666667,0.5232727272727273,0.2
605137,"Bell, Josh",R,L,1,NA,NA,NA,0.7,NA,0
605141,"Betts, Mookie",R,L,5,95.7,18,0.437,0.39,0.471,0.2
605141,"Betts, Mookie",R,R,9,87.225,23.375,0.31775,0.2,0.33387500000000003,0
605170,"Caratini, Victor",L,R,2,104.2,13,0.84,0.625,0.865,0.5
605170,"Caratini, Victor",R,L,2,96.4,-24,0.089,0,0.08,0
605204,"Davis, J.D.",R,L,2,100.3,8,0.671,0.35,0.622,0
605204,"Davis, J.D.",R,R,4,92.16666666666667,10.666666666666666,0.4573333333333333,0.3125,0.6383333333333333,0.25
605244,"Garcia, Aramis",R,R,2,NA,NA,NA,0,NA,0
605612,"Castro, Harold",L,L,1,NA,NA,NA,0,NA,0
606115,"Arcia, Orlando",R,L,1,89.5,41,0.011,0,0.015,0
606115,"Arcia, Orlando",R,R,3,96.1,13,0.4,0.3,0.5055,0
606132,"Tapia, Raimel",L,L,2,72.19999999999999,-25.5,0.1515,0,0.1405,0
606132,"Tapia, Raimel",L,R,6,83.18333333333334,-5.5,0.20416666666666666,0.19166666666666668,0.19416666666666668,0
606157,"Aquino, Aristides",R,L,5,80.13333333333333,57,0.262,0.18,0.23866666666666667,0
606157,"Aquino, Aristides",R,R,2,NA,NA,NA,0,NA,0
606192,"Hernández, Teoscar",R,L,1,NA,NA,NA,0,NA,0
606192,"Hernández, Teoscar",R,R,11,104.53333333333333,1.3333333333333333,0.5106666666666666,0.5181818181818182,0.8280000000000001,0.2727272727272727
606466,"Marte, Ketel",L,R,12,91.1375,10.875,0.25925,0.2375,0.253,0.08333333333333333
606466,"Marte, Ketel",R,L,4,101.86666666666667,7.333333333333333,0.46399999999999997,0,0.5383333333333333,0
606992,"Haase, Eric",R,L,3,54.6,3,0.134,0,0.121,0
606992,"Haase, Eric",R,R,4,95.8,20,0.49749999999999994,0.85,0.7815000000000001,0.75
607043,"Nimmo, Brandon",L,L,1,NA,NA,NA,0,NA,0
607043,"Nimmo, Brandon",L,R,14,97.23333333333333,10.11111111111111,0.4285555555555556,0.3821428571428572,0.5315555555555556,0.21428571428571427
607054,"Peterson, Jace",L,R,4,90.39999999999999,-7.333333333333333,0.15033333333333335,0.175,0.162,0
607208,"Turner, Trea",R,L,3,85.5,26.5,0.304,0,0.3215,0
607208,"Turner, Trea",R,R,10,88.675,-11.125,0.301875,0.27,0.28250000000000003,0
607461,"Beaty, Matt",L,R,4,75.36666666666666,-21.333333333333332,0.21233333333333335,0,0.20466666666666666,0
607732,"Stallings, Jacob",R,L,4,78.05,-34,0.21150000000000002,0,0.195,0
607732,"Stallings, Jacob",R,R,5,83.825,22.75,0.45225,0.58,0.6115,0.6
608070,"Ramírez, José",L,R,12,92.05555555555556,23.444444444444443,0.40055555555555555,0.5083333333333333,0.5068888888888889,0.4166666666666667
608070,"Ramírez, José",R,L,1,95.9,19,0.311,0.9,0.32,0
608324,"Bregman, Alex",R,L,5,82.475,10,0.2145,0,0.20325000000000001,0
608324,"Bregman, Alex",R,R,9,87.82222222222222,21.444444444444443,0.3562222222222222,0.8444444444444444,0.3888888888888889,0.6666666666666666
608336,"Gallo, Joey",L,L,5,88.8,18,0.18666666666666668,0.13999999999999999,0.269,0
608336,"Gallo, Joey",L,R,8,111.7,31,0.663,0.2875,1.2326666666666666,0
608348,"Kelly, Carson",R,L,5,99.2,0,0.46366666666666667,0,0.45333333333333337,0
608348,"Kelly, Carson",R,R,7,90.475,8.25,0.15375,0.09999999999999999,0.14200000000000002,0
608369,"Seager, Corey",L,L,4,94.275,12,0.26,0.5375,0.28525,0.25
608369,"Seager, Corey",L,R,10,87.9875,16.875,0.40075,0.43,0.392625,0
608385,"Winker, Jesse",L,L,3,86.76666666666667,40.333333333333336,0.16366666666666668,0,0.16566666666666666,0
608385,"Winker, Jesse",L,R,11,91.38571428571429,23.857142857142858,0.422,0.41818181818181815,0.4215714285714286,0
608596,"Murphy, Tom",R,R,4,105.35,10.5,0.63,0.9,1.1304999999999998,0.75
608671,"Jankowski, Travis",L,R,5,89.86666666666667,8,0.5873333333333334,0.5,0.5706666666666667,0
608686,"Mayfield, Jack",R,R,6,89.02,32.2,0.5004,0.6916666666666667,0.6448,0.6666666666666666
608700,"Plawecki, Kevin",R,L,3,78.1,-45,0.114,0,0.103,0
608700,"Plawecki, Kevin",R,R,1,100,-17,0.149,0,0.134,0
609275,"Mondesi, Adalberto",L,R,11,93.04,22.8,0.3736,0.14545454545454545,0.46,0
614177,"Reyes, Franmil",R,L,2,82.6,70,0.006,0,0.005,0
614177,"Reyes, Franmil",R,R,12,92.57142857142857,15.857142857142858,0.2742857142857143,0.225,0.2652857142857143,0
620443,"Torrens, Luis",R,R,4,66.80000000000001,-4,0.41000000000000003,0.4,0.37,0
621020,"Swanson, Dansby",R,L,2,NA,NA,NA,0.35,NA,0
621020,"Swanson, Dansby",R,R,13,92.95,19.75,0.475,0.27307692307692305,0.59725,0.07692307692307693
621028,"Newman, Kevin",R,L,2,100.4,13,0.891,0.625,0.878,0.5
621028,"Newman, Kevin",R,R,11,79.25555555555556,6.222222222222222,0.2678888888888889,0.2590909090909091,0.28444444444444444,0.09090909090909091
621035,"Taylor, Chris",R,L,4,75.83333333333333,4.333333333333333,0.35633333333333334,0.5375,0.4663333333333333,0.25
621035,"Taylor, Chris",R,R,4,94.775,33.25,0.353,0.5375,0.45175000000000004,0.25
621043,"Correa, Carlos",R,L,7,87.875,4.25,0.348,0.1285714285714286,0.347,0
621043,"Correa, Carlos",R,R,6,92.66666666666667,14.666666666666666,0.6083333333333333,0.45,0.9979999999999999,0.5
621433,"Phillips, Brett",L,L,2,83.2,14,0.803,0,0.763,0
621433,"Phillips, Brett",L,R,3,88.85,-1,0.264,0.3,0.252,0
621438,"Taylor, Tyrone",R,L,3,98.9,-22,0.129,0.2333333333333333,0.116,0
621438,"Taylor, Tyrone",R,R,2,92.05000000000001,18,0.0845,0,0.09,0
621439,"Buxton, Byron",R,L,6,100.625,10.25,0.51725,0.6666666666666666,0.778,1
621439,"Buxton, Byron",R,R,7,98.4,50.25,0.24075,0.38571428571428573,0.48525,0.42857142857142855
621453,"Duggar, Steven",L,R,7,92.075,8.25,0.1505,0.17857142857142858,0.20125,0.14285714285714285
621458,"Ríos, Edwin",L,R,4,77.9,-10,0.353,0.225,0.33049999999999996,0
621466,"Stewart, DJ",L,R,3,79.3,48,0.054,0,0.056,0
621512,"Nido, Tomás",R,R,8,67.88333333333334,6.666666666666667,0.191,0.25625,0.18666666666666668,0
621532,"Bemboom, Anthony",L,R,2,66.7,47,0.24,0,0.236,0
621550,"Wisdom, Patrick",R,L,4,91.75,-24.5,0.15150000000000002,0.225,0.14,0
621550,"Wisdom, Patrick",R,R,7,99.17999999999999,30.8,0.1636,0.1285714285714286,0.2792,0
621563,"Wendle, Joey",L,L,1,NA,NA,NA,0,NA,0
621563,"Wendle, Joey",L,R,7,92.56666666666666,-7.666666666666667,0.30333333333333334,0.4857142857142857,0.2816666666666667,0
621566,"Olson, Matt",L,L,3,102.8,15.5,0.7555000000000001,0.7166666666666667,0.813,0.3333333333333333
621566,"Olson, Matt",L,R,14,96.32222222222222,21,0.6155555555555555,0.6392857142857142,0.7593333333333333,0.2857142857142857
622110,"Duffy, Matt",R,L,3,80.63333333333333,-27,0.12566666666666668,0.6,0.12,0
622110,"Duffy, Matt",R,R,4,92.1,-6.5,0.1985,0.4,0.184,0
622534,"Margot, Manuel",R,L,3,89.85,16,0.9215,0.8333333333333334,0.9075,0
622534,"Margot, Manuel",R,R,3,86.26666666666667,1.3333333333333333,0.179,0.3,0.18933333333333333,0
622666,"Camargo, Johan",L,R,3,86.2,17,0.929,0.5333333333333333,0.893,0
622682,"Reyes, Victor",L,R,2,94.65,13.5,0.5985,0.8,1.076,1
622682,"Reyes, Victor",R,L,1,NA,NA,NA,0.7,NA,0
622761,"Mateo, Jorge",R,L,4,89.25,-1,0.304,0.575,0.27899999999999997,0
622761,"Mateo, Jorge",R,R,8,90.7,30.333333333333332,0.096,0.24375,0.11233333333333334,0.125
623912,"Ramírez, Harold",R,L,3,86.19999999999999,-37.5,0.2485,0.3,0.2295,0
623912,"Ramírez, Harold",R,R,4,94.525,-0.75,0.195,0.5375,0.1875,0.25
623993,"Santander, Anthony",L,R,7,84.925,37.5,0.46649999999999997,0.7142857142857143,0.6665,0.42857142857142855
623993,"Santander, Anthony",R,L,4,95.96666666666667,30.666666666666668,0.3636666666666667,0.225,0.42233333333333334,0
624413,"Alonso, Pete",R,L,3,86.43333333333334,44,0.378,0.3,0.3736666666666667,0
624413,"Alonso, Pete",R,R,16,93.45555555555555,10.222222222222221,0.5067777777777778,0.303125,0.627,0.25
624414,"Arroyo, Christian",R,L,4,82.6,9.5,0.3915,0.4,0.399,0
624414,"Arroyo, Christian",R,R,2,62.05,-39.5,0.123,0,0.1105,0
624415,"Biggio, Cavan",L,R,4,95.2,-14,0.169,0.175,0.152,0
624428,"Frazier, Adam",L,L,1,65.4,18,0.503,0,0.453,0
624428,"Frazier, Adam",L,R,14,85.18571428571428,19.5,0.3339285714285714,0.21785714285714286,0.3337857142857143,0.07142857142857142
624431,"Trevino, Jose",R,R,3,86.46666666666667,11,0.29033333333333333,0.3,0.2753333333333333,0
624503,"Gordon, Nick",L,R,3,103.6,6,0.6,0.5333333333333333,0.567,0
624512,"McGuire, Reese",L,L,2,87.7,6,0.429,0.45,0.396,0
624512,"McGuire, Reese",L,R,2,101.7,28,0.694,0,1.332,0
624513,"Nuñez, Dom",L,L,1,NA,NA,NA,0,NA,0
624513,"Nuñez, Dom",L,R,1,NA,NA,NA,0.7,NA,0
624585,"Soler, Jorge",R,L,3,NA,NA,NA,0.2333333333333333,NA,0
624585,"Soler, Jorge",R,R,11,85.12857142857143,-4.285714285714286,0.4064285714285714,0.37272727272727274,0.40185714285714286,0
628338,"Heredia, Guillermo",R,L,1,NA,NA,NA,0,NA,0
628338,"Heredia, Guillermo",R,R,1,100.5,-3,0.303,0,0.273,0
628450,"Hernandez, Yadiel",L,L,2,91.7,14,0.943,0.45,0.92,0
628450,"Hernandez, Yadiel",L,R,6,87.92,6.8,0.2628,0,0.49620000000000003,0
628451,"Ibáñez, Andy",R,L,3,102.65,8,0.5445,0.4166666666666667,0.545,0.3333333333333333
628451,"Ibáñez, Andy",R,R,10,88.45,34.25,0.208875,0.09,0.25975,0
630105,"Cronenworth, Jake",L,L,5,86.63333333333334,35.666666666666664,0.21033333333333332,0.32,0.202,0
630105,"Cronenworth, Jake",L,R,12,90.82000000000001,11.7,0.3124,0.2833333333333333,0.3369,0
640449,"Frazier, Clint",R,L,2,94.9,16,0.666,0.975,0.675,0.5
640449,"Frazier, Clint",R,R,3,43.7,40,0.151,0,0.136,0
640457,"Meadows, Austin",L,L,2,NA,NA,NA,0.35,NA,0
640457,"Meadows, Austin",L,R,10,95.02857142857142,20.857142857142858,0.43985714285714284,0.5700000000000001,0.5322857142857143,0.2
640458,"Mercado, Oscar",R,L,2,97.8,42,0.043,0,0.067,0
640458,"Mercado, Oscar",R,R,9,86.55,14.75,0.215,0.4,0.30175,0.5555555555555556
640461,"Pinder, Chad",R,L,1,NA,NA,NA,0,NA,0
640461,"Pinder, Chad",R,R,8,92,7.25,0.47625,0.3625,0.60825,0.375
640492,"Azocar, José",R,L,1,NA,NA,NA,0,NA,0
640492,"Azocar, José",R,R,1,91.3,5,0.429,0.9,0.403,0
641313,"Anderson, Tim",R,L,3,95.5,21.333333333333332,0.5076666666666667,0.7166666666666667,0.5233333333333333,0.3333333333333333
641313,"Anderson, Tim",R,R,2,97.4,21,0.254,0.625,0.311,0.5
641355,"Bellinger, Cody",L,L,4,61.05,5.5,0.10450000000000001,0.175,0.094,0
641355,"Bellinger, Cody",L,R,8,83.73333333333333,13.333333333333334,0.188,0.225,0.1875,0
641432,"Calhoun, Willie",L,L,1,99.2,21,0.323,0,0.406,0
641432,"Calhoun, Willie",L,R,7,85,40.714285714285715,0.20557142857142857,0,0.20585714285714285,0
641487,"Crawford, J.P.",L,L,1,NA,NA,NA,0,NA,0
641487,"Crawford, J.P.",L,R,10,80.31428571428572,-3,0.3494285714285714,0.515,0.3708571428571429,0.1
641531,"Dozier, Hunter",R,R,11,85.88888888888889,10.333333333333334,0.32766666666666666,0.32727272727272727,0.359,0
641553,"Engel, Adam",R,L,2,94.15,21,0.41300000000000003,0.625,0.3965,0.5
641553,"Engel, Adam",R,R,4,99.94999999999999,-11,0.32449999999999996,0.225,0.303,0
641584,"Fraley, Jake",L,L,3,82.86666666666667,-7.666666666666667,0.361,0,0.3516666666666667,0
641584,"Fraley, Jake",L,R,7,86,24.333333333333332,0.5153333333333333,0.22857142857142856,0.48866666666666664,0
641598,"Garver, Mitch",R,L,4,93.86666666666666,0,0.4096666666666667,0.675,0.737,0.75
641598,"Garver, Mitch",R,R,7,82.325,6.5,0.39925,0.22857142857142856,0.40275,0
641645,"Guillorme, Luis",L,R,6,93.5,21.25,0.30275,0.11666666666666665,0.32275,0
641658,"Hampson, Garrett",R,L,2,90.7,32,0.054,0.35,0.084,0
641658,"Hampson, Garrett",R,R,2,84.25,9,0.08549999999999999,0,0.0855,0
641680,"Heim, Jonah",L,R,6,98.64,10.8,0.43160000000000004,0.26666666666666666,0.4474,0
641680,"Heim, Jonah",R,L,3,103.75,14.5,0.41600000000000004,1.2,0.61,1
641684,"Hermosillo, Michael",R,L,2,85.9,23,0.28,0.35,0.261,0
641684,"Hermosillo, Michael",R,R,1,NA,NA,NA,0,NA,0
641820,"Mancini, Trey",R,L,4,91.44999999999999,6,0.4075,0.3125,0.5105,0.25
641820,"Mancini, Trey",R,R,8,91.12,1.2,0.3924,0.35625,0.365,0.125
641856,"McKinney, Billy",L,L,1,101.2,31,0.56,2,1.081,3
641856,"McKinney, Billy",L,R,5,78.03333333333333,25,0.20466666666666666,0,0.18433333333333332,0
641857,"McMahon, Ryan",L,L,3,86.55000000000001,12.5,0.1045,0.5333333333333333,0.136,0
641857,"McMahon, Ryan",L,R,9,93.06,4.4,0.324,0.37777777777777777,0.3716,0.2222222222222222
641914,"Neuse, Sheldon",R,L,1,82.9,-7,0.126,0,0.121,0
641933,"O'Neill, Tyler",R,L,1,86.8,43,0.011,0,0.015,0
641933,"O'Neill, Tyler",R,R,12,87.25555555555556,0.7777777777777778,0.29988888888888887,0.35833333333333334,0.4052222222222222,0.25
642086,"Smith, Dominic",L,R,9,95.2,17,0.417,0.25555555555555554,0.487,0
642133,"Tellez, Rowdy",L,R,8,89.74000000000001,3,0.5658,0.5625,0.739,0.375
642165,"VanMeter, Josh",L,R,4,74.4,4,0.08,0.175,0.072,0
642180,"Wade, Tyler",L,R,10,64.3875,-9.75,0.280875,0.23,0.276125,0
642201,"White, Eli",R,L,1,NA,NA,NA,0,NA,0
642336,"Mejía, Francisco",L,R,3,97.13333333333333,20,0.5383333333333333,0.9666666666666667,0.68966666666666665,1
642336,"Mejía, Francisco",R,L,2,67.8,-38,0.1575,0,0.1415,0
642350,"Siri, Jose",R,L,4,101,-1,0.4,0.35,0.376,0
642350,"Siri, Jose",R,R,5,80.24,12.8,0.355,0.54,0.3432,0
642708,"Rosario, Amed",R,L,2,76.8,19,0.176,0.45,0.167,0
642708,"Rosario, Amed",R,R,11,93.45454545454545,9.636363636363637,0.46799999999999997,0.4727272727272727,0.4749090909090909,0.18181818181818182
642715,"Adames, Willy",R,L,3,105.2,8,0.613,0.3,0.624,0
642715,"Adames, Willy",R,R,10,92.17999999999999,14,0.445,0.485,0.6938,0.4
642721,"Gutiérrez, Kelvin",R,L,4,68.2,-53,0.251,0,0.25,0
642727,"Alcántara, Sergio",L,R,4,85.56666666666666,25,0.2336666666666667,0.3125,0.238,0.25
642731,"Estrada, Thairo",R,L,2,73,-36.5,0.223,0,0.203,0
642731,"Estrada, Thairo",R,R,8,95.48333333333333,19,0.4185,0.45,0.5815,0.375
643217,"Benintendi, Andrew",L,L,1,84.5,22,0.471,0.9,0.458,0
643217,"Benintendi, Andrew",L,R,10,86.95,0.625,0.268875,0.43,0.272875,0
643265,"Cooper, Garrett",R,L,3,65,35,0.709,0.3,0.661,0
643265,"Cooper, Garrett",R,R,9,78.52857142857142,-5,0.45585714285714285,0.2777777777777778,0.5108571428571429,0
643289,"Dubón, Mauricio",R,L,3,96.46666666666667,10,0.24566666666666667,0.4166666666666667,0.261,0.3333333333333333
643289,"Dubón, Mauricio",R,R,2,68.15,58.5,0.0415,0,0.048,0
643376,"Jansen, Danny",R,L,3,85.9,-9.666666666666666,0.2885,0.4166666666666667,0.49250000000000005,0.3333333333333333
643376,"Jansen, Danny",R,R,5,100.425,21.5,0.3545,1.12,0.6475,1.2
643393,"Kemp, Tony",L,L,3,68.73333333333333,-1.6666666666666667,0.3333333333333333,0.6,0.32266666666666666,0
643393,"Kemp, Tony",L,R,10,88.4625,-1.125,0.27575,0.25,0.28462499999999996,0
643396,"Kiner-Falefa, Isiah",R,R,12,90.15,-2.25,0.26575,0.1625,0.274,0.08333333333333333
643446,"McNeil, Jeff",L,L,2,94.7,-1,0.357,0.45,0.356,0
643446,"McNeil, Jeff",L,R,16,84.26428571428572,17.5,0.28800000000000003,0.49375,0.3387857142857143,0.1875
643524,"Schwindel, Frank",R,L,2,101.8,-13,0.237,0,0.213,0
643524,"Schwindel, Frank",R,R,9,87.56666666666666,2.1666666666666665,0.18383333333333335,0.2777777777777778,0.175,0
644374,"Chang, Yu",R,L,2,NA,NA,NA,0,NA,0
644374,"Chang, Yu",R,R,5,101.5,36.5,0.41100000000000003,0,0.8250000000000001,0
645277,"Albies, Ozzie",L,R,15,86.95,11.75,0.15575,0.24666666666666665,0.173375,0
645277,"Albies, Ozzie",R,L,2,100.7,17,0.423,0,0.432,0
645302,"Robles, Victor",R,L,1,86.1,-3,0.171,0,0.154,0
645302,"Robles, Victor",R,R,8,55.45,2,0.33149999999999996,0.03125,0.31625000000000003,0
645444,"Herrera, Jose",L,R,3,83.2,14.5,0.2555,0,0.2595,0
646240,"Devers, Rafael",L,L,3,76.25,9.5,0.46900000000000003,0.3,0.439,0
646240,"Devers, Rafael",L,R,9,94.64285714285714,20,0.27,0.3611111111111111,0.397,0.4444444444444444
647351,"Toro, Abraham",L,R,3,77.65,-9,0.11299999999999999,0,0.1015,0
647351,"Toro, Abraham",R,L,1,70.1,13,0.369,0,0.332,0
649557,"Díaz, Aledmys",R,L,5,85.30000000000001,15.5,0.32725,0.72,0.5465,0.6
649557,"Díaz, Aledmys",R,R,8,79.08333333333333,17,0.223,0.1125,0.21966666666666665,0
650333,"Arraez, Luis",L,R,5,83.48,28.6,0.2394,0.58,0.26940000000000003,0.6
650391,"Jiménez, Eloy",R,L,4,99.8,25.333333333333332,0.149,0.4,0.20866666666666667,0
650391,"Jiménez, Eloy",R,R,9,89.08888888888889,-0.8888888888888888,0.2091111111111111,0.2,0.20922222222222223,0
650402,"Torres, Gleyber",R,L,1,85.9,25,0.14,0,0.134,0
650402,"Torres, Gleyber",R,R,7,92.08,38,0.23179999999999998,0.2785714285714286,0.4048,0.14285714285714285
650490,"Díaz, Yandy",R,L,4,95.76666666666667,40.333333333333336,0.30933333333333335,0.4,0.316,0
650490,"Díaz, Yandy",R,R,4,78.3,-21,0.29133333333333333,0.175,0.2803333333333333,0
656180,"Adams, Riley",R,L,1,NA,NA,NA,0,NA,0
656180,"Adams, Riley",R,R,2,100.9,19,0.38,0,0.436,0
656252,"Bradley, Bobby",L,R,4,79.9,-11.333333333333334,0.26633333333333337,0,0.292,0
656305,"Chapman, Matt",R,L,1,NA,NA,NA,0,NA,0
656305,"Chapman, Matt",R,R,11,86.34,33.4,0.4012,0.39090909090909093,0.5619999999999999,0.2727272727272727
656308,"Chavis, Michael",R,L,4,102.25,16.25,0.40575,0.725,0.5505,0.75
656308,"Chavis, Michael",R,R,4,90.19999999999999,-6.5,0.41700000000000004,0.6625,0.41950000000000004,0.25
656403,"Ellis, Drew",R,L,2,NA,NA,NA,0,NA,0
656403,"Ellis, Drew",R,R,6,91.4,11.75,0.28925,0.15,0.286,0
656541,"Hilliard, Sam",L,L,2,84.55000000000001,23.5,0.037,0,0.039,0
656541,"Hilliard, Sam",L,R,2,103,11,0.894,0.45,0.874,0
656555,"Hoskins, Rhys",R,L,3,101.9,27,0.5545,1.0833333333333333,0.94,1.3333333333333333
656555,"Hoskins, Rhys",R,R,9,92.85,16.25,0.6815,0.43333333333333335,0.69325,0
656582,"Joe, Connor",R,L,4,87.63333333333334,24.666666666666668,0.5313333333333333,0.225,0.5093333333333333,0
656582,"Joe, Connor",R,R,9,87.11666666666667,2.8333333333333335,0.35583333333333333,0.47777777777777775,0.47450000000000003,0.3333333333333333
656775,"Mullins, Cedric",L,L,8,94.1,5,0.403,0.2,0.363,0
656775,"Mullins, Cedric",L,R,5,99.06666666666666,26.666666666666668,0.48600000000000004,0.32,0.46266666666666667,0
656811,"O'Hearn, Ryan",L,L,1,94.2,-9,0.214,0,0.208,0
656811,"O'Hearn, Ryan",L,R,2,96.85,27,0.2685,0,0.258,0
656941,"Schwarber, Kyle",L,L,7,91.75,17.75,0.31625000000000003,0.32857142857142857,0.2935,0
656941,"Schwarber, Kyle",L,R,6,81.48,7.4,0.3166,0.45,0.5514,0.5
656976,"Smith, Pavin",L,L,4,81.5,49.333333333333336,0.199,0.225,0.198,0
656976,"Smith, Pavin",L,R,6,91.8,27,0.22966666666666666,0.2333333333333333,0.31466666666666665,0
657041,"Thomas, Lane",R,R,8,95.03333333333333,10.333333333333334,0.09733333333333334,0.2,0.088,0
657061,"Tucker, Cole",L,R,7,83.52,6,0.21580000000000002,0,0.2004,0
657077,"Verdugo, Alex",L,L,5,85.3,3,0.349,0.32,0.3335,0
657077,"Verdugo, Alex",L,R,8,94.78333333333333,-0.6666666666666666,0.4575,0.675,0.5936666666666667,0.375
657557,"DeJong, Paul",R,L,1,NA,NA,NA,0,NA,0
657557,"DeJong, Paul",R,R,11,92.28571428571428,30,0.2661428571428571,0.39090909090909093,0.34800000000000003,0.2727272727272727
657757,"Sheets, Gavin",L,R,4,93.125,32.25,0.2715,0,0.35425,0
658668,"Olivares, Edward",R,R,2,94.5,19,0.349,0,0.367,0
660271,"Ohtani, Shohei",L,L,3,89.80000000000001,8.5,0.0855,0,0.08499999999999999,0
660271,"Ohtani, Shohei",L,R,14,93.37,24.8,0.3111,0.15357142857142858,0.3796,0.07142857142857142
660294,"Tsutsugo, Yoshi",L,L,3,98.2,12,0.906,0.3,0.873,0
660294,"Tsutsugo, Yoshi",L,R,10,90.0375,13.75,0.314375,0.27,0.306125,0
660620,"Araúz, Jonathan",L,R,1,84.8,30,0.069,0,0.092,0
660620,"Araúz, Jonathan",R,L,2,80.75,42,0.3845,0,0.408,0
660636,"Castillo, Diego",R,L,3,85.85,18,0.47,0.7166666666666667,0.46950000000000003,0.3333333333333333
660636,"Castillo, Diego",R,R,6,93.24,6,0.4262,0.3,0.4668,0
660688,"Ruiz, Keibert",L,R,10,93.13333333333333,20.333333333333332,0.39366666666666666,0.395,0.4831111111111111,0.1
660688,"Ruiz, Keibert",R,L,1,NA,NA,NA,0,NA,0
660821,"Sánchez, Jesús",L,L,6,84.76666666666667,25.666666666666668,0.6263333333333334,0.15,0.604,0
660821,"Sánchez, Jesús",L,R,7,99.2,-8.8,0.4096,0.35714285714285715,0.3884,0
660829,"Park, Hoy",L,L,1,NA,NA,NA,0,NA,0
660829,"Park, Hoy",L,R,2,50.150000000000006,-27.5,0.13,0.45,0.1335,0
661388,"Contreras, William",R,L,1,NA,NA,NA,0,NA,0
661388,"Contreras, William",R,R,3,79,88,0.009,0,0.008,0
662139,"Varsho, Daulton",L,L,3,76,15.5,0.0355,0.2333333333333333,0.032,0
662139,"Varsho, Daulton",L,R,12,91.81666666666666,4.666666666666667,0.17716666666666667,0.175,0.22366666666666665,0
663538,"Hoerner, Nico",R,L,2,93.8,-26,0.083,0,0.075,0
663538,"Hoerner, Nico",R,R,9,99.3,-3,0.325125,0.32222222222222224,0.34400000000000003,0.3333333333333333
663586,"Riley, Austin",R,L,2,NA,NA,NA,0.7,NA,0
663586,"Riley, Austin",R,R,15,92.33333333333333,8.5,0.38633333333333336,0.55,0.5645,0.26666666666666666
663611,"Madrigal, Nick",R,L,2,93.5,-13.5,0.16899999999999998,0,0.1655,0
663611,"Madrigal, Nick",R,R,11,88.21428571428571,4.142857142857143,0.36528571428571427,0.20909090909090908,0.37585714285714283,0
663624,"Mountcastle, Ryan",R,L,5,94.975,12,0.58725,0.36,0.72275,0
663624,"Mountcastle, Ryan",R,R,7,88.39999999999999,28.571428571428573,0.4092857142857143,0.5428571428571428,0.47085714285714286,0.42857142857142855
663630,"McKenna, Ryan",R,L,1,NA,NA,NA,0,NA,0
663647,"Hayes, Ke'Bryan",R,L,4,97.3,-4.666666666666667,0.34933333333333333,0.45,0.3273333333333333,0
663647,"Hayes, Ke'Bryan",R,R,7,98,20.5,0.30775,0.40714285714285714,0.3145,0.14285714285714285
663656,"Tucker, Kyle",L,L,5,86.72,20.2,0.2252,0,0.2654,0
663656,"Tucker, Kyle",L,R,10,91.94444444444444,17.555555555555557,0.4692222222222222,0.49,0.6808888888888889,0.6
663697,"India, Jonathan",R,L,6,73.86,30.4,0.2464,0.15,0.227,0
663697,"India, Jonathan",R,R,13,83.52222222222223,21.88888888888889,0.25533333333333336,0.26153846153846155,0.2678888888888889,0
663698,"Bart, Joey",R,R,7,92.53333333333333,7.333333333333333,0.5896666666666667,0.4857142857142857,0.9226666666666666,0.42857142857142855
663728,"Raleigh, Cal",L,R,3,38.2,-34,0.24,0.5333333333333333,0.237,0
663728,"Raleigh, Cal",R,L,1,NA,NA,NA,0.7,NA,0
663757,"Grisham, Trent",L,L,5,96.85,32.5,0.21999999999999997,0,0.3855,0
663757,"Grisham, Trent",L,R,14,76.65454545454546,6.2727272727272725,0.325,0.26071428571428573,0.3180909090909091,0
663837,"Vierling, Matt",R,L,4,94.8,28.333333333333332,0.16633333333333333,0,0.19566666666666668,0
663837,"Vierling, Matt",R,R,6,96,13.5,0.46275,0.11666666666666665,0.5137499999999999,0
663845,"Rivas, Alfonso",L,R,2,87.6,15,0.946,0.45,0.89,0
663886,"Stephenson, Tyler",R,L,5,95.125,16.5,0.44725000000000004,0.72,0.6910000000000001,0.6
663886,"Stephenson, Tyler",R,R,8,85.1,2.6666666666666665,0.24733333333333332,0.2,0.24333333333333332,0
663897,"Williams, Luke",R,L,2,77.9,35.5,0.463,0.45,0.432,0
663898,"Rodgers, Brendan",R,L,5,84.8,2.6666666666666665,0.14966666666666667,0.13999999999999999,0.19433333333333333,0
663898,"Rodgers, Brendan",R,R,8,99.58,-2.2,0.41759999999999997,0.225,0.4612,0
663993,"Lowe, Nathaniel",L,L,3,92.2,18.666666666666668,0.48866666666666664,0,0.5443333333333333,0
663993,"Lowe, Nathaniel",L,R,9,94.38571428571429,11.142857142857142,0.39785714285714285,0.5777777777777778,0.38257142857142856,0
664023,"Happ, Ian",L,R,9,90.25,8.166666666666666,0.348,0.6333333333333333,0.41683333333333333,0.2222222222222222
664023,"Happ, Ian",R,L,1,106.7,7,0.637,0.9,0.604,0
664034,"France, Ty",R,L,1,NA,NA,NA,0,NA,0
664034,"France, Ty",R,R,13,94.475,12,0.433625,0.4653846153846154,0.455375,0.07692307692307693
664040,"Lowe, Brandon",L,L,6,97.1,19.25,0.274,0.15,0.301,0
664040,"Lowe, Brandon",L,R,7,96.22,19.6,0.2938,0.38571428571428573,0.5267999999999999,0.42857142857142855
664056,"Bader, Harrison",R,L,2,53.9,21,0.314,0,0.283,0
664056,"Bader, Harrison",R,R,10,85.3,17,0.2575,0.41,0.276375,0.2
664058,"Fletcher, David",R,L,3,77.5,-6.666666666666667,0.2,0,0.186,0
664058,"Fletcher, David",R,R,8,82.5,26.25,0.317375,0.2,0.31625000000000003,0.25
664119,"Allen, Austin",L,L,3,100.7,-8,0.257,0.5333333333333333,0.231,0
664119,"Allen, Austin",L,R,1,NA,NA,NA,0.7,NA,0
664238,"Moore, Dylan",R,R,1,NA,NA,NA,0.7,NA,0
664702,"Straw, Myles",R,L,1,NA,NA,NA,0.7,NA,0
664702,"Straw, Myles",R,R,14,90.7090909090909,10.454545454545455,0.191,0.24285714285714285,0.18281818181818182,0
664728,"Isbel, Kyle",L,L,1,97.5,-49,0.089,0,0.08,0
664761,"Bohm, Alec",R,L,2,98.5,10,0.5429999999999999,1.075,0.647,0.5
664761,"Bohm, Alec",R,R,1,NA,NA,NA,0.7,NA,0
664901,"Mendick, Danny",R,L,2,88.1,24,0.183,0.625,0.202,0.5
664901,"Mendick, Danny",R,R,2,93.85,22,0.21250000000000002,0,0.245,0
664913,"Brown, Seth",L,L,2,82.7,11.5,0.49449999999999994,0.45,0.45199999999999996,0
664913,"Brown, Seth",L,R,8,90.76666666666667,15.333333333333334,0.2275,0.25,0.296,0.375
664983,"McCarthy, Jake",L,R,4,85.39999999999999,-10,0.435,0.225,0.42833333333333334,0
665120,"Walsh, Jared",L,L,3,100.94999999999999,13.5,0.6085,0.3,0.6275,0
665120,"Walsh, Jared",L,R,13,88.675,4.083333333333333,0.372,0.5,0.43375,0.23076923076923078
665161,"Peña, Jeremy",R,L,4,95.925,14.75,0.4795,0.7625,0.534,0.25
665161,"Peña, Jeremy",R,R,13,89.27142857142857,11.285714285714286,0.3685714285714286,0.3730769230769231,0.4552857142857143,0.3076923076923077
665489,"Guerrero Jr., Vladimir",R,L,2,NA,NA,NA,0.35,NA,0
665489,"Guerrero Jr., Vladimir",R,R,10,89.95555555555555,-3,0.5346666666666666,0.56,0.5935555555555555,0.3
665506,"Pache, Cristian",R,L,3,95.13333333333334,30.333333333333332,0.444,0.4166666666666667,0.5136666666666667,0.3333333333333333
665506,"Pache, Cristian",R,R,7,95.85,-3.5,0.42575,0.2571428571428572,0.439,0
665650,"Fox, Lucius",L,R,3,64.1,-23.5,0.2025,0.3,0.1975,0
665742,"Soto, Juan",L,L,2,75.7,-0.5,0.1555,0,0.14400000000000002,0
665742,"Soto, Juan",L,R,14,92.22,25.7,0.4,0.37142857142857144,0.5508000000000001,0.21428571428571427
665862,"Chisholm Jr., Jazz",L,L,1,97.6,-10,0.223,0,0.201,0
665862,"Chisholm Jr., Jazz",L,R,7,95.525,5.5,0.5835,0.6928571428571428,0.911,0.5714285714285714
665926,"Giménez, Andrés",L,L,1,78.7,73,0.009,0,0.009,0
665926,"Giménez, Andrés",L,R,6,85.52,11.2,0.19039999999999999,0.15,0.1822,0
666135,"Kirilloff, Alex",L,L,6,83.25,12.25,0.165,0.15,0.16125,0
666135,"Kirilloff, Alex",L,R,6,92,29,0.15333333333333332,0,0.203,0
666139,"Lowe, Josh",L,L,5,93.43333333333334,20,0.22566666666666665,0.13999999999999999,0.21166666666666667,0
666139,"Lowe, Josh",L,R,7,92.825,11.75,0.393,0.5571428571428572,0.38025,0.2857142857142857
666158,"Lux, Gavin",L,L,3,94.4,27,0.23550000000000001,0.5333333333333333,0.223,0
666158,"Lux, Gavin",L,R,7,82.88333333333333,-10,0.30783333333333335,0.35714285714285715,0.28533333333333333,0
666176,"Adell, Jo",R,L,2,NA,NA,NA,0,NA,0
666176,"Adell, Jo",R,R,7,92.25,-15.5,0.13,0,0.119,0
666179,"Beer, Seth",L,L,2,87.2,-3,0.254,0.45,0.246,0
666179,"Beer, Seth",L,R,7,87.72,39,0.0846,0.2857142857142857,0.1416,0.42857142857142855
666182,"Bichette, Bo",R,L,3,92.2,-7,0.29550000000000004,0.3,0.272,0
666182,"Bichette, Bo",R,R,10,96.8125,8.25,0.527875,0.47000000000000003,0.6441250000000001,0.3
666185,"Carlson, Dylan",L,R,13,90.47777777777777,14.333333333333334,0.31044444444444447,0.38461538461538464,0.30966666666666665,0.15384615384615385
666185,"Carlson, Dylan",R,L,1,NA,NA,NA,0.7,NA,0
666915,"Dalbec, Bobby",R,L,5,93,70,0.017,0.27999999999999997,0.019,0
666915,"Dalbec, Bobby",R,R,8,94.525,4,0.49575,0.45,0.6895,0.375
666969,"García, Adolis",R,L,3,93.15,-28.5,0.1315,0,0.1295,0
666969,"García, Adolis",R,R,10,95.66,24.6,0.3682,0.33999999999999997,0.5274,0.3
666971,"Gurriel Jr., Lourdes",R,L,1,NA,NA,NA,0,NA,0
666971,"Gurriel Jr., Lourdes",R,R,11,90.56,12.9,0.1792,0.19545454545454546,0.1731,0.09090909090909091
668227,"Arozarena, Randy",R,L,4,98.2,-16.666666666666668,0.626,0.45,0.6223333333333333,0
668227,"Arozarena, Randy",R,R,8,89.03999999999999,-15.4,0.2896,0.1125,0.26539999999999997,0
668721,"Henry, Payton",R,R,3,71.5,4,0.169,0,0.161,0
668731,"Baddoo, Akil",L,L,2,87.25,3.5,0.0525,0,0.052,0
668731,"Baddoo, Akil",L,R,5,76.4,10,0.083,0,0.0755,0
668804,"Reynolds, Bryan",L,R,10,92.55,17.5,0.3335,0.18,0.3435,0
668804,"Reynolds, Bryan",R,L,4,98.6,-7,0.45266666666666666,0.225,0.423,0
669016,"Marsh, Brandon",L,L,3,91.15,23.5,0.1755,0,0.203,0
669016,"Marsh, Brandon",L,R,7,92.925,17.25,0.5445,0.5571428571428572,0.528,0
669221,"Murphy, Sean",R,L,3,88.8,-0.5,0.39249999999999996,0,0.368,0
669221,"Murphy, Sean",R,R,10,87.03333333333333,14.666666666666666,0.16999999999999998,0.125,0.164,0.1
669222,"Senzel, Nick",R,L,6,79.43333333333334,19.666666666666668,0.314,0.15,0.29433333333333334,0
669222,"Senzel, Nick",R,R,9,91.03333333333333,20,0.16416666666666668,0.21666666666666667,0.183,0.1111111111111111
669242,"Edman, Tommy",L,R,10,80.92857142857143,-2.5714285714285716,0.23785714285714285,0.32,0.22628571428571428,0
669242,"Edman, Tommy",R,L,1,112.6,20,0.891,2,1.529,3
669256,"Solak, Nick",R,L,2,105.94999999999999,19,0.8554999999999999,1.45,1.356,1.5
669256,"Solak, Nick",R,R,3,76.2,48,0.086,0.4666666666666666,0.077,0
669257,"Smith, Will",R,L,3,97.85,20.5,0.3655,0.3,0.424,0
669257,"Smith, Will",R,R,5,93.5,1.5,0.417,0.27999999999999997,0.391,0
669289,"Espinal, Santiago",R,L,3,90.95,13,0.4525,0.4166666666666667,0.473,0.3333333333333333
669289,"Espinal, Santiago",R,R,5,90.72500000000001,14.25,0.36075,0.25,0.441,0.2
669309,"Perez, Joe",R,R,1,NA,NA,NA,0,NA,0
669374,"Hiura, Keston",R,L,2,91.3,-27,0.074,0,0.067,0
669374,"Hiura, Keston",R,R,2,NA,NA,NA,0.35,NA,0
669394,"Burger, Jake",R,L,3,86.1,33.5,0.1285,0.65,0.151,0.3333333333333333
669394,"Burger, Jake",R,R,5,77.03333333333333,29.666666666666668,0.16866666666666666,0.05,0.25333333333333335,0
669450,"Hummel, Cooper",L,R,6,80.69999999999999,-5,0.3785,0.5666666666666667,0.638,0.5
669450,"Hummel, Cooper",R,L,5,91.925,-4.25,0.292,0,0.27,0
669720,"Hays, Austin",R,L,4,103.25,-0.5,0.5585,0.4875,0.5355,0.25
669720,"Hays, Austin",R,R,8,86.61666666666667,25.5,0.1465,0.0875,0.20383333333333334,0
670032,"Lopez, Nicky",L,R,8,83.16666666666667,-2.1666666666666665,0.28983333333333333,0.5,0.31766666666666665,0.125
670351,"Rojas, Jose",L,L,1,NA,NA,NA,0,NA,0
670351,"Rojas, Jose",L,R,13,91.64444444444445,30.77777777777778,0.352,0.26153846153846155,0.3705555555555556,0.15384615384615385
670541,"Alvarez, Yordan",L,L,6,97.6,11,0.1444,0.11666666666666665,0.152,0
670541,"Alvarez, Yordan",L,R,10,100.2,7.222222222222222,0.3847777777777778,0.395,0.5314444444444445,0.4
670712,"Brosseau, Mike",R,L,4,95.35,33.5,0.3755,0.675,0.7464999999999999,0.75
670712,"Brosseau, Mike",R,R,3,90.2,8.5,0.07250000000000001,0,0.0685,0
670764,"Walls, Taylor",L,R,2,95,33,0.12,0.35,0.215,0
670764,"Walls, Taylor",R,L,2,84.85,-15,0.1515,0.45,0.147,0
671218,"Ramos, Heliot",R,L,2,103.75,5.5,0.6815,0.9,0.6575,0
671218,"Ramos, Heliot",R,R,1,NA,NA,NA,0,NA,0
672284,"Kelenic, Jarred",L,L,3,68.4,76,0.006,0.5333333333333333,0.006,0
672284,"Kelenic, Jarred",L,R,9,83.5,4.4,0.1972,0,0.197,0
672386,"Kirk, Alejandro",R,L,1,94.2,11,0.783,0.9,0.733,0
672386,"Kirk, Alejandro",R,R,7,88.25,20.5,0.26866666666666666,0.1285714285714286,0.3165,0
672695,"Perdomo, Geraldo",L,R,10,88.86666666666666,-14,0.14666666666666667,0.35,0.13933333333333334,0
672695,"Perdomo, Geraldo",R,L,3,87.36666666666666,20.666666666666668,0.239,0.3,0.221,0
673357,"Robert Jr., Luis",R,L,5,94.28,4.4,0.557,0.43,0.5988,0.2
673357,"Robert Jr., Luis",R,R,8,90.05,13.5,0.35825,0.3375,0.447625,0
673490,"Kim, Ha-Seong",R,L,5,90.55,39.5,0.1385,0.27999999999999997,0.2705,0
673490,"Kim, Ha-Seong",R,R,3,85.69999999999999,2.5,0.27149999999999996,0.7666666666666667,0.3435,0.6666666666666666
673548,"Suzuki, Seiya",R,L,3,92.9,-25,0.071,0.2333333333333333,0.064,0
673548,"Suzuki, Seiya",R,R,10,91.575,24.5,0.7304999999999999,0.59,1.11125,0.3
675656,"Smith, Kevin",R,L,4,97.9,14,0.1855,0,0.2365,0
675656,"Smith, Kevin",R,R,7,86.43333333333334,25.666666666666668,0.06933333333333333,0,0.10333333333333333,0
676391,"Clement, Ernie",R,L,3,93.1,49,0.003,0.4666666666666666,0.003,0
676391,"Clement, Ernie",R,R,5,94.95,3.25,0.4765,0.54,0.4605,0
676801,"McCormick, Chas",R,L,2,70,-10,0.071,0,0.067,0
676801,"McCormick, Chas",R,R,10,93.15714285714286,1.2857142857142858,0.305,0.43,0.331,0.2
677551,"Franco, Wander",L,R,8,99.86666666666667,14.5,0.6463333333333333,0.38125,0.8058333333333333,0.125
677551,"Franco, Wander",R,L,4,80,-22,0.36424999999999996,0.675,0.33625,0
677594,"Rodríguez, Julio",R,L,1,98.7,22,0.317,0,0.391,0
677594,"Rodríguez, Julio",R,R,11,80.86,-7.4,0.3068,0.11363636363636363,0.3144,0.09090909090909091
677951,"Witt Jr., Bobby",R,L,1,94.1,46,0.003,0,0.003,0
677951,"Witt Jr., Bobby",R,R,11,85.7,18.6,0.1417,0.22727272727272727,0.1551,0.18181818181818182
679529,"Torkelson, Spencer",R,L,3,94.7,54,0.006,0,0.005,0
679529,"Torkelson, Spencer",R,R,8,84.3,70,0.006,0.26249999999999996,0.005,0
680757,"Kwan, Steven",L,L,2,103,-1,0.409,0.8,0.374,0
680757,"Kwan, Steven",L,R,12,86.33333333333333,6.444444444444445,0.51,0.7583333333333333,0.5247777777777778,0.16666666666666666
680777,"Jeffers, Ryan",R,L,4,94.46666666666667,16,0.42766666666666664,0.625,0.4723333333333333,0
680777,"Jeffers, Ryan",R,R,6,81.82000000000001,37.8,0.1424,0.15,0.14,0
680911,"Miller, Owen",R,L,3,95.4,2.5,0.4355,0.5333333333333333,0.4365,0
680911,"Miller, Owen",R,R,4,86.06666666666666,-14,0.4246666666666667,0.5375,0.41000000000000003,0.25
681082,"Stott, Bryson",L,L,1,84,15,0.917,1.25,0.877,1
681082,"Stott, Bryson",L,R,6,90.44,0.4,0.29359999999999997,0.15,0.321,0
681526,"Lavastida, Bryan",R,L,1,NA,NA,NA,0,NA,0
681526,"Lavastida, Bryan",R,R,4,90.93333333333334,14,0.21133333333333335,0.175,0.2,0
682928,"Abrams, CJ",L,L,1,96.4,31,0.209,0,0.391,0
682928,"Abrams, CJ",L,R,8,84.11428571428571,10.857142857142858,0.21885714285714286,0.1125,0.20657142857142857,0
683734,"Vaughn, Andrew",R,L,5,93.74,17.6,0.48059999999999997,0.4,0.8408,0.6
683734,"Vaughn, Andrew",R,R,6,96.48,21,0.42360000000000003,0.75,0.4696,0.5
