pitcher,p_throws,stand,events,avg_launch_speed,avg_launch_angle,xba,woba,xwoba,iso,brl_pct
425844,R,L,18,90.475,10.083333333333334,0.41158333333333336,0.2,0.40691666666666665,0,0.08333333333333333
425844,R,R,30,92.73846153846154,16.23076923076923,0.38019230769230766,0.37,0.40696153846153843,0.06666666666666667,0.07692307692307693
445276,R,L,3,98.55,-7.5,0.29000000000000004,0.2333333333333333,0.261,0,0
445276,R,R,5,85,36.666666666666664,0.2523333333333333,0.18,0.2826666666666667,0,0
445926,R,L,8,87.04285714285714,1.7142857142857142,0.17857142857142858,0.1125,0.16742857142857143,0,0
445926,R,R,8,77.825,-16.25,0.26425,0.1125,0.2455,0,0
446372,R,L,24,95.11875,21.875,0.4418125,0.4625,0.55225,0.3333333333333333,0.1875
446372,R,R,14,87.4090909090909,23.636363636363637,0.2849090909090909,0.32142857142857145,0.33536363636363636,0.21428571428571427,0.09090909090909091
448179,L,L,4,77.63333333333334,14.666666666666666,0.085,0,0.077,0,0
448179,L,R,36,94.26296296296296,22.814814814814813,0.45266666666666666,0.49583333333333335,0.6668888888888889,0.5,0.25925925925925924
450203,R,L,26,87.7611111111111,8,0.3993333333333333,0.46153846153846156,0.44722222222222224,0.11538461538461539,0.05555555555555555
450203,R,R,26,88.6,-3.6,0.391,0.3096153846153846,0.4056,0.038461538461538464,0.05
453178,R,L,4,78.3,29,0.18,0,0.167,0,0
453178,R,R,5,87.625,6.5,0.15425,0.36,0.147,0,0
453286,R,L,25,91.50909090909092,24.09090909090909,0.25413636363636366,0.346,0.32095454545454544,0.28,0.09090909090909091
453286,R,R,22,95.93076923076923,29.384615384615383,0.36630769230769233,0.4727272727272727,0.5702307692307692,0.36363636363636365,0.3076923076923077
455119,R,L,8,81.9875,6.75,0.292125,0.225,0.285375,0,0
455119,R,R,8,95.45,-0.5,0.41983333333333334,0.3125,0.42533333333333334,0,0
456501,R,L,4,101.2,31,0.61325,1.225,0.9672499999999999,1.5,0.5
456501,R,R,3,92.5,50.5,0.0985,0.2333333333333333,0.10350000000000001,0,0
456713,R,L,3,68.1,18,0.626,0.2333333333333333,0.563,0,0
456713,R,R,8,82.81428571428572,5.142857142857143,0.26542857142857146,0.0875,0.2582857142857143,0,0
458681,R,L,20,92.85,27.666666666666668,0.5213333333333333,0.6575,0.8561666666666666,0.65,0.3333333333333333
458681,R,R,28,87.94705882352942,20.470588235294116,0.31376470588235295,0.2982142857142857,0.321,0.03571428571428571,0
471911,R,L,12,83.35,13.666666666666666,0.35483333333333333,0.4583333333333333,0.3481666666666667,0,0
471911,R,R,8,88.78333333333333,10.833333333333334,0.2935,0.25,0.4415,0.375,0.16666666666666666
472610,R,L,13,73.89,6.5,0.4028,0.55,0.37329999999999997,0.07692307692307693,0
472610,R,R,12,91.85,3.8333333333333335,0.248,0.26666666666666666,0.2445,0,0
476595,L,L,5,92.3,2,0.22966666666666666,0.54,0.3666666666666667,0.6,0.3333333333333333
476595,L,R,8,84.64285714285714,-9.285714285714286,0.26171428571428573,0.225,0.24557142857142858,0,0
477132,L,L,10,93.2875,6,0.43175,0.36,0.545375,0.3,0.125
477132,L,R,38,88.95833333333333,6.541666666666667,0.3812083333333333,0.3263157894736842,0.44408333333333333,0.21052631578947367,0.125
488984,R,L,8,84.1,-5.4,0.256,0.425,0.3644,0.375,0.2
488984,R,R,12,88.05833333333334,2.75,0.2504166666666667,0.375,0.279,0,0.08333333333333333
489119,L,L,5,78.775,-5.75,0.45575000000000004,0.68,0.42925,0,0
489119,L,R,18,88.72666666666666,31.6,0.30906666666666666,0.1,0.3884666666666667,0,0.13333333333333333
489446,R,L,8,95.36666666666667,34.833333333333336,0.268,0.3375,0.43083333333333335,0.375,0.16666666666666666
489446,R,R,10,73,-2.4,0.1922,0.39,0.1884,0,0
493603,R,L,6,94.96666666666667,22.333333333333332,0.17833333333333334,0.3333333333333333,0.26966666666666667,0.5,0
493603,R,R,6,94.3,18,0.2228,0.45,0.214,0,0
502043,R,L,23,91.33333333333333,4.722222222222222,0.37027777777777776,0.4282608695652174,0.4638333333333333,0.2608695652173913,0.16666666666666666
502043,R,R,23,90.26666666666667,15.88888888888889,0.31916666666666665,0.24347826086956523,0.39766666666666667,0.13043478260869565,0.1111111111111111
502085,R,L,5,79.075,24.75,0.13175,0.18,0.12825,0,0
502085,R,R,7,79.375,-10.75,0.12375,0,0.11525,0,0
502171,R,L,22,91.5,-6.5,0.397,0.36818181818181817,0.5125625,0.13636363636363635,0.1875
502171,R,R,22,89.9,2.7333333333333334,0.32793333333333335,0.29545454545454547,0.3297333333333333,0.13636363636363635,0.06666666666666667
502202,R,L,5,90.23333333333333,25,0.06466666666666666,0.13999999999999999,0.08666666666666667,0,0
502202,R,R,2,97.9,-3.5,0.33299999999999996,0,0.3135,0,0
506433,R,L,16,92.3875,20.125,0.304375,0.409375,0.29925,0.0625,0
506433,R,R,5,72.825,3.25,0.08,0.13999999999999999,0.0755,0,0
518397,L,R,5,76.675,-23,0.22924999999999998,0.18,0.21425,0,0
518489,R,L,14,96.32222222222222,5.5,0.47733333333333333,0.48214285714285715,0.4842222222222222,0.07142857142857142,0
518489,R,R,12,90.95,8.333333333333334,0.22583333333333333,0.26666666666666666,0.2788333333333333,0,0
518516,L,L,14,90.85,14.5,0.372875,0.5214285714285715,0.4615,0.21428571428571427,0.125
518516,L,R,32,88.9578947368421,23.57894736842105,0.3211052631578947,0.390625,0.43236842105263157,0.25,0.15789473684210525
518585,R,L,8,82.03333333333333,2.6666666666666665,0.41966666666666663,0.375,0.3943333333333333,0,0
518585,R,R,8,72.5,15.6,0.4465,0.44375,0.44275000000000003,0.125,0
518617,L,L,11,79.95,13.666666666666666,0.2771666666666667,0.3227272727272727,0.31783333333333336,0.09090909090909091,0.16666666666666666
518617,L,R,7,93.3,12.5,0.46575,0.5071428571428571,0.498,0.14285714285714285,0
518876,R,L,22,92.88,3.066666666666667,0.3532,0.3159090909090909,0.3718,0.045454545454545456,0.06666666666666667
518876,R,R,20,93.81818181818181,18.636363636363637,0.4465454545454545,0.4075,0.5192727272727272,0.15,0.09090909090909091
518886,R,L,2,NA,NA,NA,0.35,NA,0,NA
518886,R,R,13,91.1888888888889,19.11111111111111,0.29966666666666664,0.55,0.37466666666666665,0.3076923076923077,0.1111111111111111
519043,L,L,2,87.19999999999999,34.5,0.058499999999999996,0,0.104,0,0
519043,L,R,7,79.10000000000001,-6.75,0.3705,0.2571428571428572,0.3645,0,0
519151,R,L,6,83.32000000000001,-1.8,0.2268,0,0.2252,0,0
519151,R,R,9,101.5,14,0.39249999999999996,0.31666666666666665,0.382,0.1111111111111111,0
519242,L,L,7,99.26666666666667,2.3333333333333335,0.5066666666666667,0.5142857142857142,0.74,0.42857142857142855,0.3333333333333333
519242,L,R,35,87.835,5.9,0.40675,0.4514285714285714,0.52935,0.2571428571428571,0.15
519293,L,L,4,81.89999999999999,17.666666666666668,0.25066666666666665,0,0.232,0,0
519293,L,R,3,79.4,5,0.041499999999999995,0,0.043,0,0
523260,R,L,5,91.46666666666667,13,0.29533333333333334,0.57,0.38333333333333336,0.2,0
523260,R,R,8,78.38333333333333,11.166666666666666,0.2115,0.26875,0.23183333333333334,0.125,0
527048,L,L,8,92.24,22,0.5606,0.425,0.6988,0,0.2
527048,L,R,39,82.08,7.8,0.31416,0.34487179487179487,0.30336,0.15384615384615385,0
541640,R,L,7,95.94285714285714,6.142857142857143,0.34614285714285714,0.30714285714285716,0.4905714285714286,0.14285714285714285,0.2857142857142857
541640,R,R,13,92.53636363636363,-1.1818181818181819,0.31227272727272726,0.4269230769230769,0.29918181818181816,0.07692307692307693,0
542208,R,L,2,91.2,42,0.003,0.35,0.003,0,0
542208,R,R,3,99.33333333333334,10,0.6496666666666666,0.9666666666666667,0.8443333333333333,1,0.3333333333333333
542585,R,L,7,96.65,35.5,0.3456666666666667,0.4857142857142857,0.6849999999999999,0.42857142857142855,0.25
542585,R,R,9,91.34285714285714,34.714285714285715,0.4285714285714286,0.47777777777777775,0.5345714285714286,0.3333333333333333,0.14285714285714285
542881,L,L,10,79.10000000000001,12.166666666666666,0.16366666666666665,0.13999999999999999,0.16066666666666668,0,0
542881,L,R,37,87.23214285714286,18.928571428571427,0.3079642857142857,0.422972972972973,0.3964642857142857,0.2702702702702703,0.14285714285714285
542914,R,L,6,93.025,4.5,0.4485,0.26666666666666666,0.41925,0,0
542914,R,R,10,94.52857142857142,6.285714285714286,0.5124285714285715,0.575,0.6341428571428571,0.4,0.14285714285714285
542947,L,L,4,85.13333333333333,9,0.5056666666666667,0.85,0.4856666666666667,0,0
542947,L,R,9,91.43333333333334,-18.833333333333332,0.20483333333333334,0.2388888888888889,0.19,0.1111111111111111,0
543037,R,L,24,91.85833333333333,25.5,0.33275,0.18541666666666667,0.36175,0.041666666666666664,0.08333333333333333
543037,R,R,20,87.16666666666667,2.5555555555555554,0.27811111111111114,0.205,0.2723333333333333,0,0
543056,L,L,7,82.45,4,0.17875,0.09999999999999999,0.17325000000000002,0,0
543056,L,R,4,69.1,52,0.336,0.175,0.3085,0,0
543101,R,L,8,87.87142857142857,-4.285714285714286,0.35385714285714287,0.26875,0.33914285714285713,0.125,0
543101,R,R,12,86.58888888888889,-3.7777777777777777,0.3125555555555556,0.075,0.3443333333333333,0,0.2222222222222222
543135,R,L,23,91.45,8.785714285714286,0.387,0.34130434782608693,0.4092142857142857,0.13043478260869565,0
543135,R,R,20,86.73571428571428,-2.0714285714285716,0.33435714285714285,0.3125,0.31064285714285716,0.15,0
543243,R,L,16,94.82727272727273,11.454545454545455,0.4274545454545455,0.365625,0.5078181818181818,0.0625,0.09090909090909091
543243,R,R,32,88.05555555555556,18.444444444444443,0.2832222222222222,0.1921875,0.3348333333333333,0.0625,0.05555555555555555
543272,L,L,4,NA,NA,NA,0.175,NA,0,NA
543272,L,R,8,72.42857142857143,22.142857142857142,0.39814285714285713,0.45625,0.42042857142857143,0,0
543281,R,L,3,84.4,11.5,0.5555,0.8333333333333334,0.5235000000000001,0,0
543281,R,R,2,97.75,17.5,0.447,0,0.4685,0,0
543475,R,L,20,94.56363636363636,29.636363636363637,0.2960909090909091,0.26,0.36436363636363633,0.25,0.09090909090909091
543475,R,R,28,86.5,13,0.4593333333333333,0.44285714285714284,0.5142916666666667,0.17857142857142858,0.125
543507,R,L,4,75.60000000000001,0,0.339,0.225,0.315,0,0
543507,R,R,9,90.33333333333333,19.5,0.2768333333333333,0.2777777777777778,0.2861666666666667,0,0
543518,R,L,6,104.26666666666667,12.333333333333334,0.605,0.7833333333333333,1.0743333333333334,1,0.6666666666666666
543518,R,R,6,98.325,8,0.562,0.45,0.69225,0.5,0.25
543521,R,L,10,95.75,-0.16666666666666666,0.38516666666666666,0.33499999999999996,0.3665,0.1,0
543521,R,R,7,94.85000000000001,29.166666666666668,0.39549999999999996,0.4357142857142857,0.48733333333333334,0.14285714285714285,0.16666666666666666
543859,R,L,9,93.01428571428572,16.428571428571427,0.1672857142857143,0.07777777777777778,0.17314285714285715,0,0
543859,R,R,10,78.15714285714286,13.285714285714286,0.23214285714285715,0.315,0.2591428571428571,0.3,0.14285714285714285
544727,R,L,8,93.81428571428572,2,0.2521428571428571,0.225,0.24585714285714286,0,0
544727,R,R,9,85.2375,2.625,0.268125,0.3055555555555556,0.253,0,0
547973,L,L,4,NA,-66,NA,0,NA,0,NA
547973,L,R,10,93.325,39.75,0.35275,0.16,0.33525,0,0
548384,L,L,8,94.51666666666667,12.5,0.7265,0.5875,0.7753333333333333,0.375,0.16666666666666666
548384,L,R,8,83.73333333333333,15.666666666666666,0.32916666666666666,0.45,0.4633333333333333,0.375,0.16666666666666666
548389,R,L,9,94.38,0,0.3852,0.45555555555555555,0.3618,0,0
548389,R,R,23,90.76842105263158,21,0.39521052631578946,0.5434782608695652,0.5857368421052631,0.6521739130434783,0.2631578947368421
554340,R,L,2,NA,NA,NA,0.35,NA,0,NA
554340,R,R,14,86.39166666666667,26.083333333333332,0.28983333333333333,0.24285714285714285,0.3195,0.14285714285714285,0.08333333333333333
554430,R,L,22,84.16666666666667,18.4,0.28626666666666667,0.3409090909090909,0.2796666666666667,0.09090909090909091,0
554430,R,R,22,87.55384615384615,20.307692307692307,0.36030769230769233,0.4318181818181818,0.3640769230769231,0.22727272727272727,0
570632,R,L,20,92.37058823529412,8,0.47411764705882353,0.59,0.5191176470588236,0.35,0.058823529411764705
570632,R,R,14,92.08888888888889,24.666666666666668,0.30033333333333334,0.6785714285714286,0.4628888888888889,0.42857142857142855,0.2222222222222222
570666,R,L,10,86.925,20.125,0.3935,0.32,0.37,0,0
570666,R,R,14,97.21818181818182,4.181818181818182,0.41063636363636363,0.26785714285714285,0.4884545454545455,0.07142857142857142,0.18181818181818182
571479,R,L,7,93.16666666666667,4.333333333333333,0.21333333333333335,0.19999999999999998,0.242,0,0
571479,R,R,13,90.42222222222222,15.11111111111111,0.3506666666666667,0.13846153846153847,0.33955555555555555,0,0
571510,L,L,4,86.85,19.5,0.11699999999999999,0.225,0.1395,0,0
571510,L,R,15,85.63636363636364,2.3636363636363638,0.2898181818181818,0.26,0.2781818181818182,0,0
571578,L,L,5,105.23333333333333,16.666666666666668,0.5543333333333333,0.43,1.0636666666666668,0.2,0.6666666666666666
571578,L,R,41,90.08529411764707,5,0.4172941176470588,0.46463414634146344,0.4476470588235294,0.17073170731707318,0.08823529411764706
571656,R,L,7,94.975,8.5,0.3135,0.2785714285714286,0.31275,0.14285714285714285,0
571656,R,R,8,80.82857142857144,34.142857142857146,0.13614285714285715,0.275,0.14314285714285716,0.125,0
571670,R,L,4,80.53333333333333,28.333333333333332,0.07733333333333334,0.3125,0.08066666666666666,0.25,0
571670,R,R,3,88.23333333333333,29,0.43333333333333335,0,0.435,0,0
571760,L,L,4,84.76666666666667,9.333333333333334,0.3403333333333333,0.4875,0.31,0.25,0
571760,L,R,13,90.88,16,0.4694,0.6653846153846154,0.5396,0.5384615384615384,0.3
571882,R,L,9,87.3375,22.875,0.28875,0.1,0.305,0,0
571882,R,R,8,94.36666666666666,18.666666666666668,0.566,0.675,0.7096666666666667,0.375,0.16666666666666666
571901,L,L,2,94.75,27,0.2185,0.625,0.32249999999999995,0.5,0
571901,L,R,2,96.5,-14,0.226,0.45,0.209,0,0
571927,L,L,6,73.85,-22.5,0.12,0,0.114,0,0
571927,L,R,19,92.88666666666667,9.133333333333333,0.5365333333333333,0.6447368421052632,0.6258,0.3684210526315789,0.2
571945,R,L,18,95.325,21.333333333333332,0.4444166666666667,0.41944444444444445,0.564,0.3333333333333333,0.16666666666666666
571945,R,R,31,90.92608695652174,9.08695652173913,0.4426086956521739,0.4338709677419355,0.47882608695652173,0.03225806451612903,0.08695652173913043
571946,R,L,7,92.16666666666667,49.333333333333336,0.05733333333333333,0.09999999999999999,0.101,0,0
571946,R,R,4,102.73333333333333,32.666666666666664,0.5426666666666666,0,1.014,0,0.6666666666666666
571948,L,L,6,89.02,-6.6,0.3284,0.15,0.3044,0,0
571948,L,R,5,74.1,13.6,0.1588,0,0.16999999999999998,0,0
572193,R,L,1,109,5,0.629,0.9,0.569,0,0
572193,R,R,7,90.42857142857143,10.428571428571429,0.29928571428571427,0.4357142857142857,0.28114285714285714,0.14285714285714285,0
572403,R,L,3,88.63333333333334,-11,0.18266666666666667,0.3,0.16933333333333334,0,0
572403,R,R,12,93.08333333333333,13.833333333333334,0.1925,0.075,0.20533333333333334,0,0
572955,R,L,7,53.8,-36,0.131,0.09999999999999999,0.118,0,0
572955,R,R,6,89.9,23.75,0.33925,0.5666666666666667,0.3655,0.3333333333333333,0
573124,L,L,3,87.4,21,0.27,0.5333333333333333,0.246,0,0
573124,L,R,6,94.35,29.833333333333332,0.4671666666666667,0.6666666666666666,0.802,1,0.5
573186,R,L,25,81.35714285714286,-19.285714285714285,0.26821428571428574,0.248,0.25135714285714283,0,0
573186,R,R,21,91.49090909090908,13.454545454545455,0.33854545454545454,0.15238095238095237,0.32681818181818184,0,0
573204,L,L,5,79.69999999999999,58,0.0545,0,0.064,0,0
573204,L,R,6,102.225,20.25,0.68775,0.6333333333333333,0.95075,0.5,0.25
579328,L,L,4,83.55000000000001,33.5,0.096,0.175,0.095,0,0
579328,L,R,14,95.86923076923077,3.769230769230769,0.34184615384615386,0.2714285714285714,0.44453846153846155,0.21428571428571427,0.07692307692307693
592094,R,L,6,83,-16,0.3035,0.26666666666666666,0.28775,0,0
592094,R,R,5,69.85,35.5,0.094,0.27999999999999997,0.1005,0,0
592332,R,L,23,91.94,12.066666666666666,0.31093333333333334,0.2565217391304348,0.3602,0,0
592332,R,R,28,88.21111111111111,22.055555555555557,0.40894444444444444,0.28214285714285714,0.3893888888888889,0,0
592351,R,L,19,93.1923076923077,8.846153846153847,0.28099999999999997,0.2736842105263158,0.34823076923076923,0.15789473684210525,0.07692307692307693
592351,R,R,5,95.15,32.5,0.47700000000000004,0.4,0.9029999999999999,0.6,0.5
592662,L,L,7,64.33333333333333,0,0.31333333333333335,0.40714285714285714,0.30666666666666664,0.14285714285714285,0
592662,L,R,12,90.2375,13.375,0.2115,0.3833333333333333,0.231,0,0
592741,L,L,5,84.9,13.333333333333334,0.5246666666666667,0.61,0.49333333333333335,0.2,0
592741,L,R,8,81.21666666666667,14.833333333333334,0.13583333333333333,0.0875,0.127,0,0
592767,L,L,4,80,2.6666666666666665,0.5136666666666667,1.125,0.6706666666666667,1.25,0.3333333333333333
592767,L,R,22,79.94375,22.5625,0.218125,0.37272727272727274,0.2109375,0,0
592773,R,L,6,86.44,15,0.2814,0.4166666666666667,0.2574,0,0
592773,R,R,13,96.38888888888889,11.333333333333334,0.39111111111111113,0.34615384615384615,0.5204444444444445,0.23076923076923078,0.1111111111111111
592789,R,L,30,90.70454545454545,16.363636363636363,0.3659090909090909,0.38333333333333336,0.38181818181818183,0.3333333333333333,0.045454545454545456
592789,R,R,14,79.28333333333333,11.333333333333334,0.359,0.33214285714285713,0.34741666666666665,0.07142857142857142,0
592791,R,L,13,89.66363636363636,14.818181818181818,0.4737272727272727,0.55,0.4647272727272727,0.23076923076923078,0.09090909090909091
592791,R,R,6,87.10000000000001,25.8,0.151,0.15,0.1824,0,0
592826,R,L,19,83.98461538461538,20.846153846153847,0.35292307692307695,0.5473684210526316,0.4043076923076923,0.3157894736842105,0.07692307692307693
592826,R,R,18,92.67333333333333,18.866666666666667,0.3182,0.30833333333333335,0.34513333333333335,0.05555555555555555,0.06666666666666667
592836,R,L,6,91.86666666666667,19.333333333333332,0.19333333333333336,0.2333333333333333,0.18733333333333332,0,0
592836,R,R,14,78.44444444444444,-5.777777777777778,0.2991111111111111,0.4357142857142857,0.3328888888888889,0.35714285714285715,0.1111111111111111
592866,R,L,22,81.7,13.555555555555555,0.34305555555555556,0.2863636363636364,0.4446111111111111,0.13636363636363635,0.1111111111111111
592866,R,R,21,80.90588235294118,10.823529411764707,0.28805882352941176,0.34285714285714286,0.3561764705882353,0.23809523809523808,0.11764705882352941
593334,R,L,12,88.48,14.4,0.6834,0.48333333333333334,1.0446,0.5,0.4
593334,R,R,6,83.36,19.8,0.4034,0,0.4036,0,0
593576,R,L,7,87.9,-6.6,0.2772,0.35714285714285715,0.2592,0,0
593576,R,R,17,82.225,14.583333333333334,0.2777272727272727,0.3176470588235294,0.35118181818181815,0.17647058823529413,0.08333333333333333
593619,R,L,6,84.5,10.25,0.34299999999999997,0.35833333333333334,0.312,0.16666666666666666,0
593619,R,R,14,90.3,8,0.376,0.5392857142857143,0.47,0.5,0.25
593643,R,L,6,91.62,20.6,0.2554,0.5666666666666667,0.256,0,0
593643,R,R,6,90.6,25.4,0.5952000000000001,0.6333333333333333,0.7592,0.5,0.2
593958,L,L,9,80.44,2.4,0.22920000000000001,0.47777777777777775,0.2162,0.3333333333333333,0
593958,L,R,34,88.56785714285715,21.964285714285715,0.2890714285714286,0.3014705882352941,0.36296428571428574,0.20588235294117646,0.10714285714285714
593974,L,L,7,92.9,48,0.006,0.09999999999999999,0.009,0,0
593974,L,R,9,95.05000000000001,-5.25,0.70425,0.35555555555555557,0.735,0,0.25
594580,L,L,6,88.02499999999999,0.75,0.22325,0.11666666666666665,0.22325,0,0
594580,L,R,6,98.9,8.333333333333334,0.127,0.35,0.114,0,0
594798,R,L,24,91,27.3,0.2757,0.1625,0.2925,0.08333333333333333,0.1
594798,R,R,15,80.87777777777778,-1.7777777777777777,0.43966666666666665,0.6333333333333333,0.5308888888888889,0.6,0.1111111111111111
594835,L,L,14,88.60833333333333,10.166666666666666,0.336,0.40714285714285714,0.35383333333333333,0.14285714285714285,0
594835,L,R,33,84.57391304347826,14.08695652173913,0.330304347826087,0.346969696969697,0.34547826086956523,0.18181818181818182,0.043478260869565216
595928,R,L,4,100.86666666666666,12,0.449,0.5,0.8053333333333332,0.75,0.3333333333333333
595928,R,R,14,86.02727272727273,7,0.09481818181818182,0.1285714285714286,0.1009090909090909,0,0
596001,R,L,6,94.175,3.5,0.3965,0.325,0.436,0.16666666666666666,0.25
596001,R,R,20,83.1,13.428571428571429,0.3166428571428571,0.2325,0.31507142857142856,0.05,0
596295,L,L,10,75.55,-7.5,0.22375,0.295,0.323125,0.3,0.125
596295,L,R,35,85.8923076923077,19.653846153846153,0.2709615384615385,0.38,0.3453076923076923,0.2857142857142857,0.07692307692307693
598264,R,L,8,94.9,5.6,0.1686,0.2,0.1556,0,0
598264,R,R,9,87.83333333333333,16.833333333333332,0.49483333333333335,0.4388888888888889,0.621,0.4444444444444444,0.16666666666666666
600917,R,L,4,76.69999999999999,66,0.0085,0.175,0.0095,0,0
600917,R,R,4,77.66666666666667,24,0.33699999999999997,0.225,0.307,0,0
601713,R,L,17,98.7,13.4,0.3734,0.4323529411764706,0.559,0.4117647058823529,0.4
601713,R,R,5,91.33333333333333,9.333333333333334,0.317,0.13999999999999999,0.489,0,0
605130,R,L,6,92.35,4,0.054,0.5,0.065,0.3333333333333333,0
605130,R,R,5,71.475,-7.5,0.23075,0,0.212,0,0
605135,R,L,17,93.04666666666667,17.933333333333334,0.3764,0.7029411764705883,0.5729333333333333,0.7647058823529411,0.26666666666666666
605135,R,R,28,84.985,5.4,0.38275,0.35714285714285715,0.45755,0.10714285714285714,0.1
605154,R,L,3,99.8,37,0.266,0,0.556,0,0
605154,R,R,10,90.7,16.142857142857142,0.4072857142857143,0.27,0.40785714285714286,0,0
605155,R,L,5,81.25,-4.75,0.13775,0.13999999999999999,0.13075,0,0
605155,R,R,3,105.7,2,0.483,0.2333333333333333,0.45,0,0
605177,L,L,6,90.225,25,0.29725,0.11666666666666665,0.44975,0,0.25
605177,L,R,6,80.25,-15,0.313,0.11666666666666665,0.40650000000000003,0,0
605182,R,L,21,90.94705882352942,16.647058823529413,0.4903529411764706,0.4166666666666667,0.5768235294117647,0.047619047619047616,0.11764705882352941
605182,R,R,28,86.93333333333334,22.933333333333334,0.3290666666666667,0.24107142857142858,0.37173333333333336,0.03571428571428571,0.06666666666666667
605200,R,L,16,95.02307692307693,7.6923076923076925,0.6196153846153846,0.49375,0.6610769230769231,0.1875,0.07692307692307693
605200,R,R,26,87.24375,11.1875,0.231625,0.2673076923076923,0.29681250000000003,0.15384615384615385,0.0625
605218,R,L,6,90.86,18,0.1464,0.20833333333333334,0.1406,0.16666666666666666,0
605218,R,R,11,86.95,11.5,0.39525,0.3090909090909091,0.373875,0,0
605242,R,L,7,105.4,20,0.677,0.17857142857142858,0.911,0.14285714285714285,1
605242,R,R,7,79.48,24.4,0.317,0.35714285714285715,0.2914,0,0
605280,R,L,9,94.98333333333333,7.333333333333333,0.5313333333333333,0.5166666666666667,0.5203333333333333,0.1111111111111111,0
605280,R,R,7,93.86666666666667,12.666666666666666,0.21133333333333335,0,0.206,0,0
605347,R,L,4,74.6,1.3333333333333333,0.17833333333333334,0,0.16133333333333333,0,0
605347,R,R,11,90.37142857142857,6,0.18628571428571428,0.08181818181818182,0.236,0,0
605400,R,L,19,85.85714285714286,18.785714285714285,0.2727857142857143,0.45263157894736844,0.28885714285714287,0.2631578947368421,0
605400,R,R,23,90.91333333333333,17.4,0.34446666666666664,0.24130434782608695,0.3691333333333333,0.043478260869565216,0
605447,R,L,5,67.53333333333333,-36,0.12633333333333333,0,0.11633333333333333,0,0
605447,R,R,8,90.9,34.833333333333336,0.11183333333333333,0.1125,0.11016666666666666,0,0
605483,L,L,12,86.325,9.875,0.360375,0.4166666666666667,0.3625,0.16666666666666666,0
605483,L,R,29,92.7235294117647,14.764705882352942,0.5001176470588236,0.45,0.5986470588235294,0.20689655172413793,0.11764705882352941
605488,L,L,12,85.28333333333333,33.833333333333336,0.23566666666666666,0.19166666666666665,0.22249999999999998,0,0
605488,L,R,33,86.0875,15.625,0.30926666666666663,0.11818181818181818,0.28946666666666665,0,0
605513,R,L,25,90.66111111111111,-1,0.3892222222222222,0.544,0.4748888888888889,0.28,0.1111111111111111
605513,R,R,15,91.2090909090909,7,0.2928181818181818,0.41333333333333333,0.3,0.13333333333333333,0
605540,R,L,23,86.36,22.1,0.2672,0.2565217391304348,0.2996,0.13043478260869565,0
605540,R,R,20,87.0764705882353,15.647058823529411,0.2969411764705882,0.1975,0.2974705882352941,0.05,0
606149,R,L,2,75.8,23,0.866,0.45,0.793,0,0
606149,R,R,2,108.4,13,0.831,0,0.845,0,0
606160,R,L,10,92.14285714285714,8.285714285714286,0.42742857142857144,0.54,0.47528571428571426,0.5,0.14285714285714285
606160,R,R,10,84.42857142857143,7.857142857142857,0.29414285714285715,0.27,0.283,0,0
606303,R,L,1,62.3,-37,0.069,0,0.062,0,0
606303,R,R,15,74.22,1.8,0.3869,0.42,0.3831,0.2,0.1
607237,L,L,8,78.73333333333333,23.5,0.38766666666666666,0.475,0.529,0.375,0.16666666666666666
607237,L,R,12,95.275,28.375,0.372875,0.4166666666666667,0.4305,0.16666666666666666,0.125
607259,R,L,19,86.26428571428572,8.428571428571429,0.2867857142857143,0.2736842105263158,0.3743571428571429,0.15789473684210525,0.14285714285714285
607259,R,R,33,87.01363636363637,1.0909090909090908,0.4243181818181818,0.3303030303030303,0.4936818181818182,0.09090909090909091,0.13636363636363635
607455,L,L,6,91.375,3.75,0.69575,0.6333333333333333,0.87575,0.5,0.25
607455,L,R,9,92.5125,3,0.32225,0.2777777777777778,0.41625,0,0.125
607461,R,L,3,83.2,11,0.494,0.65,0.445,0.3333333333333333,0
607461,R,R,4,88.125,16.75,0.39,0.5375,0.377,0.25,0
607481,L,L,4,100.6,17,0.5,0.175,0.596,0,0
607481,L,R,10,89.02857142857142,0.7142857142857143,0.287,0.25,0.2795714285714286,0,0
607536,L,L,15,89.6,12.923076923076923,0.28523076923076923,0.22666666666666666,0.27684615384615385,0,0
607536,L,R,31,85.89583333333333,21,0.23379166666666668,0.18387096774193548,0.2625416666666667,0.06451612903225806,0
607625,R,L,9,95.14285714285714,4.571428571428571,0.5062857142857142,0.32222222222222224,0.6081428571428571,0.3333333333333333,0.2857142857142857
607625,R,R,16,81.7909090909091,0.2727272727272727,0.254,0.1125,0.3518181818181818,0,0.09090909090909091
607732,R,L,2,77.9,33,0.113,0,0.107,0,0
607732,R,R,2,97.94999999999999,35,0.4385,1,0.862,1.5,0.5
607755,L,L,7,79.2,0.5,0.093,0.22857142857142856,0.09983333333333333,0,0
607755,L,R,13,88.24444444444444,16.88888888888889,0.17888888888888888,0.3,0.28788888888888886,0,0.1111111111111111
608032,R,L,5,85.5,61,0.014,0.13999999999999999,0.013,0,0
608032,R,R,9,98.9,14.5,0.57925,0.35555555555555557,0.5585,0,0
608328,R,L,7,89.74,9.2,0.1888,0.5142857142857142,0.2062,0.42857142857142855,0
608328,R,R,14,86.17999999999999,29.5,0.2514,0.25357142857142856,0.242,0.07142857142857142,0
608331,L,L,4,81.9,25.666666666666668,0.159,0.225,0.248,0,0
608331,L,R,9,88.125,16.25,0.257625,0.3388888888888889,0.242875,0.1111111111111111,0
608337,R,L,19,87.9,20.733333333333334,0.3494,0.5131578947368421,0.5144,0.3684210526315789,0.3333333333333333
608337,R,R,27,85.51,16.1,0.2981,0.4240740740740741,0.3053,0.1111111111111111,0
608344,L,L,11,85.39999999999999,9.571428571428571,0.5804285714285714,0.45454545454545453,0.5411428571428571,0,0
608344,L,R,32,92.27,23.75,0.3263,0.390625,0.4081,0.21875,0.1
608379,R,L,18,87.68181818181819,22.454545454545453,0.33899999999999997,0.3361111111111111,0.45345454545454544,0.16666666666666666,0.18181818181818182
608379,R,R,29,87.05,14.95,0.2905,0.23448275862068965,0.3767,0.1724137931034483,0.1
608566,R,L,26,91.38947368421053,5.7894736842105265,0.3781764705882353,0.3519230769230769,0.5048235294117647,0.2692307692307692,0.15789473684210525
608566,R,R,20,92.26,6.733333333333333,0.276,0.395,0.3138,0.25,0.06666666666666667
608638,R,L,5,81.275,-6.75,0.16775,0,0.15625,0,0
608638,R,R,7,89.025,-8,0.266,0,0.30400000000000005,0,0
608665,R,L,1,94.1,45,0.017,0,0.023,0,0
608665,R,R,14,86.78888888888889,0.3333333333333333,0.31244444444444447,0.35714285714285715,0.3088888888888889,0,0
608717,R,L,4,96.43333333333334,6.333333333333333,0.33166666666666667,0,0.4736666666666667,0,0.3333333333333333
608717,R,R,11,91.68888888888888,18.77777777777778,0.30866666666666664,0.2772727272727273,0.31066666666666665,0.09090909090909091,0
608718,L,L,3,43.3,33,0.171,0.4666666666666666,0.154,0,0
608718,L,R,15,79.0909090909091,6.090909090909091,0.2230909090909091,0.13666666666666666,0.20845454545454545,0,0
608723,R,L,7,77.6,-25.333333333333332,0.16099999999999998,0.09999999999999999,0.16033333333333333,0,0
608723,R,R,14,94.76666666666667,25.416666666666668,0.4643333333333333,0.7107142857142857,0.5969166666666667,0.7142857142857143,0.25
612434,R,L,3,NA,NA,NA,0.2333333333333333,NA,0,NA
612434,R,R,10,78.71666666666667,0.8333333333333334,0.24866666666666667,0.06999999999999999,0.2848333333333333,0,0.16666666666666666
614179,R,L,9,85.33333333333334,17.666666666666668,0.48033333333333333,0.6555555555555556,0.5806666666666667,0.3333333333333333,0.16666666666666666
614179,R,R,16,97.12,25.8,0.5248,0.55,0.6802,0.375,0.2
615698,R,L,19,80.96666666666667,16.11111111111111,0.2838888888888889,0.3657894736842105,0.2836666666666667,0.05263157894736842,0
615698,R,R,28,87.04814814814814,14.925925925925926,0.30174074074074075,0.41785714285714287,0.3924814814814815,0.17857142857142858,0.1111111111111111
621016,R,L,8,89.41666666666666,22.166666666666668,0.348,0.225,0.3421666666666667,0,0
621016,R,R,13,95.53750000000001,9.75,0.546125,0.33076923076923076,0.649375,0,0.375
621051,R,L,8,91.2,22.8,0.3744,0.2,0.4768,0,0
621051,R,R,16,88.42857142857143,38.42857142857143,0.27314285714285713,0.225,0.3975714285714286,0.1875,0.14285714285714285
621074,R,L,8,90.6,5,0.2994,0.35625,0.3514,0.125,0
621074,R,R,5,92.4,8,0.173,0.25,0.1835,0.2,0
621076,R,L,17,91.94545454545455,16.727272727272727,0.5085454545454545,0.5058823529411764,0.5604545454545454,0.29411764705882354,0.09090909090909091
621076,R,R,7,87.5,39.8,0.263,0.17857142857142858,0.2988,0.14285714285714285,0
621107,R,L,24,84.78235294117647,5.470588235294118,0.28641176470588237,0.23958333333333334,0.3362352941176471,0.16666666666666666,0.11764705882352941
621107,R,R,21,92.93333333333334,6,0.3852,0.41904761904761906,0.4316,0.09523809523809523,0.06666666666666667
621237,L,L,4,102.45,-12,0.47700000000000004,0.225,0.48250000000000004,0,0
621237,L,R,6,NA,NA,NA,0,NA,0,NA
621244,R,L,26,90.72105263157894,6.2105263157894735,0.424421052631579,0.4480769230769231,0.531,0.3076923076923077,0.15789473684210525
621244,R,R,20,93.225,0,0.3715833333333333,0.4025,0.38216666666666665,0.05,0
621249,R,L,7,91.22,11.4,0.228,0.17857142857142858,0.2778,0.14285714285714285,0.2
621249,R,R,10,81.95555555555556,12.333333333333334,0.3602222222222222,0.45,0.3328888888888889,0,0
621345,L,L,3,NA,NA,NA,0.2333333333333333,NA,0,NA
621345,L,R,12,85.76666666666667,17.11111111111111,0.25677777777777777,0.20833333333333334,0.29688888888888887,0,0
621363,L,L,4,87.85,31.25,0.047,0.225,0.051250000000000004,0,0
621363,L,R,9,86.5625,26.25,0.331625,0.31666666666666665,0.33425,0.1111111111111111,0
621368,L,L,5,93.4,8.666666666666666,0.2753333333333334,0,0.3423333333333333,0,0
621368,L,R,17,94.2,14.818181818181818,0.46336363636363637,0.4117647058823529,0.5932727272727273,0.17647058823529413,0.18181818181818182
621381,L,L,1,82.3,-32,0.049,0,0.049,0,0
621381,L,R,16,94.88181818181818,30.181818181818183,0.24545454545454545,0.1,0.3511818181818182,0,0.18181818181818182
621389,L,L,10,88.58,4.1,0.3285,0.34,0.31520000000000004,0.2,0
621389,L,R,13,90.13636363636364,7.363636363636363,0.3744545454545455,0.4269230769230769,0.379,0.07692307692307693,0.09090909090909091
622065,L,L,11,71.3,11.6,0.3086,0.3409090909090909,0.2958,0.09090909090909091,0
622065,L,R,5,94.2,8.6,0.223,0.18,0.2182,0,0
622072,L,L,2,86.9,26.5,0.0945,0,0.0965,0,0
622072,L,R,16,93.50909090909092,14.818181818181818,0.42236363636363633,0.503125,0.45127272727272727,0.0625,0.09090909090909091
622075,R,L,6,87.32,8.2,0.15,0.26666666666666666,0.1408,0,0
622075,R,R,9,84.1,-7.5,0.33237500000000003,0.4777777777777778,0.313625,0.2222222222222222,0
622098,R,L,4,93.43333333333334,32.666666666666664,0.23133333333333334,0.3125,0.31133333333333335,0.25,0.3333333333333333
622098,R,R,12,93.42857142857143,28.571428571428573,0.43514285714285716,0.4458333333333333,0.5097142857142857,0.08333333333333333,0
622259,R,L,3,84.4,3,0.271,0.7666666666666666,0.244,0,0
622259,R,R,10,90.84285714285714,1.2857142857142858,0.3608571428571429,0.305,0.3822857142857143,0.1,0
622491,R,L,22,88.7235294117647,14.470588235294118,0.22994117647058823,0.07272727272727272,0.23805882352941177,0,0
622491,R,R,18,88.9888888888889,22.88888888888889,0.24844444444444444,0.17777777777777778,0.26555555555555554,0.1111111111111111,0.1111111111111111
622503,R,L,12,83.65555555555555,7.222222222222222,0.21533333333333335,0.475,0.20944444444444446,0.16666666666666666,0
622503,R,R,9,85.58571428571429,15.714285714285714,0.4327142857142857,0.6222222222222222,0.43014285714285716,0.3333333333333333,0
622554,R,L,7,85.85,13.333333333333334,0.3035,0.35714285714285715,0.2926666666666667,0,0
622554,R,R,11,95.775,9.25,0.3815,0.5863636363636363,0.567375,0.36363636363636365,0.25
622772,R,L,6,82.86666666666666,-3.3333333333333335,0.22666666666666666,0.11666666666666665,0.21733333333333335,0,0
622772,R,R,6,88.93333333333334,-0.3333333333333333,0.26866666666666666,0.475,0.31966666666666665,0.16666666666666666,0.3333333333333333
623149,R,L,14,79.6625,37.875,0.101375,0.09999999999999999,0.10087499999999999,0,0
623149,R,R,8,91.9,25.285714285714285,0.2622857142857143,0.5375,0.26685714285714285,0,0
623167,R,L,16,85.9,9.25,0.28975,0.278125,0.2885,0.0625,0
623167,R,R,21,92.54666666666667,20.133333333333333,0.37766666666666665,0.28095238095238095,0.44006666666666666,0.14285714285714285,0.06666666666666667
623211,R,L,14,83.28,-6.1,0.3436,0.525,0.3977,0.2857142857142857,0.2
623211,R,R,18,87.86363636363636,6.363636363636363,0.4527272727272727,0.3472222222222222,0.44036363636363635,0.05555555555555555,0
623352,L,L,4,78.4,63,0.003,0,0.003,0,0
623352,L,R,11,87.9,17.6,0.3336,0.22727272727272727,0.3542,0,0
623433,R,L,7,99.55,18.5,0.2045,0,0.2595,0,0
623433,R,R,5,91.25,12.25,0.2565,0.4,0.437,0.6,0.25
623465,R,L,6,85.11666666666667,15.5,0.148,0.15,0.14500000000000002,0,0
623465,R,R,4,81.19999999999999,49.5,0.0545,0.175,0.0585,0,0
623474,R,L,5,87.02,-2.4,0.2416,0.18,0.2234,0,0
623474,R,R,12,91.06666666666666,32.111111111111114,0.4428888888888889,0.5541666666666667,0.5591111111111111,0.3333333333333333,0.1111111111111111
624522,R,L,8,94.8,17.25,0.21575,0.2875,0.25525,0,0
624522,R,R,13,84.275,11.5,0.119,0.15,0.12575,0.07692307692307693,0
625643,R,L,8,100.83333333333334,44.333333333333336,0.5466666666666666,0.425,1.0573333333333332,0.375,0.6666666666666666
625643,R,R,10,90.5,8.5,0.36,0.52,0.42533333333333334,0.3,0.16666666666666666
628317,R,L,4,86.4,34,0.0545,0,0.079,0,0
628317,R,R,14,93.92857142857143,20.142857142857142,0.41914285714285715,0.2714285714285714,0.4882857142857143,0.21428571428571427,0.14285714285714285
628708,R,L,6,109.4,21.5,0.9085,0.6583333333333333,1.4224999999999999,0.6666666666666666,1
628708,R,R,6,90.33333333333333,19.666666666666668,0.9293333333333333,0.9833333333333333,1.089,0.5,0.3333333333333333
628711,L,L,6,92.24,19.6,0.352,0.20833333333333334,0.486,0.16666666666666666,0.2
628711,L,R,36,84.848,10.24,0.27308,0.2638888888888889,0.2624,0.05555555555555555,0
640444,R,L,7,82.32000000000001,-16.4,0.464,0.4142857142857143,0.6536,0.42857142857142855,0.2
640444,R,R,14,89.03333333333333,20.333333333333332,0.5551111111111111,0.31785714285714284,0.6163333333333333,0.07142857142857142,0.1111111111111111
640448,R,L,8,101.17999999999999,6.2,0.6054,0.875,0.9813999999999999,0.75,0.4
640448,R,R,14,95.92727272727272,23.09090909090909,0.4621818181818182,0.4357142857142857,0.6272727272727273,0.35714285714285715,0.36363636363636365
640451,R,L,8,92.0625,15.875,0.258375,0.1125,0.296375,0,0.125
640451,R,R,7,86.9,18.2,0.2674,0.40714285714285714,0.2526,0.14285714285714285,0
640455,L,L,10,91.48,0.8,0.423,0.195,0.6869999999999999,0.1,0.4
640455,L,R,22,92.30714285714285,12,0.36885714285714283,0.375,0.48192857142857143,0.3181818181818182,0.14285714285714285
640462,L,L,2,82.4,-18,0.051,0,0.046,0,0
640462,L,R,7,87.725,30.5,0.26925,0.5142857142857142,0.454,0.42857142857142855,0.25
640470,R,L,8,75.85,-13,0.334,0.1125,0.3095,0,0
640470,R,R,9,90.825,18,0.25425000000000003,0.32222222222222224,0.3375,0.3333333333333333,0.25
641154,R,L,12,85.34,2,0.4304,0.35416666666666663,0.4042,0.08333333333333333,0
641154,R,R,32,83.68888888888888,12,0.2115,0.1625,0.27083333333333337,0.09375,0.05555555555555555
641302,L,L,9,87.87142857142857,22.142857142857142,0.30228571428571427,0.46111111111111114,0.422,0.4444444444444444,0.14285714285714285
641302,L,R,27,92.155,14.7,0.47525,0.37407407407407406,0.54055,0.2962962962962963,0.1
641329,R,L,5,92.1,35.25,0.16325,0.36,0.16325,0,0
641329,R,R,13,82.9875,8.5,0.277375,0.2923076923076923,0.29075,0.07692307692307693,0
641360,R,L,5,93.3,50.5,0.3925,0.39,0.5640000000000001,0.2,0.5
641360,R,R,10,92.82,25.4,0.3816,0.375,0.3892,0.3,0
641401,R,L,9,85.62857142857143,2.142857142857143,0.4734285714285714,0.5611111111111111,0.6022857142857143,0.4444444444444444,0.2857142857142857
641401,R,R,11,89.5375,20.75,0.278625,0.3090909090909091,0.32025,0,0.125
641447,L,L,2,79.3,44,0.034,0.35,0.037,0,0
641447,L,R,4,104.5,26.5,0.8185,1,1.5635,1.5,1
641482,L,L,9,83.62857142857143,18,0.28214285714285714,0.2388888888888889,0.2601428571428572,0.1111111111111111,0
641482,L,R,12,89.56363636363636,35.90909090909091,0.37263636363636365,0.4041666666666667,0.3684545454545455,0.08333333333333333,0
641540,R,L,14,85.89166666666667,31.166666666666668,0.12116666666666666,0.17857142857142858,0.11525,0,0
641540,R,R,15,92.23846153846154,14.307692307692308,0.2956153846153846,0.32,0.34400000000000003,0.13333333333333333,0.07692307692307693
641627,R,L,11,90.24000000000001,16.7,0.3107,0.4409090909090909,0.3215,0.09090909090909091,0
641627,R,R,13,84.8,-0.2222222222222222,0.168,0.23461538461538461,0.17775,0.07692307692307693,0
641645,R,L,2,101.3,26.5,0.71,0.45,0.9305,0,0.5
641645,R,R,2,90,55,0.036000000000000004,0,0.061,0,0
641656,R,L,8,85.38,4.6,0.3074,0.1125,0.3054,0,0
641656,R,R,8,83.62,6,0.4942,0.49375,0.4628,0.125,0
641703,R,L,10,92.14,-8.8,0.4646,0.36,0.5084000000000001,0.3,0.2
641703,R,R,11,92.44285714285714,34.857142857142854,0.18442857142857144,0.06363636363636363,0.24371428571428572,0,0
641729,R,L,2,103.8,-1,0.431,0.35,0.389,0,0
641729,R,R,9,94.44999999999999,21.666666666666668,0.441,0.3,0.43466666666666665,0,0
641745,R,L,24,92.95263157894738,3.4210526315789473,0.2979473684210526,0.2520833333333333,0.3593157894736842,0.041666666666666664,0.10526315789473684
641745,R,R,20,87.03750000000001,-2.875,0.364625,0.355,0.34575,0,0
641771,R,L,11,91.28999999999999,24.7,0.3154,0.08181818181818182,0.4575,0,0.2
641771,R,R,9,103.26,16,0.5476,0.5388888888888889,0.8364,0.4444444444444444,0.4
641778,L,L,2,86.8,20,0.551,0,0.562,0,0
641778,L,R,41,93.13703703703703,20.962962962962962,0.424962962962963,0.4378048780487805,0.5129259259259259,0.24390243902439024,0.1111111111111111
641816,R,L,5,78.025,13,0.352,0.18,0.35725,0,0
641816,R,R,15,91.81428571428572,-19.5,0.30242857142857144,0.31,0.2847142857142857,0.06666666666666667,0
641835,L,L,7,83.775,6.75,0.53,0.38571428571428573,0.49375,0,0
641835,L,R,7,90.1,9.666666666666666,0.433,0.4357142857142857,0.4988333333333333,0.14285714285714285,0.16666666666666666
641941,R,L,5,96.23333333333333,37,0.24766666666666667,0.39,0.38866666666666666,0.2,0.3333333333333333
641941,R,R,6,86.975,10.25,0.287,0.15,0.29075,0,0
642100,L,L,5,73.425,-6.75,0.128,0,0.12150000000000001,0,0
642100,L,R,9,92.14,1,0.3046,0.1388888888888889,0.28659999999999997,0.1111111111111111,0
642121,R,L,9,98.525,8,0.6355,0.47777777777777775,0.8305,0.3333333333333333,0.25
642121,R,R,9,85.14285714285714,27.428571428571427,0.24757142857142858,0.3,0.3728571428571429,0.3333333333333333,0.14285714285714285
642207,R,L,6,85.18,17,0.2178,0.15,0.20299999999999999,0,0
642207,R,R,1,93.6,5,0.503,0.9,0.503,0,0
642232,L,L,10,72.11666666666667,-11.166666666666666,0.2788333333333333,0.32,0.26666666666666666,0,0
642232,L,R,10,88.61111111111111,16.444444444444443,0.45822222222222225,0.27,0.4423333333333333,0,0.1111111111111111
642239,L,L,11,92.48333333333333,33.166666666666664,0.32016666666666665,0.3409090909090909,0.3353333333333333,0.09090909090909091,0
642239,L,R,7,84.2,4,0.2508,0.30714285714285716,0.24580000000000002,0.14285714285714285,0
642397,L,L,7,69.7,-43.5,0.1885,0.32857142857142857,0.17750000000000002,0,0
642397,L,R,9,84.58,31.2,0.3726,0.47777777777777775,0.46740000000000004,0.3333333333333333,0.2
642528,R,L,4,102.775,7.5,0.465,0.725,0.675,0.75,0.25
642528,R,R,9,81.68571428571428,-1.2857142857142858,0.13085714285714287,0.07777777777777778,0.16414285714285715,0,0
642545,R,L,7,77.2,18.666666666666668,0.3676666666666667,0.2571428571428572,0.3453333333333333,0,0
642545,R,R,12,86.075,7.625,0.320875,0.49583333333333335,0.388,0.5833333333333334,0.125
642546,R,L,6,81.4,-4.6,0.2238,0,0.3596,0,0.2
642546,R,R,8,94.875,8,0.39025,0.2875,0.63225,0.25,0.25
642547,R,L,14,86.77142857142857,10.428571428571429,0.2568571428571429,0.2785714285714286,0.244,0,0
642547,R,R,8,72.66,6.8,0.2042,0,0.2784,0,0.2
642585,R,L,9,92.6,27,0.2755,0.2777777777777778,0.263,0,0
642585,R,R,8,97.225,-4.25,0.3715,0.45,0.45325,0.375,0.25
642701,R,L,5,91.2,30.333333333333332,0.17466666666666666,0.13999999999999999,0.19799999999999998,0,0
642701,R,R,9,99.8,25.5,0.633,0.45555555555555555,0.823,0.3333333333333333,0.5
642758,R,L,12,89.60909090909091,23.09090909090909,0.5006363636363637,0.5541666666666667,0.5803636363636364,0.5,0.09090909090909091
642758,R,R,11,83.32857142857142,19,0.4307142857142857,0.5045454545454545,0.521,0.36363636363636365,0.2857142857142857
642770,R,L,6,77,22.666666666666668,0.19266666666666665,0.26666666666666666,0.17700000000000002,0,0
642770,R,R,13,92.1,17,0.3607777777777778,0.3,0.40655555555555556,0,0.1111111111111111
643256,R,L,10,90.55,31.5,0.06775,0.27999999999999997,0.1015,0,0
643256,R,R,9,95.2625,-0.375,0.36575,0.2222222222222222,0.526875,0.3333333333333333,0.125
643377,R,L,3,96.15,-16.5,0.15,0,0.135,0,0
643377,R,R,12,96.4125,-8.375,0.26475,0.20833333333333334,0.26587500000000003,0,0
643410,R,L,8,83.5,9.25,0.2765,0.0875,0.28400000000000003,0,0
643410,R,R,4,NA,NA,NA,0.35,NA,0,NA
643511,R,L,3,97.3,-2.5,0.2945,0,0.276,0,0
643511,R,R,7,87.54285714285714,5.714285714285714,0.362,0.1285714285714286,0.385,0,0
645261,R,L,29,87.07619047619048,8.333333333333334,0.24985714285714286,0.16551724137931034,0.2695714285714286,0,0.047619047619047616
645261,R,R,24,91.165,3.1,0.2934,0.17083333333333334,0.28505,0,0
647315,R,L,6,101.6,12,0.698,0.5416666666666666,1.014,0.6666666666666666,0.3333333333333333
647315,R,R,8,97.46666666666667,-6.833333333333333,0.16666666666666666,0.0875,0.15983333333333333,0,0
650556,R,L,13,87.8,-5.5,0.3125,0.27692307692307694,0.43516666666666665,0.23076923076923078,0.16666666666666666
650556,R,R,5,78.9,22,0.037,0.27999999999999997,0.0365,0,0
650633,R,L,16,82.44545454545454,1.0909090909090908,0.41345454545454546,0.446875,0.3900909090909091,0.0625,0
650633,R,R,10,82.86666666666667,21.166666666666668,0.4845,0.27,0.507,0,0
650644,R,L,25,94,21.047619047619047,0.38166666666666665,0.286,0.4785714285714286,0.12,0.14285714285714285
650644,R,R,25,86.4,1.368421052631579,0.2727894736842105,0.244,0.2571052631578947,0,0
650671,L,L,2,101.3,5,0.583,0.45,0.554,0,0
650671,L,R,9,79.98333333333333,16.333333333333332,0.38616666666666666,0.07777777777777778,0.43283333333333335,0,0
650895,R,L,4,94.73333333333333,25.333333333333332,0.3466666666666667,0.675,0.6789999999999999,0.75,0.3333333333333333
650895,R,R,9,84.06,0.4,0.1474,0.29444444444444445,0.1372,0.1111111111111111,0
656061,R,L,11,84.6,16.625,0.12625,0.17727272727272728,0.17475000000000002,0.09090909090909091,0
656061,R,R,5,92.85,-23.5,0.18150000000000002,0.32,0.165,0,0
656222,L,L,2,NA,NA,NA,0,NA,0,NA
656222,L,R,9,91.1375,1.25,0.289,0.5,0.32775,0.3333333333333333,0.125
656234,R,L,11,91.02222222222223,15.444444444444445,0.24711111111111111,0.4090909090909091,0.3367777777777778,0.45454545454545453,0.2222222222222222
656234,R,R,12,84.17777777777778,-6.444444444444445,0.2927777777777778,0.4166666666666667,0.2767777777777778,0,0
656271,L,L,8,95.24,2.2,0.241,0.3375,0.22999999999999998,0,0
656271,L,R,7,80.68333333333334,30.5,0.2195,0.2571428571428572,0.23583333333333334,0,0
656302,R,L,20,97.18333333333334,23.333333333333332,0.36416666666666664,0.22,0.3715,0,0
656302,R,R,24,88.98571428571428,10,0.28385714285714286,0.1875,0.3400714285714286,0.125,0.14285714285714285
656353,L,L,5,88.825,25.75,0.44075,0.18,0.4725,0,0
656353,L,R,9,90.7,6.666666666666667,0.5185,0.2777777777777778,0.4911666666666667,0,0
656427,R,L,22,86.6,25.454545454545453,0.1920909090909091,0.2727272727272727,0.22218181818181817,0,0.09090909090909091
656427,R,R,23,85.26153846153846,-8.615384615384615,0.2716923076923077,0.3217391304347826,0.2611538461538462,0,0
656464,R,L,7,95.54,13.4,0.4052,0.17857142857142858,0.6558,0.14285714285714285,0.2
656464,R,R,12,94.6625,15,0.436375,0.43333333333333335,0.535125,0.4166666666666667,0.125
656557,R,L,25,93.04444444444445,4.888888888888889,0.2862222222222222,0.41,0.36677777777777776,0.28,0.1111111111111111
656557,R,R,14,92.06666666666666,2.888888888888889,0.2131111111111111,0.11428571428571428,0.20955555555555555,0,0
656578,R,L,12,85.51,11.8,0.2986,0.32916666666666666,0.2824,0.08333333333333333,0
656578,R,R,9,92.7625,8.375,0.381375,0.3388888888888889,0.380125,0.1111111111111111,0
656605,R,L,27,82.05,-9.625,0.296625,0.2833333333333333,0.2828125,0.1111111111111111,0.0625
656605,R,R,22,82.66666666666667,9.25,0.32766666666666666,0.35,0.38775,0.13636363636363635,0.08333333333333333
656629,R,L,17,93.59,18.7,0.42369999999999997,0.55,0.6669,0.5882352941176471,0.4
656629,R,R,8,78.34285714285714,4.714285714285714,0.3758571428571429,0.725,0.5712857142857143,0.75,0.2857142857142857
656638,R,L,5,98.775,15.25,0.27849999999999997,0.32,0.331,0,0
656638,R,R,7,90.42857142857143,20.285714285714285,0.14285714285714285,0.30714285714285716,0.1452857142857143,0.14285714285714285,0
656716,R,L,2,84.1,-6.5,0.5655,1,1.0595,1.5,0.5
656716,R,R,4,92.025,21,0.41874999999999996,0.5375,0.40599999999999997,0.25,0
656731,R,L,18,90.74545454545455,14.090909090909092,0.36163636363636364,0.475,0.36863636363636365,0.16666666666666666,0
656731,R,R,27,87.735,9.2,0.2874,0.16666666666666666,0.3764,0.1111111111111111,0.15
656756,L,L,6,73.1,19.8,0.3692,0.3,0.341,0,0
656756,L,R,42,86.79642857142858,13.142857142857142,0.2800357142857143,0.225,0.3422857142857143,0.07142857142857142,0.14285714285714285
656818,R,L,11,90.4,16.333333333333332,0.35388888888888886,0.5227272727272727,0.43077777777777776,0.36363636363636365,0.2222222222222222
656818,R,R,10,91.13333333333333,13,0.38383333333333336,0.36,0.36583333333333334,0,0
656849,L,L,11,85.48333333333333,-12.166666666666666,0.40199999999999997,0.3227272727272727,0.37266666666666665,0.09090909090909091,0
656849,L,R,32,83.7095238095238,7.095238095238095,0.38247619047619047,0.4875,0.448952380952381,0.25,0.09523809523809523
656876,R,L,13,86.27777777777777,5.666666666666667,0.32655555555555554,0.13846153846153847,0.35977777777777775,0,0.1111111111111111
656876,R,R,7,79.775,0.5,0.15075,0,0.14625,0,0
656945,L,L,4,98.25,21.5,0.4615,0.6625,0.44799999999999995,0.25,0
656945,L,R,8,97.26,-3.4,0.3584,0.2875,0.3494,0,0
657006,L,L,11,93.58333333333333,8.166666666666666,0.3501666666666667,0.3409090909090909,0.34833333333333333,0.09090909090909091,0
657006,L,R,36,82.024,8.32,0.23944,0.1875,0.22912,0.027777777777777776,0
657024,R,L,7,98.275,3.75,0.385,0.2785714285714286,0.5167499999999999,0.14285714285714285,0.25
657024,R,R,9,89.88571428571429,25,0.26057142857142856,0.2,0.26771428571428574,0,0
657044,R,L,5,81.3,14,0.2135,0,0.3355,0,0.25
657044,R,R,5,86.15,20,0.13,0.27999999999999997,0.1545,0,0
657240,R,L,7,81.84,5.2,0.3438,0.5857142857142857,0.3364,0,0
657240,R,R,6,83.5,2.6,0.5324,0.45,0.612,0,0.2
657265,R,L,7,82.37142857142857,8.714285714285714,0.20785714285714285,0.1285714285714286,0.19485714285714287,0,0
657265,R,R,6,80.76,-13.2,0.2086,0,0.2054,0,0
657277,R,L,17,87.43846153846154,10.076923076923077,0.3282307692307692,0.2647058823529412,0.31176923076923074,0,0
657277,R,R,29,88.66,9.133333333333333,0.34726666666666667,0.39655172413793105,0.4508,0.27586206896551724,0.13333333333333333
657376,R,L,22,94.55384615384615,14.307692307692308,0.4452307692307692,0.5704545454545454,0.5592307692307692,0.4090909090909091,0.15384615384615385
657376,R,R,13,93.725,28.5,0.423,0.26153846153846155,0.574,0,0.25
657508,R,L,6,89.7,23,0.4055,0.4166666666666667,0.389,0,0
657508,R,R,11,88.4375,23.375,0.359,0.20909090909090908,0.376375,0,0
657571,L,L,6,92.02,-4.8,0.2544,0.26666666666666666,0.2406,0,0
657571,L,R,5,88.33333333333334,11.333333333333334,0.3496666666666667,0.32,0.32566666666666666,0,0
657612,L,L,6,85.675,-19.25,0.39125,0.5333333333333333,0.358,0,0
657612,L,R,12,85.98,-5,0.3105,0.4791666666666667,0.293,0.08333333333333333,0
657746,R,L,19,85.50769230769231,17.857142857142858,0.23753846153846153,0.18947368421052632,0.2895384615384615,0.15789473684210525,0.07692307692307693
657746,R,R,26,95.63846153846154,22.692307692307693,0.35,0.2826923076923077,0.40176923076923077,0.15384615384615385,0.07692307692307693
657756,R,L,9,86.2,29.857142857142858,0.4127142857142857,0.4777777777777778,0.41085714285714287,0.2222222222222222,0
657756,R,R,16,93.08,8.5,0.45589999999999997,0.38125,0.6015,0.3125,0.3
659275,R,L,11,90.91428571428571,-6.714285714285714,0.18871428571428572,0.3090909090909091,0.211,0,0
659275,R,R,6,98.63333333333334,12,0.7143333333333334,0.7416666666666667,0.7553333333333333,0.16666666666666666,0.3333333333333333
660261,R,L,16,88.91,22.7,0.1663,0.3875,0.1778,0,0
660261,R,R,20,92.16153846153846,21.692307692307693,0.31246153846153846,0.3475,0.39284615384615384,0.05,0.07692307692307693
660271,R,L,21,88.125,23,0.2961666666666667,0.2119047619047619,0.31075,0.047619047619047616,0
660271,R,R,27,88.21111111111111,26.11111111111111,0.2041111111111111,0.24814814814814815,0.19111111111111112,0,0
660593,R,L,2,93.7,18,0.509,0,0.486,0,0
660593,R,R,3,80.16666666666667,11.666666666666666,0.3893333333333333,0.3,0.373,0,0
660761,L,L,2,91,34,0.2785,0,0.2525,0,0
660761,L,R,20,92.48125,11.375,0.485,0.5675,0.6190625,0.45,0.1875
660813,R,L,10,68.76666666666667,0.3333333333333333,0.31577777777777777,0.34,0.29744444444444446,0.2,0
660813,R,R,7,97.38333333333334,16.5,0.3485,0.4857142857142857,0.44166666666666665,0.2857142857142857,0.16666666666666666
660853,R,L,10,86.15555555555555,21.22222222222222,0.3042222222222222,0.215,0.3418888888888889,0.1,0.1111111111111111
660853,R,R,9,70.55,24.5,0.3185,0.3333333333333333,0.324,0,0
660896,R,L,2,99.05,-5.5,0.34099999999999997,0.45,0.3295,0,0
660896,R,R,8,89.03333333333333,-1.75,0.20366666666666666,0.24375,0.2623333333333333,0.125,0
661309,R,L,7,86.64999999999999,14.166666666666666,0.2896666666666667,0.35714285714285715,0.2693333333333333,0,0
661309,R,R,14,80.4,-2.9,0.2265,0.22857142857142856,0.2582,0,0.1
661395,R,L,4,NA,NA,NA,0.35,NA,0,NA
661395,R,R,5,87.4,-4,0.06666666666666667,0,0.07466666666666667,0,0
661403,R,L,8,86.91666666666667,3.1666666666666665,0.4053333333333333,0.45,0.5468333333333333,0.375,0.16666666666666666
661403,R,R,8,85.66666666666667,-2.6666666666666665,0.12833333333333333,0.175,0.12566666666666668,0,0
661527,R,L,7,81.65,18.666666666666668,0.3185,0.6428571428571429,0.35533333333333333,0.42857142857142855,0.16666666666666666
661527,R,R,19,86.96875,-2.75,0.4059375,0.4052631578947368,0.49325,0.21052631578947367,0.1875
662253,R,L,8,90.07142857142857,8.142857142857142,0.271,0.26875,0.351,0.125,0.14285714285714285
662253,R,R,7,76.8,-27.5,0.2735,0.35714285714285715,0.24775,0,0
663372,R,L,10,81.5,17.5,0.33,0.425,0.4335,0.1,0
663372,R,R,12,92.61666666666667,23.166666666666668,0.409,0.35833333333333334,0.5425,0.25,0.16666666666666666
663460,L,L,4,97.5,25.5,0.434,0.225,0.4305,0,0
663460,L,R,18,93.74,4.066666666666666,0.37779999999999997,0.35833333333333334,0.405,0.05555555555555555,0.06666666666666667
663485,R,L,3,93.5,24.5,0.312,0.3,0.2805,0,0
663485,R,R,7,96.9,0.42857142857142855,0.39157142857142857,0.5142857142857143,0.381,0,0.14285714285714285
663546,R,L,8,97.53999999999999,4.8,0.3932,0.425,0.4248,0,0
663546,R,R,12,81.8,-8.666666666666666,0.37616666666666665,0.325,0.3545,0,0
663556,L,L,7,84.14,13.4,0.3488,0.4357142857142857,0.4586,0.14285714285714285,0.2
663556,L,R,41,90.168,6.72,0.29324,0.23414634146341462,0.291,0.04878048780487805,0.04
663558,L,L,5,98.6,49,0.009,0.13999999999999999,0.014,0,0
663558,L,R,9,86.525,9.25,0.431125,0.7444444444444445,0.541125,0.6666666666666666,0.25
663559,L,L,8,86.93333333333334,10,0.30533333333333335,0.225,0.3403333333333333,0,0.16666666666666666
663559,L,R,32,89.625,7.241379310344827,0.32221428571428573,0.321875,0.36925,0.1875,0.07142857142857142
663658,R,L,7,82.34,14.6,0.5092,0.38571428571428573,0.6862,0.42857142857142855,0.2
663658,R,R,10,98.86,12.6,0.5322,0.25,0.6924,0,0.2
663765,R,L,9,91.775,17.125,0.2515,0.4222222222222222,0.275,0.3333333333333333,0
663765,R,R,13,94.2875,6.125,0.467125,0.6346153846153846,0.776125,0.5384615384615384,0.375
663776,L,L,6,75.1,21.5,0.36425,0.3833333333333333,0.33349999999999996,0,0
663776,L,R,39,88.43939393939394,8.333333333333334,0.3005625,0.2576923076923077,0.34575,0.10256410256410256,0.12121212121212122
663855,R,L,11,83.25,6.5,0.46775,0.45,0.45349999999999996,0.09090909090909091,0
663855,R,R,16,84.3,-7.083333333333333,0.47283333333333333,0.5375,0.52225,0.3125,0.08333333333333333
663903,R,L,27,95.585,10.55,0.4022,0.25925925925925924,0.51145,0.1111111111111111,0.15
663903,R,R,17,92.02857142857142,-2.7142857142857144,0.44085714285714284,0.38823529411764707,0.44364285714285717,0.23529411764705882,0.07142857142857142
663986,R,L,8,76.58,10,0.31320000000000003,0.03125,0.40700000000000003,0,0.2
663986,R,R,10,82.52857142857142,15.428571428571429,0.2562857142857143,0.41,0.2844285714285714,0.2,0.14285714285714285
664076,L,L,4,102.7,-10,0.277,0.4,0.254,0,0
664076,L,R,7,82.61428571428571,7.571428571428571,0.12071428571428572,0.1285714285714286,0.11885714285714286,0,0
664126,R,L,3,96.56666666666666,16,0.18333333333333332,0.3,0.16466666666666668,0,0
664126,R,R,4,88.475,19,0.06775,0,0.06125,0,0
664139,R,L,8,83.78333333333333,20,0.1435,0.3125,0.13383333333333333,0,0
664139,R,R,6,82.6,35,0.091,0.11666666666666665,0.101,0,0
664199,R,L,10,93.58,7.4,0.4218,0.305,0.45999999999999996,0.1,0.2
664199,R,R,14,91.77,9.2,0.4087,0.5285714285714286,0.5002,0.42857142857142855,0.2
664208,R,L,9,79.2,7.6,0.2012,0.21666666666666667,0.1902,0.1111111111111111,0
664208,R,R,8,83.64,30,0.18739999999999998,0.175,0.2446,0,0.2
664285,L,L,5,87.60000000000001,-6.75,0.331,0.54,0.31425,0,0
664285,L,R,45,93.36,-0.06666666666666667,0.3378,0.26666666666666666,0.3470666666666667,0.044444444444444446,0.06666666666666667
664294,R,L,6,96.23333333333333,38.333333333333336,0.365,0.325,0.4663333333333333,0.16666666666666666,0.3333333333333333
664294,R,R,12,90.125,25.25,0.043,0.175,0.04425,0,0
664299,R,L,25,82.275,14.619047619047619,0.30755,0.28,0.31505,0.08,0.05
664299,R,R,21,90.47692307692307,13.615384615384615,0.3464615384615385,0.3238095238095238,0.35646153846153844,0.09523809523809523,0
664353,R,L,11,86.62857142857143,11.428571428571429,0.20857142857142857,0.4090909090909091,0.21885714285714286,0.2727272727272727,0
664353,R,R,33,84.28333333333333,13.833333333333334,0.35433333333333333,0.36515151515151517,0.39095833333333335,0.12121212121212122,0.08333333333333333
664747,R,L,6,92.8,19.333333333333332,0.302,0.15,0.35933333333333334,0,0.3333333333333333
664747,R,R,6,86.6,6,0.411,0.26666666666666666,0.375,0,0
664849,L,L,3,101.6,12.5,0.44299999999999995,0.7166666666666667,0.453,0.3333333333333333,0
664849,L,R,3,83.95,32.5,0.33,0,0.3075,0,0
664854,R,L,5,92.42,11.2,0.11560000000000001,0.36,0.1312,0,0
664854,R,R,8,76.26,0,0.355,0.3125,0.3438,0,0
664875,R,L,5,93.83333333333333,-0.6666666666666666,0.33399999999999996,0.5,0.31733333333333336,0,0
664875,R,R,7,72.43333333333334,-1,0.17233333333333334,0,0.157,0,0
665048,R,L,2,99.3,28,0.517,0,0.919,0,1
665048,R,R,4,83.85,15.5,0.4,0.4,0.36,0,0
665152,R,L,16,97.65833333333333,12.833333333333334,0.4405833333333333,0.51875,0.6081666666666666,0.375,0.16666666666666666
665152,R,R,21,88.87142857142857,13.285714285714286,0.33885714285714286,0.4166666666666667,0.44042857142857145,0.2857142857142857,0.14285714285714285
665665,L,L,7,84.96,-9,0.14279999999999998,0.22857142857142856,0.135,0,0
665665,L,R,8,102.78,10.2,0.5804,0.675,0.7278,0.375,0.2
665795,R,L,24,85.99166666666666,7.75,0.23541666666666666,0.24166666666666664,0.22975,0,0
665795,R,R,11,95.95,9.5,0.21875,0.4954545454545454,0.265,0.09090909090909091,0
665871,R,L,3,88.2,-2,0.257,0.5333333333333333,0.244,0,0
665871,R,R,4,77.73333333333333,-7.666666666666667,0.281,0.225,0.31066666666666665,0,0
666129,L,L,6,76.18333333333334,-2,0.2753333333333333,0.15,0.26166666666666666,0,0
666129,L,R,9,92.75,28,0.5215,0.7,0.62525,0.5555555555555556,0.25
666142,L,L,9,99.68,-7.6,0.2652,0.4722222222222222,0.3078,0.1111111111111111,0
666142,L,R,5,87.3,37,0.011,0,0.013,0,0
666157,L,L,11,77.15,-9.833333333333334,0.3228333333333333,0.24545454545454545,0.31433333333333335,0,0
666157,L,R,39,87.265,8,0.2845,0.2794871794871795,0.3146,0.05128205128205128,0.1
666159,R,L,6,89.8,25.5,0.4115,0.6,0.58775,0.5,0.25
666159,R,R,17,87.93076923076923,4.769230769230769,0.23492307692307693,0.2529411764705882,0.2306153846153846,0,0
666168,R,L,11,82.9125,12.625,0.28775,0.18181818181818182,0.33737500000000004,0.2727272727272727,0.125
666168,R,R,16,82.58333333333333,11.916666666666666,0.20908333333333334,0.1125,0.22116666666666668,0,0
666200,L,L,8,86.88,-6.4,0.2806,0.2,0.26680000000000004,0,0
666200,L,R,40,84.70869565217392,17.52173913043478,0.23304347826086957,0.23625,0.275304347826087,0.025,0.08695652173913043
666201,R,L,27,91.72777777777777,4,0.41633333333333333,0.37037037037037035,0.5151111111111111,0.1111111111111111,0.16666666666666666
666201,R,R,20,86.83571428571429,25.214285714285715,0.2645,0.305,0.3404285714285714,0.15,0.07142857142857142
666204,R,L,3,86.5,54.5,0.003,0.2333333333333333,0.003,0,0
666204,R,R,7,82.6,43.5,0.06974999999999999,0.09999999999999999,0.09475,0,0
666205,L,L,8,86.64999999999999,-13.25,0.295,0.4,0.27225,0,0
666205,L,R,36,90.48571428571428,8.178571428571429,0.33382142857142855,0.21388888888888888,0.3582142857142857,0,0.03571428571428571
666214,L,L,3,89.65,25.5,0.487,0.65,0.4655,0.3333333333333333,0
666214,L,R,28,89.15714285714286,18.904761904761905,0.2347142857142857,0.28035714285714286,0.2846666666666667,0.14285714285714285,0.047619047619047616
666374,R,L,9,94.06666666666666,11.833333333333334,0.3373333333333333,0.2777777777777778,0.3305,0,0
666374,R,R,10,87.66666666666667,21.666666666666668,0.097,0.285,0.096,0.1,0
666619,R,L,9,99.58333333333333,2.3333333333333335,0.366,0.3,0.34450000000000003,0,0
666619,R,R,12,90.86666666666667,0.2222222222222222,0.37677777777777777,0.5208333333333334,0.35655555555555557,0.08333333333333333,0
666745,R,L,26,82.825,5.125,0.31956249999999997,0.18461538461538463,0.421375,0,0.125
666745,R,R,11,90.1375,14.625,0.3615,0.16363636363636364,0.388,0,0.125
666808,R,L,7,94.36666666666667,14.333333333333334,0.31533333333333335,0.2785714285714286,0.313,0.14285714285714285,0
666808,R,R,6,100.82000000000001,6.2,0.3296,0.4166666666666667,0.3022,0,0
666818,R,L,3,96.9,3.5,0.526,0.4166666666666667,0.9585,0.3333333333333333,0.5
666818,R,R,3,94.25,1,0.41000000000000003,0.3,0.3845,0,0
667427,R,L,6,77.65,4.5,0.2745,0.15,0.2635,0,0
667427,R,R,9,88.5,45,0.29075,0.3333333333333333,0.36724999999999997,0,0
668665,R,L,4,78.35,-14,0.10400000000000001,0.35,0.1005,0,0
668665,R,R,4,82.96666666666667,17.333333333333332,0.329,0.225,0.319,0,0
668676,R,L,7,95.95,17.5,0.4618333333333333,0.9,0.5091666666666667,0.42857142857142855,0.16666666666666666
668676,R,R,4,90.03333333333333,26.666666666666668,0.41433333333333333,0.5375,0.39499999999999996,0.25,0
668678,R,L,25,88.28888888888889,14.055555555555555,0.29533333333333334,0.2,0.31905555555555554,0.08,0
668678,R,R,23,88.80588235294118,20.41176470588235,0.36458823529411766,0.5695652173913044,0.3928235294117647,0.34782608695652173,0.11764705882352941
668868,L,L,6,102.58,-0.8,0.39540000000000003,0.3,0.392,0,0
668868,L,R,11,82.225,-19.75,0.30625,0.20909090909090908,0.28125,0,0
668881,R,L,23,89.42307692307692,24.53846153846154,0.32815384615384613,0.4043478260869565,0.4136153846153846,0.21739130434782608,0.07692307692307693
668881,R,R,17,94.7625,26.875,0.407875,0.3764705882352941,0.440875,0.11764705882352941,0
668933,R,L,15,85.03999999999999,7.3,0.2673,0.13333333333333333,0.4121,0.2,0.2
668933,R,R,11,88.62222222222222,21,0.3091111111111111,0.3409090909090909,0.2972222222222222,0.09090909090909091,0
669022,L,L,11,88.8,25.6,0.6108,0.4727272727272727,0.7836,0.2727272727272727,0.2
669022,L,R,34,87.55714285714286,0.5454545454545454,0.2689047619047619,0.21470588235294116,0.2714285714285714,0,0
669060,R,L,10,90.94,13.8,0.5692,0.3,0.535,0,0
669060,R,R,6,78.875,26,0.10250000000000001,0.11666666666666665,0.09375,0,0
669160,R,L,30,90.21428571428572,15.666666666666666,0.32395238095238094,0.18333333333333332,0.3329047619047619,0.06666666666666667,0
669160,R,R,17,85.34285714285714,13.357142857142858,0.2604285714285714,0.10588235294117647,0.2782857142857143,0,0.07142857142857142
669194,R,L,13,97.5,13.875,0.557625,0.55,0.63925,0.3076923076923077,0.125
669194,R,R,10,76.35555555555555,13.444444444444445,0.11744444444444445,0.215,0.11622222222222223,0.1,0
669203,R,L,25,86.67777777777778,-4.666666666666667,0.22244444444444444,0.284,0.21383333333333335,0.08,0
669203,R,R,21,91.77333333333333,8.933333333333334,0.37653333333333333,0.5642857142857143,0.4882666666666667,0.3333333333333333,0.2
669211,L,L,8,87.725,10,0.279625,0.38125,0.28025,0.125,0
669211,L,R,8,94.16,42.8,0.3756,0.26875,0.5668000000000001,0.125,0.4
669212,R,L,12,81.91666666666666,15.333333333333334,0.2005,0.05833333333333333,0.18766666666666668,0,0
669212,R,R,11,90.08571428571429,11.428571428571429,0.40042857142857147,0.39090909090909093,0.5207142857142857,0.18181818181818182,0.2857142857142857
669270,R,L,5,85.78,-0.2,0.3876,0.79,0.3858,0.2,0
669270,R,R,6,83.82,-14,0.2864,0.325,0.2688,0.16666666666666666,0
669276,L,L,7,83.975,33.5,0.2675,0.22857142857142856,0.257,0,0
669276,L,R,6,88.14,15.2,0.1752,0.11666666666666665,0.191,0,0
669302,R,L,25,87.54375,15.625,0.3281875,0.352,0.3706875,0.12,0.0625
669302,R,R,17,85.42,-12.7,0.2898,0.2,0.2708,0,0
669330,R,L,8,81.47142857142858,5,0.15471428571428572,0.1125,0.1512857142857143,0,0
669330,R,R,8,93.85714285714286,31.285714285714285,0.21357142857142858,0,0.247,0,0
669395,R,L,7,91.275,14.5,0.62575,0.6428571428571429,0.8175,0.42857142857142855,0.25
669395,R,R,14,88.7,18.6,0.3052,0.22857142857142856,0.3167,0,0.1
669424,R,L,9,87.8,38.42857142857143,0.18142857142857144,0.35555555555555557,0.18385714285714286,0.2222222222222222,0
669424,R,R,8,89.225,35.75,0.18375,0.175,0.17200000000000001,0,0
669432,L,L,7,86.67999999999999,-1,0.1852,0.32857142857142857,0.18359999999999999,0,0
669432,L,R,36,84.44545454545454,4.409090909090909,0.32131818181818184,0.35833333333333334,0.40495454545454546,0.16666666666666666,0.09090909090909091
669438,R,L,8,95.57142857142857,8.285714285714286,0.43457142857142855,0.40625,0.5582857142857143,0.5,0.14285714285714285
669438,R,R,12,87.41818181818182,7.454545454545454,0.2609090909090909,0.20833333333333334,0.26481818181818184,0,0
669456,R,L,23,92.9875,11.8125,0.2995625,0.21739130434782608,0.28775,0,0
669456,R,R,23,87.95263157894736,11.368421052631579,0.29710526315789476,0.24130434782608695,0.3456315789473684,0.13043478260869565,0.10526315789473684
669459,L,L,9,91.275,29.5,0.59875,0.5777777777777777,0.6965,0.3333333333333333,0.25
669459,L,R,9,97.51666666666667,1.3333333333333333,0.2505,0.1388888888888889,0.269,0.1111111111111111,0
669467,R,L,11,81.39,-12.9,0.324,0.2772727272727273,0.3018,0.09090909090909091,0
669467,R,R,8,84.14999999999999,-29.333333333333332,0.3353333333333333,0.425,0.3175,0,0
669713,R,L,9,83.91666666666667,13.5,0.4731666666666667,0.6722222222222223,0.6988333333333333,0.6666666666666666,0.16666666666666666
669713,R,R,11,80.5,21.375,0.21412499999999998,0.3227272727272727,0.23225,0.09090909090909091,0
669796,L,L,2,73.65,38,0.08700000000000001,0,0.089,0,0
669796,L,R,9,95.73333333333333,8.833333333333334,0.41783333333333333,0.1,0.39766666666666667,0,0
669854,R,L,6,87.3,9.5,0.16599999999999998,0.26666666666666666,0.1555,0,0
669854,R,R,13,90.25,18,0.482125,0.4,0.619625,0.23076923076923078,0.25
669923,R,L,8,101.77142857142857,5.285714285714286,0.6135714285714285,0.74375,0.7538571428571429,0.5,0.14285714285714285
669923,R,R,15,88.14444444444445,20.88888888888889,0.3953333333333333,0.3333333333333333,0.4136666666666667,0,0
669947,R,L,7,98.75,2,0.2145,0.19999999999999998,0.2575,0,0
669947,R,R,7,79.8,15.5,0.41750000000000004,0.4357142857142857,0.4335,0.14285714285714285,0.16666666666666666
670036,R,L,7,93.33333333333333,19.666666666666668,0.3153333333333333,0.3,0.41,0,0.3333333333333333
670036,R,R,12,100.56,11.4,0.4732,0.5208333333333334,0.67,0.3333333333333333,0.2
670059,R,L,6,88.28,11.2,0.303,0.15,0.3522,0,0
670059,R,R,5,94.875,-15.5,0.2415,0.32,0.22825,0,0
670124,R,L,11,95.17142857142858,14,0.38657142857142857,0.4727272727272727,0.6044285714285714,0.2727272727272727,0.2857142857142857
670124,R,R,32,90.328,17.96,0.268,0.2796875,0.29584,0.125,0.04
670167,R,L,11,91.04,1.2,0.251,0.3045454545454545,0.253,0.09090909090909091,0
670167,R,R,7,68.075,-6,0.25,0.5357142857142857,0.26075000000000004,0.14285714285714285,0
670174,R,L,14,85.38181818181818,9,0.3360909090909091,0.1285714285714286,0.3683636363636364,0,0.09090909090909091
670174,R,R,10,89.05,5.333333333333333,0.18,0.375,0.18233333333333335,0.1,0
670280,R,L,6,73.45,-3.5,0.07125000000000001,0.3,0.06525,0,0
670280,R,R,6,91.5,23,0.17333333333333334,0.20833333333333334,0.204,0.16666666666666666,0
670810,R,L,4,99.73333333333333,6.333333333333333,0.38766666666666666,0.4875,0.398,0.25,0
670810,R,R,6,68.85,-16,0.079,0.2333333333333333,0.07100000000000001,0,0
670912,R,L,11,96.95,11.625,0.392875,0.6272727272727273,0.6555,0.8181818181818182,0.25
670912,R,R,13,80.21111111111111,-0.4444444444444444,0.21255555555555555,0.39615384615384613,0.2338888888888889,0.07692307692307693,0
670950,R,L,9,79.9,9,0.1405,0.17777777777777778,0.187,0,0
670950,R,R,8,88.26666666666667,15,0.31533333333333335,0.80625,0.4028333333333333,0.5,0
671345,R,L,3,83.2,3,0.303,0.5333333333333333,0.301,0,0
671345,R,R,10,88.0125,-1.625,0.223875,0.41,0.207625,0,0
672282,L,L,2,103.8,18,0.489,0.625,0.602,0.5,0
672282,L,R,20,91.24545454545455,18.363636363636363,0.2999090909090909,0.32,0.3150909090909091,0.1,0
672335,L,L,8,90.3,0,0.2482,0.15625,0.2646,0.125,0
672335,L,R,12,96.22,12,0.4627,0.5375,0.4697,0.25,0.1
672391,R,L,18,91.00769230769231,27.23076923076923,0.2413846153846154,0.4083333333333333,0.25115384615384617,0.16666666666666666,0
672391,R,R,9,78.925,9,0.239875,0.3666666666666667,0.2445,0.1111111111111111,0
672578,R,L,3,95.16666666666667,13.666666666666666,0.459,1.2666666666666666,0.5643333333333334,1,0
672578,R,R,9,86,24.142857142857142,0.15471428571428572,0,0.2082857142857143,0,0
672710,R,L,13,91.15384615384616,0.6153846153846154,0.3098461538461538,0.23461538461538461,0.3239230769230769,0.07692307692307693,0.07692307692307693
672710,R,R,9,85.71666666666667,23,0.2513333333333333,0.17777777777777778,0.23216666666666666,0,0
672841,R,L,5,89.2,-17.5,0.48150000000000004,0.45999999999999996,0.4475,0,0
672841,R,R,10,100.8,20.333333333333332,0.5476666666666666,0.43,0.8653333333333334,0.3,0.3333333333333333
673540,R,L,16,92.84444444444445,9.88888888888889,0.45366666666666666,0.38125,0.5514444444444444,0.1875,0.1111111111111111
673540,R,R,29,93,1.5625,0.24025,0.1706896551724138,0.2691875,0.034482758620689655,0
675540,R,L,10,86.41428571428571,13,0.207,0.285,0.263,0.1,0
675540,R,R,12,89.34,37.5,0.2636,0.225,0.3226,0.25,0.1
675627,R,L,9,86.62,29.2,0.0954,0.15555555555555556,0.1258,0,0
675627,R,R,7,80.74,25,0.1014,0.30714285714285716,0.094,0.14285714285714285,0
675911,R,L,28,89.83333333333334,13.083333333333334,0.3695,0.2357142857142857,0.467,0.10714285714285714,0.08333333333333333
675911,R,R,17,89.63333333333334,17.666666666666668,0.44566666666666666,0.3352941176470588,0.44066666666666665,0.11764705882352941,0.1111111111111111
675916,R,L,8,90.35,17.5,0.679,0.61875,0.645,0.125,0
675916,R,R,8,70.34,20,0.1548,0.25,0.1792,0.375,0
676050,L,L,6,99.69999999999999,-0.5,0.43000000000000005,0.11666666666666665,0.39049999999999996,0,0
676050,L,R,11,89.2,1.1111111111111112,0.2554444444444445,0.19545454545454546,0.3204444444444445,0.09090909090909091,0.1111111111111111
676534,R,L,9,91.8,21,0.377875,0.4,0.529625,0.3333333333333333,0.25
676534,R,R,11,84.77142857142857,7.428571428571429,0.37742857142857145,0.32727272727272727,0.521,0.2727272727272727,0.14285714285714285
676596,L,L,4,90.39999999999999,-4.666666666666667,0.49233333333333335,0.5375,0.45333333333333337,0.25,0
676596,L,R,15,94.16923076923077,10.23076923076923,0.4829230769230769,0.55,0.4796923076923077,0.06666666666666667,0.07692307692307693
676664,L,L,7,81.94285714285715,22.571428571428573,0.2902857142857143,0.5142857142857143,0.2824285714285714,0,0
676664,L,R,14,92.025,18.75,0.42925,0.46071428571428574,0.570125,0.42857142857142855,0.25
676710,R,L,18,87.22,22.1,0.41109999999999997,0.5194444444444445,0.6022,0.3888888888888889,0.4
676710,R,R,4,91.825,18.5,0.48725,0.725,0.6695,0.75,0.25
676760,R,L,11,87.25,33,0.25375000000000003,0.14545454545454545,0.24375,0,0
676760,R,R,5,90.3,5,0.426,0.13999999999999999,0.383,0,0
677053,L,L,8,83.46666666666667,26.333333333333332,0.21783333333333332,0.40625,0.3305,0.5,0.16666666666666666
677053,L,R,11,85.9875,8.125,0.35475,0.3409090909090909,0.330625,0.09090909090909091,0
677161,R,L,17,89.71111111111111,17.444444444444443,0.2697777777777778,0.31176470588235294,0.3138888888888889,0.11764705882352941,0.1111111111111111
677161,R,R,11,99.9625,-3.375,0.26257142857142857,0.38636363636363635,0.2452857142857143,0.09090909090909091,0
677651,R,L,15,88.22727272727273,15.545454545454545,0.3689090909090909,0.57,0.3512727272727273,0.2,0
677651,R,R,30,90.04,15.9,0.4428,0.37666666666666665,0.5642,0.26666666666666666,0.2
677960,L,L,4,89.13333333333334,37.666666666666664,0.241,0.225,0.267,0,0
677960,L,R,16,90.7,18.46153846153846,0.32792307692307693,0.290625,0.3097692307692308,0.0625,0
680570,R,L,9,94.36666666666667,-1.3333333333333333,0.41533333333333333,0.1,0.3903333333333333,0,0
680570,R,R,11,77.25,-7.125,0.410625,0.3409090909090909,0.389625,0.09090909090909091,0
680686,R,L,19,82.425,9.25,0.23825,0.4052631578947368,0.29341666666666666,0.15789473684210525,0.08333333333333333
680686,R,R,30,82.30416666666666,9.5,0.32104166666666667,0.39666666666666667,0.3665,0.26666666666666666,0.08333333333333333
680694,R,L,4,95.05,-8,0.3015,0.175,0.28400000000000003,0,0
680694,R,R,3,92.85,-16.5,0.15999999999999998,0.3,0.15400000000000003,0,0
680704,R,L,5,102.225,13.25,0.4145,0.4,0.627,0.6,0.25
680704,R,R,12,93.98,19.3,0.32180000000000003,0.2708333333333333,0.5650999999999999,0.3333333333333333,0.3
681402,R,L,8,92.1,-0.3333333333333333,0.34833333333333333,0.2875,0.3283333333333333,0,0
681402,R,R,13,92.08333333333333,5.916666666666667,0.3289166666666667,0.3038461538461539,0.3445,0.07692307692307693,0.08333333333333333
681806,R,L,5,98.7,43,0.046,0,0.074,0,0
681806,R,R,7,79.73333333333333,-2.3333333333333335,0.20283333333333334,0,0.226,0,0
681911,L,L,8,87.34285714285714,16.142857142857142,0.43514285714285716,0.5375,0.4205714285714286,0.25,0
681911,L,R,9,93.0875,14.875,0.40175,0.6,0.511375,0.5555555555555556,0.25
682051,R,L,12,88.975,19.875,0.1275,0.4458333333333333,0.20500000000000002,0.3333333333333333,0.125
682051,R,R,19,89.01666666666667,15.583333333333334,0.29383333333333334,0.35,0.37124999999999997,0.21052631578947367,0.08333333333333333
682120,L,L,9,93,21.666666666666668,0.46266666666666667,0.17777777777777778,0.8473333333333334,0,0.3333333333333333
682120,L,R,9,98.53333333333333,26,0.537,0.47777777777777775,0.6970000000000001,0.3333333333333333,0
682171,R,L,8,77.44,22.4,0.2424,0.175,0.235,0,0
682171,R,R,8,88.31666666666666,15.333333333333334,0.2095,0.1125,0.2035,0,0
683769,R,L,20,84.22727272727273,20,0.30972727272727274,0.31,0.33145454545454545,0.1,0.09090909090909091
683769,R,R,19,82.1,31.625,0.1436875,0.17894736842105263,0.166125,0.10526315789473684,0
686610,L,L,3,107,22.5,0.744,0.6666666666666666,1.314,1,0.5
686610,L,R,44,83.98787878787878,11.818181818181818,0.34136363636363637,0.5647727272727273,0.44933333333333336,0.4318181818181818,0.12121212121212122
686613,R,L,14,81.58333333333334,36,0.26,0.21428571428571427,0.3418333333333333,0,0.16666666666666666
686613,R,R,9,91.75,-7.25,0.496625,0.5,0.50325,0,0
686753,R,L,14,97.55833333333334,17.333333333333332,0.44475,0.3464285714285714,0.58125,0.2857142857142857,0.16666666666666666
686753,R,R,21,88.02222222222223,13.555555555555555,0.23299999999999998,0.2714285714285714,0.31,0.14285714285714285,0.1111111111111111
687330,R,L,11,78.41428571428571,27.428571428571427,0.4461428571428571,0.37272727272727274,0.5268571428571429,0.18181818181818182,0.14285714285714285
687330,R,R,14,79.47272727272727,21.272727272727273,0.2550909090909091,0.2571428571428572,0.2431818181818182,0,0
689167,R,L,8,90.7,17.75,0.192125,0.3125,0.201125,0.25,0
689167,R,R,13,92.53,32.5,0.2106,0.3269230769230769,0.2797,0.07692307692307693,0.1
689266,L,R,19,94.6625,15.25,0.365875,0.3026315789473684,0.350375,0.05263157894736842,0.0625
693821,R,L,12,97.7875,10.5,0.4555,0.2375,0.543,0.08333333333333333,0.125
693821,R,R,10,86.525,14.5,0.19925,0.21,0.2165,0,0
694363,L,L,12,83.8375,6.5,0.44125000000000003,0.20833333333333334,0.5305,0,0.125
694363,L,R,33,91.97391304347826,21.08695652173913,0.3179130434782609,0.47424242424242424,0.35208695652173916,0.09090909090909091,0.08695652173913043
